7.63718765124377 5.48455919990816 8.88472321729993 10.5878610835031 10.7596732866302 6.63415194304192 10.6612119791581 8.37211973205003 6.70438255751958 7.12551735162909 8.57786587886894 8.06189625326158 9.42880344103767 12.2961374775235 8.76046985101531 8.5304806712152 8.12506641856489 7.1528388092269 11.2262947377584 10.7961337860988 10.0419793517457 11.0375208990106 6.60687607176213 9.48347147076782 10.3242467823048 12.4029543974317 7.07860326906737 9.58915061939988 8.10864635847085 9.45240116671942 8.95436108116696 9.95964263044694 10.3477082831759 10.4346337501825 9.19503257078068 9.82073424980876 6.72940532273552 7.23994861537427 7.53970894026445 7.60914075666509 6.36845252473895 6.93448704683472 7.31355011542847 8.70984992594867 11.2954484840363 9.6325140449692 12.3588398801142 8.81257736000673 11.2897569860488 11.9122870602984 8.63741575751514 9.6390253143369 9.4926481225085 9.84228672955408 9.36077834868056 10.3030187060143 4.62168592496983 6.70075689654541 4.67678971101757 7.38197107730892 6.86243271533194 11.6580510274733 7.92316246965652 9.32580334764369 6.1352678259584 6.61235330645842 7.20814972328063 6.63271972385531 8.66105765493985 7.48872104110077 7.79395091351812 6.68943174692507 9.23272158368203 6.61298026980759 6.70591613987654 9.05007481192802 10.4259244069538 7.33822330532715 10.81645379178 6.81425177094519 6.5498319249121
8.15403725517566 7.73946805091299 8.48806111760963 9.38239391763772 7.92341220239709 5.42687006631505 8.66521622192096 6.37874904086071 5.74773556319421 12.0145510118081 11.4960577138698 7.54675371184877 6.69153719296734 11.5730343781296 4.40156432915172 7.7769371786681 5.99332505703354 8.86655210982803 8.46761105363856 11.4809028351901 11.8787616987057 6.37319117449547 9.65795723732422 7.38545894535814 8.3146602456442 7.20747675836244 11.1331804900695 12.3376724724948 9.44396223528157 12.5016705895956 9.46107780407963 10.5569875604139 10.4531084557269 11.9900821035054 13.5595396526463 6.1447992137967 13.6231251183256 7.2595443731868 12.4622057841534 8.49997669352403 6.93104185747052 14.171677325167 7.850401398458 13.5935650252348 6.13067037293701 12.8755856892644 9.83877174408304 6.52360478807963 8.80463254960386 8.50078277198738 9.74484386550033 4.62899694256725 11.4882079519674 7.82731296328482 7.56816653967949 5.01338670748566 6.17656222315471 8.3209630957751 11.2536418353923 7.07269795218679 6.77341355545634 10.6315110719795 9.93160005478432 9.03755861726594 9.87374089443239 6.08721846810514 6.93504533039862 9.04770782674951 7.92772688691583 7.59384107236266 9.1611081737819 11.5142664053362 7.80618954401028 4.87065765707972 4.71135407366319 9.05346366184946 10.520660706255 8.94828614157599 10.658232954358 7.44129654918719 8.05781781066029
8.63014203851784 8.10654454935563 11.0276540700375 12.4313956244558 5.35143863639686 8.99513852769556 8.51865226272226 9.46461309308333 10.6915900976249 9.81038130987015 8.14626480354927 10.0555966059406 10.7917567258723 10.4588771305289 4.41220450139903 10.9725553399559 7.85800020905783 9.38556841818999 8.39766722189481 11.7088838006701 9.25043929396991 9.18024315362994 8.31861724484105 10.1315437925227 9.60013529405754 12.1055895611515 10.6820602166729 9.30401200766165 13.7559451311916 9.20960621175582 13.2442605840967 8.09411498016428 5.24969239325629 12.3670583692725 9.88332935406694 8.70743012332464 7.41845908645908 10.874176429457 5.48962373754679 11.8187731763024 7.29287282420742 10.8275352237499 10.8055651867272 11.7107724985488 13.211360901129 7.42050905404115 12.9681746868509 8.7474992993409 9.17798062597104 8.20826426019448 10.5713272126843 11.4328436985491 8.86397808255143 10.5206529817519 9.39414993923257 7.52606026475852 9.19082344589911 8.36269001440812 10.043097324669 10.8601141458669 5.62165913604887 8.63935067698983 9.76910575307745 10.1433047997865 12.6647291120448 8.52091998924779 8.31176355189833 10.8816813142287 12.5133839933668 6.21668536337843 7.31217337335771 9.33806620053189 5.51489233192958 12.4861495635281 5.59819864472546 7.21636584673034 10.7738615276819 5.30310192957186 6.77824726115415 8.10535437710273 4.74608770109907
9.37020948569564 9.98341541476488 9.63344810453652 7.40087985275169 7.57391082095885 7.66346038170518 8.12045809710429 8.54239944760255 10.9706539939246 11.0066520077687 7.66234716951847 10.5996275750067 11.1026982135048 7.09575370488883 9.62564436810788 7.88030431727758 11.71335115489 11.6434481719493 7.63206238677255 5.81670762131228 10.4066807534079 10.1303432916955 14.8757283460521 10.73701656671 13.0245095871556 12.3415159207089 14.6009837605964 11.9991600066405 7.60699643771745 5.02201504830638 10.2919728606758 8.54775834175953 11.5357412463937 8.93721156674562 13.0567831718641 9.62116200389705 5.33510462504687 9.79993624092462 11.5537620551404 7.26545459103116 12.8862733622534 11.4369098915318 8.92871260696041 10.0864911036007 9.32802865446879 12.6928062751212 11.3434301204023 11.8229396254152 10.5804178734909 11.6124659551408 4.9247688231241 7.22689417112069 8.90270807957792 8.17557924415051 9.21883104575817 11.9882518175559 10.6435448358612 10.2988145699301 8.5617957525526 9.68230508717453 9.35821250897887 9.62192561970624 10.0306574940525 8.19420421237652 9.18329364939587 5.06230613094297 9.949224801836 8.52784285041344 9.70339397793603 10.080988352932 7.13630488241562 8.80351706580865 10.157073953361 6.16554452250001 8.22685107726573 7.91184968204352 8.34142382148376 7.80907245163643 9.09476798835944 9.44884751533554 9.64113795954395
5.92813209543404 12.6443257183613 5.17556580721721 12.5036434505415 9.53728725690275 8.85132958775118 6.32623637248707 8.12585824446056 7.95269074470099 6.7808549619696 10.0284173968652 6.4841868218103 11.4352090690196 9.21167648715075 10.79772011838 13.2741715894839 10.4160222102936 7.81070369460673 13.2433447261432 8.09889710839803 12.6523267869299 9.70330175361762 10.3555257549676 7.78587241392905 10.7178202760047 11.0209088724315 9.90213066105822 6.80044740428829 9.76354524139002 10.1975520287057 13.2272172077661 9.7983976025146 10.9658566628701 8.01738896777205 10.7198645936694 11.1434415947923 7.89719413772159 10.8518130718288 11.3343361107304 10.627271358617 10.891649116982 12.1097371891407 12.0507520808099 6.53517155588623 10.9998337707287 9.067733223013 9.98300077413002 12.6150517968403 7.22470135953269 9.61794296246829 6.78352022108351 7.46816262142675 10.7107485215368 13.3824045339773 9.95523364234051 8.16541609912586 10.6273785742261 9.49375061799766 6.55364557971086 10.7935654613973 6.85702733893995 7.6861771657002 10.4034474462299 8.08336985343006 10.5329263612864 7.60374097213969 8.98591905857629 8.02991035246213 12.0708073549321 13.1946496461117 7.55962539118136 9.53762160848655 5.01174690305271 3.03640926847313 7.27132164883239 7.88488690203964 6.81944543295522 8.83139945055557 10.0130274292828 5.75759889078556 10.5332435110635
10.8121712405727 4.50906406889805 9.37055167988785 7.37414371027753 10.0794159748708 8.545164748061 11.4214481965363 9.34570029832989 13.2103109724026 9.22948094533662 10.654925320838 10.9365943254067 10.7142520446197 11.2672098199038 10.5528595126074 9.31264089168643 9.3620164190287 6.28167639564968 11.5582044267526 10.1972392810078 14.6467808071402 12.9888173113351 7.73930346213384 10.3268830699256 9.68645290638148 13.1728815016037 11.0038648307586 10.2385458322886 12.343615402829 13.4018814441626 11.4549500661988 12.3848098396571 12.3244300641614 9.14753625587962 15.5266242955495 13.6557079279882 11.4705205181746 9.25225167927562 9.24423767654078 11.1760815488221 9.24073367196185 9.93655723196591 10.4555732309965 10.8946564821494 8.56018847537219 9.64005383209234 7.96432974495665 9.53295228489671 12.3707839913567 9.69521793965253 10.7511125886111 10.9951054739926 9.68806674236558 6.96932848962588 12.0341784477382 9.30285881870362 9.22101677423586 9.01750192796854 6.28727746128449 8.51402751365526 9.47912618962359 11.0967818292762 9.50216913831281 9.47129171200088 10.417048976268 9.73749830832937 7.00196794234707 9.8155008103194 9.1692737739204 6.37993014730931 8.23123111683866 9.56763008817203 4.97599892775395 7.55545187109309 7.62405836948455 8.50352228130308 8.35065816392098 10.4404366201243 6.33624471366986 9.60879953176932 7.53169387479976
11.3958810904151 9.24581531660876 11.0878637284855 9.61430638708525 9.57043660704748 12.7228299663934 9.77584448928443 12.1414712868421 8.83633440933839 8.20654580699817 12.3556758194685 12.2475448447242 9.6323205987451 8.46572321547192 11.4914284344979 9.05531984441562 12.569005775931 11.3495347375515 12.8712761414781 10.5546130065371 9.56853168844588 11.9454670217778 9.09591431707223 11.2409977463189 14.0028600668311 14.3134772712534 12.0004105860924 8.6107532719027 7.47108696259059 14.7080689595037 13.2047120846306 13.4110267660688 7.64930919876315 6.59480026717688 9.30200506061363 12.1264892512045 14.7289466078836 11.6939803190178 8.04129449114744 8.91992529907115 12.2846813129578 12.0461213015881 11.2441932927236 12.0650638453216 12.271296450966 9.17565962106074 10.1061598467983 8.07285903626436 10.9577700159008 11.4153033082899 12.5853211947904 9.74324733799499 12.4740433335135 7.44170054335975 11.7680940111997 10.2760812704389 15.7348384352164 11.7035136947854 10.1247530694535 4.3027213917798 10.9175846847517 5.54563928303164 8.19466146879403 7.85746939659613 9.11535606451912 12.5214103380874 9.68647536212166 10.0877782032308 8.20420025022463 4.34883103143235 5.69512859246722 6.728660136971 8.57144920181167 8.29348849827802 5.99973863382114 12.4930179692481 8.90031083106061 7.05312241175315 10.2653543253299 5.67869210229893 9.99591490527921
8.81499562076596 5.82306936612747 13.1246006734269 7.79534405700154 9.65847170465945 8.89777705319192 10.7078750132454 12.1493551486677 7.75753742389949 10.7147793205621 7.26912696516145 10.4561183918447 11.4835432008411 9.44889217107169 8.87112510129491 7.11877539990174 10.2485577759078 9.79775749144356 11.6413302139869 9.38487567939789 10.9838380890771 12.0024136379964 12.4157022985645 9.349946958787 10.5254950409919 13.8404815214452 12.1701480724018 11.8220556954306 13.5345992432284 13.5351042954903 9.3691498725327 10.3775525880969 13.4499564071893 13.1768393176671 14.4144670743989 12.3998603735972 10.0268179154272 9.17283996573938 6.91283066166246 13.1925404592738 11.3252474083722 10.5688284389244 10.3706088940041 9.35447333901897 12.6776984012646 9.03571172026546 7.06853397124319 10.0172890326465 15.1552104024463 9.18543363391546 11.1975721508067 10.3064653606271 11.1377785394926 8.39967813694471 9.20408244128272 9.28219353532864 11.7436141042844 11.7620933719327 7.74029567760275 10.9985548923691 8.55608699271907 10.2700552055247 7.64024213949944 10.6171790225972 7.56158182494618 7.52435319625518 8.80917030354773 6.47774633054188 9.28573106342456 8.69373792326786 7.28482540109546 11.8378427154791 9.3239890241988 11.1366094167507 11.5848328641043 6.88281079887567 10.7351680485032 7.75134183097211 5.16257817616917 8.39051793065609 7.57482055761299
9.95874203283396 11.9407551674928 12.1764021748827 10.2812119610261 8.72375264441682 11.9648316985 9.64604941898646 9.16241998488983 10.9057873204458 9.52476194147185 8.43974574358144 10.8233990407317 12.1879045707764 10.8201610059409 12.5216355634017 13.6358663476673 10.9154570268482 14.4611753489448 12.9365026476281 10.4054608232288 11.9119170052436 10.5280123484553 13.5134322517543 11.1335935760222 10.673911727773 18.7042815425828 15.6590520396751 10.8665372964301 12.0323678145847 11.3608675571569 9.01162860793019 7.38128839019473 10.0449919045929 6.78629980787481 17.3303511093513 10.3704666248529 14.7754892020838 14.4211929417657 14.4423933229063 11.9990759224393 14.0715012759769 11.9970174221252 9.56470849040886 10.2546984793986 13.9762589512579 7.66616444463022 10.0266735538987 11.1456519171836 10.1309603835743 9.28360090161168 12.6856831731371 9.79500086117688 10.8517390429501 9.01671429878418 8.61296335810268 13.3194275917979 8.58171880998478 8.2850637016567 7.94281985535209 9.83722035279662 10.3012370079745 12.0004916673414 9.15190236939624 10.8688207807595 9.61327184798525 7.1062563386386 9.31412629242722 10.5662577816056 8.46623967529154 10.0242637528237 8.61598885248494 8.49816572964063 7.18788711586328 8.79661997108246 10.3182449651042 7.47701817562419 10.4829086780099 6.81660996358877 6.70847170831387 6.32655472792435 10.3005506688237
12.617942020454 10.3898710726527 9.85080074597158 11.6779616797947 13.0093287765379 8.19269760891807 8.71592845075807 11.8662767165209 12.8399592903727 9.52315503363119 11.1863365200005 13.8599957585749 12.1201806595914 12.7344518729748 10.2053209287501 12.2255532003029 11.155244304093 13.0793714158867 13.8610462777908 12.0389491315926 15.5097079627561 12.9191303908479 16.6125964360374 12.2144276902779 10.3029918972216 11.3232274568834 9.4681523758427 7.25493210744007 12.2004303972072 13.7215617788742 11.6467969579458 12.2161600291202 14.1440375238478 11.4425847560468 11.2752124653327 16.1723891381353 11.1822441561921 11.8756297570054 10.7616872606632 12.2253889570208 10.7597841464765 13.1497245341177 13.1177774018407 12.5911742004931 7.54805992652712 11.2797991988295 10.9714646627078 11.9643998579346 10.2461629292323 11.2069787077449 10.0743217374124 11.5456032574642 14.7212717016948 12.3564324321764 12.3545347544034 9.84646204594041 5.76738453606352 5.73569876694368 10.651486878487 12.4005298428167 9.53739472913887 9.13173358997399 9.50732392792929 10.7438736088895 6.67878865617985 13.414632592056 8.23460101925824 9.56463551138745 7.27679172136591 9.45508850399691 12.2369893320243 6.81389587049813 9.95185630188438 5.58300200431979 8.51156851769012 6.43005330948748 9.42551669876803 7.53907569782193 8.78156471516172 8.89983462275632 8.19216413263614
10.9702031813359 10.7400463951932 11.6358862453972 12.6610184095181 8.8937201835105 10.0482731020405 12.8989721531999 12.9258306213069 10.2525632990066 13.8065167969747 11.6407361102049 9.50061579756405 7.48572306330215 9.49546499751371 9.00053224896851 8.8920476774391 14.5261618214454 10.5775223210926 10.9866642729703 12.181057055224 11.9966460570703 12.2790614740706 12.7251798300939 13.065010117935 13.6059230043277 15.1994498420636 11.0309598331253 15.4109306434234 5.74153725993434 10.5716051797534 14.1381705209135 16.2040730764105 11.4128215533602 14.3077962590002 14.9765938696894 8.63095579051302 12.6401229640329 14.6032548257914 11.8562695909078 13.9278148872545 11.6425595100393 12.7918601203867 8.72402909033537 8.19512321159064 14.0213201939666 8.8879164366906 13.5181063858608 9.62390478906206 10.225955099789 9.76275641454405 11.4988824255253 13.4301987394431 10.7608499139857 12.8226461740619 10.4587129022931 11.8893808333694 6.90433062155971 11.4330971192559 10.0941126456865 9.2106115351629 4.72821071727482 10.3398527858383 11.4505850967303 5.77837403822127 7.16691778938644 11.3231658106937 9.43041968714464 6.38355301672694 6.53057502663324 6.82699539262898 10.4492658036491 7.29186381722544 8.47688205790177 5.77620417380856 9.43302664540112 7.41428031425741 8.66841074382824 11.1281570038351 6.40357566311851 7.91490311773933 6.45816639288698
9.26861829185748 8.42734805160381 15.2328243061232 8.3283785242735 9.65782981616196 10.0307127287277 9.4175889281393 12.4948307058908 8.34341707333773 15.4254883136119 9.12065138355382 10.0572412299319 5.76854672769014 9.92837894378373 7.86109509807265 11.9069070025623 9.86825937473176 15.2983471446384 11.3426571383341 11.0522241249582 11.8446862993373 12.5607629747556 14.504770661386 14.6095964626285 15.3133637190837 9.80083270622758 13.0938185131002 9.48903168871603 14.398005300128 12.101949197948 12.9759407866664 14.3110828411439 9.71343050800435 15.0038217514515 14.8550392940291 13.0841829573412 16.9044521567125 14.8278904273519 12.6035303329419 9.56117139637085 15.0372104086934 12.7633732046466 12.8129071188577 8.55517821186648 11.2010419134551 12.281935446611 11.5844071229689 9.87979151080885 10.0637102365815 12.9027372194427 15.1964537898417 8.94615625606371 13.7821874495213 12.164576577818 11.9397072508583 7.83418897183405 10.9573111391572 9.58966991474737 14.2319481618248 11.8155302919427 9.67870417463313 10.6255152089193 7.35421473366566 8.87707320930385 10.2242465293321 6.15993229746313 11.6738599544218 6.56954148113622 10.0685157005285 9.78894770027661 6.36330642887003 10.8706597998703 11.4695444346781 8.9175592701785 10.0250055125868 7.06758582442119 9.28812309354198 6.4893974515224 8.88083324703807 8.22687455316454 9.41099720232507
6.23666451782537 9.47284333291203 8.71945781252968 8.06141045359284 13.1514925165353 9.8730744284109 5.54656573686816 8.87779233782043 7.78613892506268 14.7313672518303 11.5704151701194 15.9307131033421 9.85054338093228 11.4840880090097 10.9046473240449 9.68587210664893 11.4855340057218 15.7193907868549 12.3032299313093 11.467444586592 11.6648692161155 9.51063040309306 11.5391767494166 10.0180776793527 14.4143825074503 15.0667516170606 14.9282217634404 15.9821039365579 15.0765084772695 14.212170399328 11.0061450625148 15.0803143755556 13.3396762847912 13.3094609361914 13.6990403237267 14.2227222834009 13.0426951489004 12.8213806333667 13.4782428984644 17.4869271606426 12.6551025423755 14.8400240134991 8.88722089641972 14.4259778410041 12.3844524327843 16.3503446801213 13.3555613791119 11.4471788821613 14.2014830739601 9.88666173709903 10.8872951309809 9.56958605402386 15.0417883863806 12.6445173711953 10.229191742075 11.8003066539255 5.68021757923651 8.50143435819124 8.44088361163742 12.1395246929574 10.8092974177417 7.46978203506103 7.92836564750896 8.96906631679338 9.55882512691193 8.36184143970769 11.1779828393528 6.70545319238672 7.29756921896494 7.56288329592107 6.15341358144915 7.39420889529209 6.3423073230621 7.74956239504589 11.4087947856414 7.77378645429126 10.6681882612524 9.77431424522604 11.2284551178855 8.94275661161093 6.89244102743082
10.2215538241976 9.9262838408889 8.9035941069317 10.9136722281312 10.4740376925631 11.275421747097 7.03395513916076 11.9318178396412 13.0685207046457 14.3737973748529 11.7972488307446 10.7935231434172 10.6218433839839 14.6440885232057 10.4804944830613 14.3451424649802 12.6039098349412 14.5260244595756 12.5939553990851 7.89844837427603 14.3288738512149 16.9591718436184 14.0588350138607 16.5570415973461 12.8569961635166 15.7900794671094 14.6800741721819 17.0258531687135 15.059547603929 16.131673279141 13.7139114905302 15.6763453817942 12.3909432604053 12.777641295645 10.1156879672661 13.9364473602189 13.8900159444252 11.1829948268398 15.5075474023272 13.1747808055924 14.5277026914986 12.8662520602353 11.4230811152114 12.9661696680671 11.0004680267544 12.4836304007545 14.0203036338422 10.9024581247798 11.320534431633 11.9702174646458 12.3824568544142 11.4272880235496 10.940198625318 10.317998384043 11.4384326613503 10.5921218340787 15.4642998254561 10.9545981715947 8.00370322810433 8.86828524500979 7.17998981477956 9.04697021839907 10.065507663381 9.76849239235502 10.4169419099609 11.9193537781466 6.18516322291115 9.74999785418288 5.08921204249922 7.85530066638153 9.0197032997275 4.8873886409531 7.8428304920181 9.98509665659216 9.19227825652784 6.80512783009276 4.50623447885922 5.69101606494801 7.94896347973601 8.4916090802005 6.46323186258866
8.22417060473781 11.6036322367456 11.8148799949828 9.11371946596019 9.3051143028842 10.6189443558685 8.84106660497597 11.8791434459753 12.0872417403589 11.6528317144211 12.5481842456404 13.5880708407766 10.4555794652094 13.6456936114427 14.6321499713835 15.3171238076731 15.6823614237348 15.1796881318537 14.218978703444 11.786882381379 9.37953276933038 19.4915337036132 17.1821297402535 14.5170219372035 11.5632377630589 14.5765340593658 13.1771717711636 15.3928654582818 14.5710626544225 12.914723338722 15.7230945442998 16.8810622998848 12.0387232042727 12.7351520769396 13.2037581382499 12.1556153319446 14.7783860537663 15.8174164776983 15.8314243100538 10.2452421140346 11.4952901476561 14.7641705717432 13.2875287625271 14.9631830502517 14.1991163190799 12.2671360683877 11.4696624347865 11.139320551052 11.6907253230911 11.9804852798409 10.8945968985394 10.924971938241 11.3936293642105 10.7535565555181 11.1776978501129 7.80752820233272 11.5181961755076 13.7647038671819 8.76082292714679 9.21397783360708 10.0690589564295 10.6571564711246 7.76945794437656 8.36982011707237 11.474219091844 9.47774086871754 7.74569667748211 11.686154399985 11.2532543181164 11.0152653857143 8.916123395286 9.2173267240598 7.60490139953553 6.21710061126417 6.92379420146613 10.881620759726 7.32248297212322 8.10970860445025 2.50066986421018 11.2059416560215 5.53942748900004
12.1605473553888 8.80933182298712 10.2548241642108 14.2427664185268 8.6412638605413 10.5702990908933 10.6138495127394 12.9958619008287 15.5842229922437 10.2503244940009 12.7662197739709 12.0290940458208 11.4661617609945 11.5298905821529 12.4773259262891 13.4886955247931 9.10979548985776 14.5142275470938 13.4010042689318 13.7901438785979 17.2404378689579 13.4453848976513 17.6078770648902 16.163820125817 17.6009670988836 11.502434552768 12.4114130967435 12.893323379233 16.3483357788568 14.309734448324 16.8838236852397 16.5104872017379 18.9562585160251 15.6082752095849 18.7648856594916 14.9129833670307 17.0421963192604 12.3556445793303 16.0071452307446 11.8813124596489 13.0446647945217 13.4342380965423 13.7329072711607 13.262308264634 14.2159914664062 15.127994028523 13.1823225478326 12.4452717178948 15.5242633407974 13.2257289275449 9.4727568839194 8.56112529904583 9.90076380968458 12.8873876326181 9.43428452696571 9.87602101096557 10.0655790012456 13.7563843328661 9.27740764620224 12.0156138306461 12.6624380694987 12.0904693758864 14.5610717281442 8.16961930226009 11.6705418966399 9.12791967916853 4.87297544616902 11.8325056145034 9.19167224116739 11.4777227209187 8.82200974788663 6.33192980766394 4.67946644716915 8.09159911952985 11.1206127279575 5.84755770617844 11.0513333602759 10.6315207732211 10.3709291582934 6.70939736171079 7.36615811208379
11.1004769136908 7.95023315510974 11.4128607593614 13.4131337124551 13.0149564687138 9.15609939063254 15.4495864270336 14.3240839286765 12.097648446197 15.0220414065534 14.4414362708908 10.4990379639525 12.2998419776918 11.2330163206972 11.819974037957 12.4521217222625 9.74698823728813 11.5326765151194 19.4150812703627 15.2888060663418 14.6235309745588 16.2731884049164 12.3031570059455 12.3615094876437 17.4435878444808 15.1734349937179 17.9454485742822 17.4796104865535 14.9980400384049 18.1508215010939 14.121434438516 16.4799343486352 14.7903977071746 13.2406137030945 14.4425818123835 14.6493477878352 16.3676760012081 12.1432028311182 14.9446574261955 14.2974522002074 13.9846487835179 14.6897517346771 11.9024608612043 12.7537412404877 14.1905438366097 12.3830513437587 12.5683215312614 11.2380283690197 11.1447534346337 12.2153713628872 12.7140802095377 12.8175741504088 9.30969107762885 11.0933250266628 12.4092991521122 10.9113256465042 12.6723519644456 11.1726169398488 10.3095025675565 12.6188292629319 11.8106576393281 8.07989578866109 10.4727984243901 6.41285726208796 9.71394604725067 9.56349931995079 10.8266688639208 4.63423848388488 11.8732422233 11.2961052682565 7.96226767613642 9.72736249588959 8.42989484308231 8.2409722695017 7.76115533108881 8.81967849600411 8.47210711485945 6.87508622422228 6.72824180442784 7.22019849117069 6.40593405733205
9.66175609133078 7.94754258260151 10.0685255140955 7.40155225140134 10.3890459590483 12.0841593585385 11.5124414880337 15.3061061993561 11.0142925514403 8.96636912044179 13.4861361844693 10.5516148466339 13.8098732117352 12.4367460626632 13.118031912176 11.8610983403937 16.5139400768759 14.8345105262837 14.6647751353888 15.3715414669834 17.5426520316255 16.4972383957082 19.0139752755197 18.0257004805579 16.1504457880417 18.1752753554155 14.9976781008488 17.3198961510979 15.4337362434341 18.0741632901923 15.5200634004229 14.9568397325542 19.6909774235156 19.0131405475259 15.1142729309024 18.4403975059852 14.4292460397153 14.7852824702481 16.4415166451164 14.3295592217975 14.5769650488485 12.1283830439168 15.10484652613 15.0869137482659 12.0462539080162 16.0713240395459 16.2249049559869 12.2286689888204 10.4731834212159 16.1231218332065 14.4636890730362 10.9076104657256 10.8859529983078 11.5399655215301 14.1556303729211 9.34966808425504 13.1474339125919 10.6453514010941 8.81473199191868 10.0724901862399 12.1554109632136 8.46987525340381 9.29355089868605 9.29778486538627 11.8708812956327 10.797201870524 10.7097986447212 10.3099480380414 5.78671353721106 7.09011045172766 8.83842526169815 8.06718635072026 11.0700689434667 12.6096909338384 10.9468163762517 6.88217378408333 9.87827302677741 6.48965211005846 7.22651802176339 8.81913156143221 11.1054339471473
7.66880072768001 12.1990574427588 11.3919639311715 9.26858237568745 10.9892777804576 11.6799903881634 10.7483532303767 11.7377618640233 13.979994183838 13.3442863929881 12.7256357711331 13.746822417286 10.0367927627335 13.8827507704131 16.5579239782182 17.7605073948752 16.9488684618897 11.2153837409898 16.6606689886074 16.6099146853277 18.0795718322064 19.0705528304569 15.916167302114 16.8855098625259 16.242295809827 18.3241698232393 12.973205179061 13.6975280900224 17.5680988854329 14.0040824689166 15.2498718964573 14.9128610888676 16.4000898465398 15.4705805725701 20.3393115428103 21.000005388569 16.5738930488505 18.4048632661349 15.7666074111444 17.0840519330883 20.7202196430813 18.0478740968677 11.6389452557019 14.8851785479278 12.6799242412768 14.6906724224474 14.7979758725313 15.387242738815 14.8242798832911 12.4767959950556 15.4578870384259 12.2601317075385 12.8165958997771 12.8967853092817 10.6594834157084 11.1350947390364 7.83889467603714 13.1534143547503 12.8561345550011 9.72516345991625 12.7285130181024 6.92484588050632 8.90382468358721 8.73902037480917 10.3671167296529 11.8875531317537 11.4544850506135 8.55958333471625 12.7795800820162 7.69199346417151 8.38027501543905 9.13505581700891 8.23617625768685 9.19966810903792 8.84052641164022 5.06500517124841 9.58368559424324 8.86080022584689 7.80137733701598 7.92111975294844 6.7978694669751
11.6680122911253 12.9837242774933 7.4755695371226 12.4348453484602 10.0517656573546 14.3326590332029 14.3067343636555 12.9254478290756 15.9916402761914 10.5146625526306 13.1938452979679 11.1787789178648 14.5732135694876 14.8138343306467 13.704634874042 12.7784784559034 11.4198239271413 16.5789006443137 17.4395555932353 17.7076830448784 18.1736856848506 17.9723241668941 16.618080131991 16.6547194935625 15.5157652495917 17.0563922464079 17.0794400282979 16.3418741229555 17.0137585957603 18.7379015185429 20.7654920623521 15.3353498439021 14.5626406981355 16.0719652916871 16.3354802597666 16.7959677846877 11.1646006639341 12.8600295718353 15.7004116034482 17.4266049633691 18.3653496939006 18.9694614314726 16.1219392451586 19.1927252883006 16.2637181060925 14.092492610155 15.2163122562543 16.3922582590805 14.5483590542003 20.0811905548105 13.5621409216711 10.9957451318723 18.1699824337254 13.1043540710033 14.4458113822028 11.591617056544 13.0012917181067 12.8894736037197 12.0978935400983 8.25632803498865 11.2060559023629 11.2914570157182 9.83901035593673 11.2819466020535 11.0418587715291 10.1065275651201 9.00806007749749 9.19161965473072 10.5038469752389 10.358947247037 8.43675897525562 10.1605438274618 7.82815165064591 6.88672230965033 8.06825714066007 5.10332718886419 8.66770283378945 5.56780958179135 9.27299785341754 6.79127202308261 8.50824703792674
12.6547789793033 9.57967594476456 6.02766892877825 11.1633002727326 13.8858794719741 14.5898954114615 14.8095124576764 13.7858300088645 13.1129440829609 16.468955822846 16.3808641710513 11.9239728066772 12.626700943386 12.644879710929 15.160454096006 13.8442363648127 12.9784943111616 15.1947703743665 18.6828056808987 16.5137707662697 15.2760111338291 18.1756168456237 15.9391587356265 15.5501368969647 19.5745830684051 18.607549237997 17.2115563673496 17.6633078448937 15.5608078064651 17.7474932763468 19.9222271758386 18.3749946520582 18.2971524330284 18.2791725505075 19.7064025768502 22.0867618951534 20.6688339738044 17.7985419948898 18.4986519484953 19.3692585137779 17.0758287466062 14.520662011328 19.9712254433129 10.8903348641478 14.2963741578079 17.8419313347148 15.6508642670779 14.5734510118537 13.671015032829 12.4578211196463 14.319241042516 16.3154625127718 13.5617226369197 14.6548610248922 12.3569654529948 15.773499006393 11.3721350332997 11.7573840534411 14.3217555984746 7.63089099065104 7.89466060575018 10.0461512453394 9.20079568479265 9.83186087360288 12.0075113723074 6.69865459434743 11.0749905547409 10.5838514280168 12.1554561549013 14.5437978126483 8.79796366285557 12.1017305289968 11.6647755942639 9.57731799166248 8.28605889252772 7.30356830064323 4.95198144570423 7.46957573932417 5.11196211911128 8.00180420757557 6.89789875209415
10.7668581083405 10.2599321997954 9.95523867041245 11.5388344883274 13.5358903660805 14.1911555275528 14.702187689604 9.28178319301405 13.5331793196348 15.1468877538376 16.2238557683744 15.1616710673485 17.192012261066 17.9221075352065 17.1736176591631 14.9325721079093 17.877929987555 16.3099454743077 14.0446417657688 17.6844230888437 13.4432689440777 15.300531004236 22.6446889074795 16.6865200526269 16.2917000067771 18.7138954639465 18.0339923169316 19.8598374515362 20.0610980651702 19.813349489755 20.4038830541824 20.1325285567734 14.8502396914406 20.5711765634545 15.9488492551342 22.0521945811753 17.1158889531961 17.475636261627 20.4131726545528 16.3240048023718 15.5661335654932 20.2781165227459 14.6299377858296 11.041965535303 15.6438867842519 15.06189136712 17.1787142468861 14.769013878369 13.5550441137267 14.5068668983832 17.7134609363108 15.0722389938101 13.97788240522 14.3616684561742 15.1999464370681 12.9671959858554 14.5017066951677 11.9989012828161 8.77414888513628 10.9505626368887 11.3272688173247 13.0123672896045 9.30839445952537 8.08514952760553 9.74108881804199 9.68620440555638 9.97521055708284 7.43090735498547 11.4869585519662 5.2587003039906 8.44054887677062 8.02280899871601 9.93051914722347 5.93935349484254 7.69024013308921 12.0266767577161 10.453305925346 10.284911685341 9.64529033742456 8.49273122100188 7.8324613502617
11.4173209022116 11.2674139425661 11.1957326346207 11.8967568331732 10.4980005677786 13.1809428511533 11.0835982947179 10.0994904605515 13.5885561516964 12.4070453379737 13.5576536541048 15.47435190728 14.0051341017442 17.3560308482545 16.1289518585574 19.5483706788036 15.3918447657475 17.2418266104431 21.7808463078124 18.0274539187532 20.4020546156049 19.0319625546433 15.1230936997982 20.2445684266133 18.6111560878722 19.9179275947786 14.814375597681 16.4479703332348 19.1565714032619 17.6030404044427 21.5995902347549 15.9889005646941 17.3332065282317 20.7192780849352 20.3254889311463 21.0898188968255 19.308573211462 17.9845125498515 18.448556501524 18.6829531715335 15.8043632680802 16.2498245704477 15.999395463698 18.3698312214211 16.5588925971619 14.1523836324409 12.6286337339632 16.7271863844007 14.3968553969352 14.5159127728476 11.2122147910921 12.9186294632466 16.206191829727 10.6140372118459 12.7263184218428 16.3457546425228 9.38837026118398 13.0735233389683 14.1439736803637 11.691708796929 13.1350545627104 13.9898902685373 11.2841895190955 7.75109005122792 8.69317401251998 12.5117746709665 10.5303551010264 9.00196059029474 6.54121451734207 8.25054025119728 10.170778289382 9.57919820424243 5.49308938952766 10.0305187148596 7.53200779318983 8.97350795413261 7.56461521858292 7.86449149444689 8.60331686355303 8.05406745614954 10.3833260175096
8.93222528808195 10.603250144207 11.4349640402672 14.2976543632162 14.1355467485062 12.8009886669325 12.1433994286577 14.4613273269094 13.6438411381393 13.6108227264339 14.8396472401289 16.9766530197776 11.9551636379568 14.2720333202865 15.9507721544391 15.4112499889739 14.5224580770355 15.2443830639052 18.4141055991727 17.7716106587907 17.1483634050545 16.6493770482474 21.1335615262097 18.2647367779681 18.7246967424169 19.5445024638492 19.1249886652155 15.8048183332953 18.4477986693368 21.7301141571527 18.7489512166676 21.1980871134084 20.7343237482505 20.5343524588814 23.2368799978759 21.621214504428 18.8791124791361 20.8435881077081 20.0791267839014 19.1565618197801 18.6928544405354 20.3041280150635 16.2541961220249 15.3184940287566 18.2779832883663 15.5575058544382 19.0667018059669 18.5933412738462 14.2701893215665 17.0643283209789 13.7141146019113 16.1061291562756 13.280351724647 13.9865105165739 13.58900740973 13.2579056917852 13.6197906311402 14.0966012667167 11.6694435631573 12.7738871459975 12.8573531770354 12.6256546681354 10.8597612947744 14.9274179436697 15.3629205213248 6.91530692872832 10.0934080019468 8.45182210764726 13.4594191140282 13.7288746741954 11.2209872300154 6.2566749911378 5.99625373381526 9.21987344970734 6.42422802232633 3.71562702288997 10.2830966937538 6.52260809626536 5.75465105230324 8.93109381635686 5.83098438581183
13.3592807709429 12.3795867274427 11.5513287344132 11.2389429982352 14.9674839978312 8.81499938072475 14.5863086843227 16.6552964236125 17.4305074735394 16.8726207117997 14.6839720862837 15.7864233706655 15.9181011041117 15.8184521846449 15.920129370912 16.1790370254266 19.5536657490318 16.5220531052226 19.0561345097852 18.5841048019896 22.091716152127 17.1716904207342 20.174674480643 18.1093861359505 19.6200916175378 20.8128027963472 17.543599495735 21.5739378926515 21.6073177921719 19.3087655854978 19.2973124175699 21.5924565017383 18.5072466997252 18.4770401852216 22.5978627872997 19.7196967542234 17.0269662423851 23.1600489297718 16.9925547774979 18.7603861761832 19.4050007778718 19.8194312286708 20.6200012258085 22.1525110351857 19.1670060717721 19.0704943994119 16.6626396414405 17.1039721803662 16.0120747932354 15.7589122282714 15.5472193513776 15.9843009261357 15.6878274012765 13.0306835071436 12.3785230225493 15.1358604290286 12.0840240118068 11.9320435976021 9.38767442429241 14.7766887294047 11.3177776655756 12.177947575623 9.60716823347949 6.97797888363588 8.26710383995885 10.4739434802398 7.99036227747325 12.7049290091515 8.22023041025301 10.3794596580466 6.09064117133196 9.5562403245566 11.8432992268081 10.6248358158111 7.22515398052549 13.0902813671935 12.1918939204279 8.01751916219757 9.54229868063264 8.24377009462594 6.12616766583592
9.28351498262494 12.5064163647811 15.0645332864031 11.8554366429562 16.3093434013709 13.4088932929591 14.9047370383199 14.0135541353433 16.3675920118816 14.9225205730387 18.7693993379271 14.4074481743296 17.1784158020091 16.6001668804023 17.3708309696587 17.9189773049627 16.5437716927477 19.5577010583144 16.3200326716624 20.3435254582992 17.0305817858449 19.4462854309389 24.6528751154015 16.6984169623335 21.6970566630645 21.2984458953424 20.3436152868471 21.7159237924855 22.8927513698476 24.195144166484 20.8194155547245 22.3479465945425 20.7703421233399 19.742942995171 13.3525781234239 20.7687383349055 23.5592451799359 22.3236524287527 17.8676590687019 18.4350435352896 22.5686391747928 18.4544960901286 19.7528336243558 17.0274088377603 12.748235420189 16.7588224314669 20.4607809879097 19.3840723970918 16.8053737837503 17.7056361730442 18.4500880651467 14.209160740281 11.6842856840982 13.5712253928836 10.3931097494906 14.6072771925716 15.1369263582024 14.5770584065456 12.6766673314502 13.0262230384588 10.5690130104624 10.4202955187711 9.47548876454219 10.7029185411894 11.73501394763 10.2399935872126 11.6486431979618 10.8651384340635 10.2312749414693 11.1702095490707 9.78109758301798 11.8274867544507 9.22202433463694 9.82087398196067 11.9738884698958 5.85154175570252 7.6832006990429 6.96960208040256 4.17921272329107 11.2424957918035 6.94489556244063
15.5027640397299 11.5038484100388 9.73587503628808 12.3459778007053 14.8308678221372 15.0208391719023 18.731448721184 14.2211806666915 13.9329233753564 12.409246491385 15.8824995857786 16.6779447335174 18.1259591350622 16.9858299838046 17.3965054845891 15.1539549329068 19.4492418546589 18.4131313453663 21.2348571163645 24.1253886748758 19.2499811586578 23.5800063433199 23.656100173445 23.4934386773953 26.3606910362655 21.7638692037007 22.6191865310984 24.6360638540435 25.9490817430941 24.0663647676566 21.2292181834353 21.3019639312068 20.4506411061562 21.1622406466712 24.8769604822599 25.4255295634088 25.7815384875603 22.9102783351198 20.8050285017677 22.9830064584034 18.9907493494266 21.01342275775 21.6734284045746 17.3492202899034 18.9449645082572 17.0448973799295 20.7072646073866 16.9156840425747 18.9453826346696 17.5072410755481 17.6374743526061 14.9479022169194 17.9823855287897 14.0138264857442 18.4818889306122 15.2234244163541 15.7114070782878 15.9017756523017 10.9594530911123 11.2493692395576 12.369401908943 14.4017956591274 12.1444972231114 13.5065002114721 11.298413983739 8.60233526890694 10.9582798378218 9.70389809570944 10.6866037690448 11.5499125121891 10.3362037935942 8.38187410361592 9.22631112082393 7.22051540559594 10.4279441795904 8.01051334157878 10.1650986708882 5.44961759242841 8.82377071529034 8.93871443167673 5.47692730568647
13.291890603893 13.991524230191 8.67709934362178 14.3992577156272 12.3059114962718 17.201859637281 14.7510181899125 16.4183912216782 17.2214263934248 18.84647628612 16.5112039513981 12.2561648284131 19.9232979132639 19.5948095007229 20.4356242687034 19.5319168984049 21.5660199022704 21.7439223944684 14.6583033391609 20.4087293228394 19.9288810364338 21.7324996377501 22.0226762462606 22.0478670562277 21.5940386213692 19.4022531143781 22.1463131363764 26.5318852012321 23.0655978357937 19.2226989351339 22.6989311429549 22.5205543673303 22.469162090578 22.9122647911075 27.1695875821581 23.7016572087154 24.0507062373902 20.6361902852609 20.8403253112761 19.8333002610199 21.3579177851625 22.7481745508982 19.7064723305722 17.1236109619283 21.0151464821909 18.2562063917075 18.3540614234014 20.1177063539453 16.7146006369153 15.9413712079221 18.1544551168588 16.7398181318955 18.2310179384993 21.0062684742227 13.2069681546353 16.2985590608253 16.6483952903631 12.764363618831 12.6618507955574 15.3496032114078 13.9129619945735 11.4869879926832 11.4148927784411 14.7770984032381 12.2614944202391 11.2727096507663 9.271844148231 13.9343838982664 13.4403915435344 10.7517282174746 13.4871615697338 9.25244765369754 9.41713771360967 11.5735970544422 11.7392205702723 9.25586279216683 10.0951376570152 7.41415571089731 9.26116149950912 7.32657682518923 9.21644635035796
11.4148597652297 14.70343025885 12.8659202302973 11.7948061239521 12.1314416602133 12.8396931608112 15.4411506105916 19.6349513162268 14.5840990374883 17.5920362366905 16.6957138356245 18.6283856558386 16.1944320053443 21.8658729447833 24.8310578536705 20.3449162710371 17.3076380326187 20.3345518608495 22.0741575836087 22.9039629267534 23.7999186092901 23.3654337326742 23.7805357836052 26.128721078885 26.0545323271193 24.2628290457835 23.7186477037552 24.8637031315136 24.4011730723504 26.1695984060731 23.1568853167835 25.6734158761235 23.9982851324138 21.7783196609447 23.6749211535377 23.1117723818631 23.0526417374825 21.775720808136 24.7400857905232 27.2688724237249 24.3796725290646 24.8248078761884 25.1935026397607 20.581839857369 19.5989312910043 19.5881493700501 20.5362863661329 19.6957592327417 19.6706594678169 19.9648464685173 18.4009618670695 17.3359683338724 16.5917761161045 14.4853173441285 18.6243929065181 16.8519853370305 16.3885777046042 15.8656488324429 12.684336246517 13.7422982176445 13.9481526549387 15.6811550050001 9.03458012778158 9.38361581042291 10.7401104824176 10.8770007437309 10.0565517351672 10.9017253639181 13.5991423012366 8.86607127237921 12.1406068490461 8.23116888776166 8.84281888108078 6.90074908434529 9.8221477858448 8.62254003577362 7.72531479608192 10.9266890198626 10.0288601165933 8.52003008748979 3.13979643302277
16.526390632934 11.8003363409555 15.144336405858 14.0189372275625 13.0020310797605 15.0178741961307 18.2178478674992 14.2926890129293 17.7907233386136 17.9040564500817 20.3959591389869 19.5456418299516 16.710551886586 18.3933241725821 16.9428861769899 25.5456853045482 22.2545430047349 24.5693032904331 21.7732336233341 24.1344199762663 24.2644060143345 22.9022187721675 23.7922515539435 26.1899484203365 24.7628771285714 23.9865241838251 27.4321183455295 23.8756436370095 27.5599999895672 22.9318681908395 26.4775134444817 20.7973016389019 24.4738896572121 28.2030591177532 24.7303177287567 22.7447918258709 23.0931592267896 26.1269870156531 26.0651637805942 18.8252600634413 23.8156299719862 29.0881248347218 22.351036119211 25.7534326653122 21.2239073532811 19.6418745041599 23.3042436954063 19.2685060494381 18.4777549820078 17.9611819157661 19.8383491151109 17.365850532297 21.7819626551499 20.0920042112951 19.2435288571879 15.9912553962982 15.800269027572 16.4576867017447 13.4336918471975 16.2662833083998 11.6790846464683 14.3611145296895 14.4809851232266 15.3027454031571 13.5192334573301 12.1606493658384 10.1215310335696 11.9247069971282 11.6566014694157 10.5401045617692 5.85238659465295 10.5369041126152 10.7521438827478 12.0704175303803 12.0250799886083 10.8876027846677 8.86031160349181 6.69555767982721 8.52337040649451 8.59041149185502 11.1055042110892
12.1234559918049 9.17911527226816 13.7464359227045 14.781014678453 13.8669904388224 18.5626946870655 20.2109080917198 14.8216331218994 20.3448613658475 16.6209020041109 17.1633656103626 21.6670299614847 22.8673038002639 21.3931433706833 18.6255026769361 19.8234745675867 24.0031463038254 20.487783493412 22.4932726294383 24.0925393924528 25.316139611696 23.6648052053842 24.7455846346629 30.3615394892798 26.2349589901503 25.9344715873719 25.7128150658916 26.6109769850924 23.519335854303 23.8825647981679 24.4256364322075 27.5524597107558 24.7499592840296 26.1230457339749 20.7228678060302 25.9901268513703 25.9805252536239 26.2091547994869 27.5375254323464 26.3261603519069 22.8278938099214 22.556799761807 22.7646115558265 22.9118633194246 26.0618894912299 22.5141855336985 22.252605829408 23.6125216906045 19.0932219558054 17.2294429938405 19.5760441776295 15.8078994578994 17.7698064490605 12.7889016260915 16.7217035739733 15.7704600559709 16.1991419185428 13.8511702395783 15.5636252976171 16.3997534488883 14.9161750912814 13.6881348903258 13.7443876883676 14.5848733789466 11.6575240919279 13.9538135897589 9.60873429325823 8.59409569159156 7.32906467312068 11.8345519096099 10.141559154974 7.55956887276778 8.63174747924329 9.13072173650608 10.3440412676192 7.20793214480836 13.2293875827542 9.12432456242628 11.5972184383546 10.8386189935199 3.26652037803818
11.8452017704775 9.8380809249793 17.0621214787516 15.0654690059288 13.209431345903 15.3124005245401 8.83778461738272 15.0031084591935 22.0607586821434 15.7769929606509 18.8415496944405 19.9926904103327 19.9428497539903 21.4575873165717 20.0022846034871 22.1861093947027 22.486511675779 20.7811828281824 23.0547073374933 21.1767191567881 22.6062861784931 21.1386525147994 25.5584172307973 30.6501139852521 24.2301193169971 25.9968199599394 29.9854123159108 23.6261060737879 26.9578572734162 27.6173891903993 27.9911353875706 27.5312102446674 26.1049205998637 28.9486402047318 26.9780580109075 28.3784996602843 27.363700579857 28.6908979343811 26.1856125213736 22.2961082627583 24.7010692050898 25.9652806472655 20.2245469003787 22.1031808836194 20.8996757916485 20.9451389156138 24.7547741327672 23.502112244553 22.1770880669581 17.8321110219946 23.1551263871671 16.53726751206 17.3873380875307 14.9956168046591 19.2414127297071 14.4813747291545 16.3907057051942 12.5562863262992 15.3037383282294 14.2736753187733 14.7232663725407 16.1506458865025 15.6089474424328 13.1795170642456 19.8852054983231 8.276596818014 16.080416850904 14.0409128708274 8.22614353260673 10.2485155519353 6.96422598779046 10.3048989444088 9.53050320156595 10.7828692102098 8.40952806174655 9.37507196523249 8.95432560324766 8.51927379946326 3.94090710792646 8.71720291530617 5.32769910222957
16.7763141154625 15.1386642723127 19.1863960654567 14.4142836999838 19.4633417696742 13.6420334950848 21.3737134095848 20.3846566964142 20.1070391105657 18.1459833650742 19.2970614067071 23.2799324712541 21.2059893495839 21.853352690301 23.8789281362971 23.0928706471921 21.685201622522 23.3750755323419 23.253728316162 27.0201898184133 25.017165898772 28.006382095693 27.0300500113725 27.675897569958 28.0054257901325 27.0818179248733 26.8177421144708 27.194212218656 27.7017596773455 31.2361216309641 30.5483798479714 28.3139566696318 26.5331861475565 27.3670719095498 24.2361957526621 25.8721066541556 27.961182963716 27.4213727981068 27.5848098868416 23.8449222806458 29.0142203984095 20.843877450828 24.243320403884 20.0842471610345 24.865725099158 23.9787668665817 19.7311392901758 20.6515172512616 22.6332759747643 21.2729106422888 18.9093018572915 18.8470180304146 18.2540221888706 18.2056978180574 15.4166308481113 16.8471273567819 16.3930215975856 13.7867955275159 15.1877184664978 12.7474767540911 15.3866816521578 15.9423194214749 12.0199762063269 12.4721726191776 14.1002741631202 13.9172823795351 8.9949711575803 13.2173028791129 6.43388482182998 7.40261006743532 7.54846568799043 13.1189496136715 8.997749937898 7.48769695028131 8.00414887269458 9.04565685825658 10.7430086822308 9.55737134066396 10.0788534164437 9.3920569820941 5.70280245506444
14.3998737027863 9.66089508043163 13.6560701511817 17.7421477218892 16.645802380373 16.7910919246928 17.5907264337109 19.4405729974925 17.5726345242356 20.5866596287917 20.7598179863023 24.0858707471934 25.710595857481 21.8509423920573 19.9561863005921 24.2226560820374 27.0671289196024 25.4479680646097 26.31921654099 25.2008243733374 29.3753593416199 27.1473536136363 29.2361051111209 27.0164940718837 23.2424906285838 30.1068144549033 28.5195373959595 27.1819162958802 24.7098197212914 30.6271975174266 23.9053464991719 29.3257539222067 30.3728063203146 28.1614327052892 28.3764456654458 26.2289164538897 27.0347643778026 28.3723992692657 27.2598959089999 26.354650425244 28.1803138242158 25.1631584364147 25.4143747800592 24.9849282055918 24.4531521992215 25.6434350082246 22.9818783483065 23.2516980934108 20.8312707083841 23.4467741195672 18.6878008146356 18.4446478676754 19.2043753730628 19.0737000095741 15.5976246262173 17.7827011594068 19.9235946273592 14.7102617668489 14.6509292711295 15.4246482504125 12.1854149567483 16.5009406164467 14.0120192507754 12.7161289817017 12.2445044450885 12.6913422248689 10.3402900606517 12.2004838528123 8.72873010741528 8.584374332805 9.51830150590522 12.3318310900967 9.73662125355483 7.29253020426906 10.0568828986873 9.30377383038535 8.23871995269127 10.7501274216426 7.31947480721134 7.49056385793095 9.31096820854441
14.6860005940697 14.8025764570071 13.0068923355554 16.6671610267481 15.6917810181661 19.0680288665456 16.206369094554 20.1247351754354 18.9359407449495 20.5421013491576 22.6729152974744 22.353310329538 22.9329417442717 23.3267237883733 24.3756048052705 23.3162960885005 24.4373606495992 25.5180432943276 30.3748021694911 28.2569735863092 27.6975820196091 25.9834846971098 28.042101231785 30.4886183328188 31.6363677860146 29.2446162666103 30.7503956372888 30.8642382007317 29.2003632594483 29.5497515040722 31.4471883717471 31.8156461232286 27.5676853885811 27.7457371202956 29.9531711289589 30.8877266752309 28.936794239443 31.3820957816731 29.0535597882492 24.4544943964773 26.0503345264124 26.9268283963055 28.2067358045026 24.8214536283252 22.985758766797 23.8511764048865 24.4567224462039 23.3326579129329 23.7031301859338 19.9548145670171 21.8733216813823 21.1236326538996 25.9855430630082 16.3067296196501 21.6165355834277 18.147185112111 17.1562720794812 13.3112666161706 17.017475817542 13.153608486205 16.3261865535412 15.5581342947523 13.0469734511569 14.8267361573595 12.4265168913906 10.0953488318628 11.0535529858107 9.33977014454872 12.421077141333 8.24708667665947 11.5533286374788 12.7588913930101 8.78977511797404 11.2549602309151 8.32151593069594 7.22401645449818 6.42169978242442 9.63666839769447 8.41289177489337 10.3049753283264 8.60506196403249
14.9355686423692 10.6759240889101 15.9770889695629 19.2804769387982 19.401447633312 18.5697997842239 18.3608047795802 20.4153772269076 16.4607521780573 23.0784504462502 22.4290380899084 23.3323013179046 21.2641566440691 24.7401355481912 25.9187941712855 25.7258330104777 24.5942481155756 28.6726535690759 28.2692270108773 28.4961414796765 25.9738509693516 28.1596514003736 26.8691039656776 28.7605600528758 31.7712038339036 30.6858069872048 31.4082928010638 29.6662825650105 31.356739328395 31.8302444421886 32.4438589961419 30.3880269212227 30.4730793541966 27.1777031578646 28.8903495379075 29.1913226053648 26.2209098898769 29.6037140647179 27.9875673001211 31.7652929771177 28.3792216950542 28.441123804833 30.8646599055042 30.9763200759686 24.5949617074882 27.3372654898297 23.6282520862509 19.4842973622188 20.8184077663989 21.1521183340744 23.6566703850295 20.6644470504685 17.4486837732565 17.6191126797705 17.7647913269137 15.7419087511895 16.3722949014141 21.2079276738532 14.5855977125897 13.6581442898719 16.9726969021147 13.2231570337951 14.0245890381642 14.0337758045203 11.4784084130964 13.6345067254148 16.1613748663194 12.3177500832816 9.87154768710704 9.49214342082207 14.44077991743 7.64873362040655 9.84042956953729 9.8946223538094 8.99836173253624 7.34030440649447 10.0115408279426 8.67849789944368 4.61052055454038 9.80307599320421 7.54820238012051
15.4989029649885 12.0765167689144 12.624589918152 18.9498361176621 18.2178152543444 19.4933773786063 17.4696685516227 19.401824614296 21.9672202378816 18.4805060054076 21.2078835292386 20.7511271957246 23.7267211723466 23.8950594307386 24.7107126869001 25.1774552272953 29.8080983638728 26.6134364340142 27.1661177543179 27.8646895453055 28.5690518947802 30.629094356675 29.2273660861048 28.9607509859876 31.6436088137137 32.8596685451354 28.7720367067496 30.623460592558 33.9949653510164 32.1748570292339 32.2500793213472 28.4270408106086 33.0133913536314 31.3558888728669 27.8336894961841 31.8065876830885 28.3153971498748 33.8360700903718 28.9061976979105 32.1665474808838 26.7504182141869 31.6980080278609 28.998619421971 28.2236458811861 24.9353272567632 25.7392443610204 24.145267669454 21.442799765194 23.78948147562 24.6999523278484 22.6992217087541 19.2624355678777 19.9856921225186 19.3165306138387 17.0842021044824 18.5389347471275 19.0870238538175 18.4697246744925 15.6561260508857 15.4453693974242 16.114483655203 13.943467314797 14.7367255066574 15.2514351167528 15.4932373835241 14.1634367741312 14.3094764094576 12.2420453357607 11.1010701678374 9.85078740747294 9.79960635482194 9.49540098661104 7.55681499216869 9.70521564981379 9.19543267771457 8.64411125043255 9.11718448172853 12.4246832559907 6.97055706796902 9.64248379968993 9.69770361044685
14.4523626259653 15.190362095338 17.6990427688273 15.3805156566587 19.7881466506328 19.481161083919 18.5469867375121 21.6666799552567 20.8974998742905 22.1543188922198 21.121880941444 22.9872018611817 25.714364608656 22.2717267846793 27.4990836367391 24.2560088543083 27.0338446140445 27.4472591525436 30.4258845505363 30.9620545767514 25.2076169911994 29.2958057735118 28.9505196546442 31.9273760273614 27.3842942769155 32.6559660779678 32.1976823081158 31.4806847114579 32.8802504667741 32.5814534664093 32.9674662628867 33.3917229821273 32.3475605496254 32.0770568847307 31.6694116916334 33.6502474840538 34.7702707877315 33.109307076604 33.7685786064253 34.4342982127439 32.2739935654842 28.2114936906477 28.1188869388144 26.5324161309736 22.4359576966799 30.7273949622568 26.022288997916 24.6436831776754 20.1526581133869 23.4561245028234 22.6126718803613 22.9533275946745 22.6369244438953 21.5775921021516 20.1755110586199 18.9040784577054 21.4344355828409 16.8989229695887 15.9244572961033 16.496372125209 15.0990915409538 16.5136938187756 15.8946648315778 14.3873054028685 15.3251527995818 13.5030707676775 13.784022532552 14.077327668268 12.8941930512635 10.0961128895023 13.7241871724261 11.0071811854198 12.5417933788979 7.27193326844955 13.420078031307 13.2038090749059 8.53827942882461 10.7647074727096 7.36182388362349 8.69736435191367 6.25927438387198
15.2003931057198 18.9438366651405 14.8605688346537 16.57023478074 16.744871711498 18.8711455026757 19.1921879088901 25.2430915178965 22.2429876349247 21.7946387377356 19.6897211185862 20.1920864498385 23.7618592800955 27.6186857038003 23.346388442731 28.0901911079413 32.4808982549668 27.8820478898446 28.3626356702154 31.7730108269456 30.7210741994436 29.9579103930225 33.7598759077234 33.4345062159224 30.810214824584 32.8701954842557 32.0461822768493 37.1103071571858 31.8056134453271 37.2306883540959 34.4448402010916 33.9778614954757 35.2256725115595 34.2275931629913 32.7937768470407 36.145177290457 33.1271212667304 32.4305582789026 32.5653774740074 31.3846884935282 32.4439101696317 32.6412985949887 28.3220551555533 33.4917551315288 30.8086477690971 29.9825027902124 28.3686771759593 28.0783179617458 27.0906593387749 26.6282143609494 26.1965455254175 23.021174446678 19.0037449722037 21.6145742895901 20.3932733638151 19.3305458322856 20.7189404682404 21.6892486799151 13.9530846847344 17.2066239405301 16.990091250537 14.3525949419816 12.7886289167787 15.5066492510338 16.1913940783508 12.205049543954 10.5591011489586 13.051002428467 10.4670209666263 8.89243165640757 13.7406024674669 12.726336099858 7.26018900782234 10.0253437981059 10.5691177852766 9.09300982550141 7.21465361561062 5.17900059239247 8.41026380471453 8.56765186684764 10.3265218792563
14.2946989084812 15.3267836130213 16.1077914692027 16.3987558125541 18.724514108488 20.0414093125515 21.1136191421866 20.3972530807239 20.4379577500709 22.0755424447483 20.1816525046649 23.9077064639594 27.301440546822 26.0337494945723 27.03197578091 28.0332219144464 29.627600094711 34.4100983448174 29.1727954177639 29.2024738714413 35.301733762754 32.6118656320424 31.2296708836644 36.269932078955 29.3785136531517 32.7513668191219 38.5140966096286 37.1965679234151 35.4389471590904 36.1005323017241 37.9538418738408 32.4797795057007 36.0124911699001 35.8178891406573 34.6131179083033 33.7376581017407 31.9429768795066 33.8870820313406 32.827616610111 32.1771775978363 29.0853756799452 29.6297769677501 31.2773698624547 28.2296661590083 28.8499621852419 28.9406529246762 25.042445506242 23.7448385362141 27.9482852824244 25.9897726212879 23.0035561812956 20.0381674608669 25.9535315882169 25.5361124952615 17.1097312880959 18.5966537966682 19.5308262246428 19.396833879217 19.8135849518039 18.698336522578 12.4101572144311 16.1017424844704 14.5906345134839 14.7590753381849 14.7396479375078 12.7681437666379 13.4017663156138 14.2700008112718 14.5812058867982 9.75605701388679 9.17214631668737 11.9099377653004 12.373934966606 10.6744190115084 8.52931040755965 8.56546031776005 11.1271063134024 8.44131936318477 9.66373654107578 10.0365801311407 7.63813899437287
19.1508363697676 16.1726950903819 17.5065197946253 19.4857996812045 20.5510927744905 20.0821481286505 19.6689555066029 22.900582347663 24.8977670903999 24.6345960319212 29.4558755086329 23.4441637637296 22.2146689871275 27.2528136918435 29.8171957980863 30.5004011853355 30.4762085878375 30.7638944584968 29.1329295904379 31.6328435602204 29.517163681058 34.1500833906219 35.023444379235 32.9386038129874 35.4126814030833 37.9979575645527 35.2335554496659 35.8138630537198 34.1988527965067 38.6850093342361 40.2878272621853 36.7640920968746 34.976364720368 36.5029812279603 39.3707034065071 35.9406493315408 37.9711351919111 32.5364421351376 35.0531182410943 29.1195946302037 36.8593479987287 30.7324664691255 35.1177534635805 32.4169147647768 32.1191411529208 30.5234610986361 28.7249186793012 28.0799793015031 25.5857426708371 28.7990508641614 29.3943131438812 26.1080608325709 22.7744983285614 23.6048631434048 19.4112127738442 21.6438371025209 18.6360331858954 18.6424481174401 20.7987327294039 14.6963585228962 20.8823725596578 18.8669889719268 15.4131624175586 15.1500668751678 16.0769144055231 15.1404479103929 14.4367565863315 14.2036852887577 13.0945721945058 14.3591881323358 10.5307672544093 15.7938168157995 9.74513824935299 10.4593100045023 10.6517984458895 8.63850299828908 8.00185461232072 10.8563747952055 5.41603109791458 12.1848519971519 8.85296023551283
15.5837213865755 17.6408240585825 17.1024507774526 17.1296687073002 20.0744181862317 24.8246100704006 21.5978318430278 23.8878007089834 23.8392577312844 25.5788953318443 22.3711959679993 24.9356000097731 24.7661807032313 29.6544941932849 23.9748216717867 28.545870891257 30.7080999965115 30.2520848967694 30.6255455430444 32.887103221775 29.1901306864309 33.1988043310056 33.8597041644946 33.2029876224703 34.6385540594426 38.7792557061064 37.560834479794 36.838858978249 32.8085083335851 35.0281957165682 39.6169654972726 37.2937540295036 36.1957142744561 35.5064310222064 37.4154112314131 34.6281174032134 34.7594357627105 35.8034868847887 34.7596959675868 33.0340352994391 35.6510714676612 30.9773957533557 32.2710170453897 32.8622727273496 28.5818998232192 31.873638750139 26.3051617157195 28.8192778462122 32.1238441356657 25.8346845645151 22.2734177581118 23.4588778915967 24.9281589159494 21.9545079361409 24.9329493033519 25.8232842488057 18.3305469019447 22.9483041505561 16.3605984588394 19.3109869421661 17.3848471733208 16.6343586395546 11.268731052122 17.1997772401369 12.2306749125775 16.0422295043962 14.030079695733 15.5886605638533 14.3677967139279 14.7359526223954 14.3929360659699 12.9592900267533 10.1218176126878 7.01674041477274 8.2094521833007 8.25223674106412 8.02276915370711 7.63509057240043 8.28074941338861 11.4541478266416 10.1068223631496
19.1147349183586 17.1914038942967 17.0990628869884 16.0580387283465 20.8230082597292 15.1056934136175 21.2633608737515 26.1585980226578 24.3192703749046 20.6301145522977 26.4293967743792 24.4981705561096 25.7777990799323 29.0598917624891 31.6450081013978 29.1348526716419 30.2995367008332 31.8315170127 34.8826816626736 33.6772137876063 36.1789986263982 34.1385596528232 34.4462980928897 34.7838481794706 31.7973537611838 36.5440769744508 38.4544554975844 34.9702530284486 38.0678658142737 36.1141253017475 39.7957508129169 40.3207626842833 34.1917493724881 36.3358215193911 38.046736287635 39.5154960115223 35.3958458248566 34.5481451306983 35.9247533234663 33.8652078822386 32.4460016189075 34.1630720788278 30.8787696574636 32.8861862586213 31.5896907305235 31.8325682885675 27.7461838914319 32.2396885821354 27.4209068847715 25.8447019433564 26.5195200513345 22.0041258762972 23.9927082140277 24.8112997396411 20.7840760302604 23.6607050795967 22.4425691476049 21.9080024736418 17.9593239724077 18.2274544916445 16.606822112565 16.8529239453311 16.9120786846272 14.8982695078863 15.1859115366725 14.8367214632515 13.7182052557997 14.939106619136 15.2119776600429 13.9159810085482 15.6746341863136 12.8623163778332 15.7950288406818 11.9429261080953 12.2919170356823 9.50225100771371 7.33209022986099 10.5871851460821 9.15718337773648 10.5194723547427 10.5503786743762
17.7287147116526 19.2044680100551 19.0917513038962 20.4421893117548 20.2664286195966 20.8932612371214 23.010626244987 26.8057979591383 22.4568019728551 28.0594051542969 30.4393318270859 27.801175928284 25.1516490239275 27.0576474245585 26.8435442828338 27.9118790695869 29.2729451902513 30.7448126542491 30.3222256676121 33.8266004986848 35.7299326996449 35.2402820736157 37.8860830788492 33.6718974316743 36.3291244994668 39.2476773547877 37.8220294205606 38.7554477199519 40.9873844972029 37.6807731141915 40.2602453805406 39.5294780736913 37.623204168976 41.703764824863 39.8778938287491 35.2670073053479 36.6585052853973 41.3092293938883 36.485095649673 38.2825833293119 39.7123511333276 35.6892434123926 31.8795120903668 34.9362028082363 37.5977558069967 31.1288861027973 32.2496369393932 29.6206131449453 33.921976076545 29.7995449445446 24.6128367945929 27.7076422890784 22.1428490456279 27.8482060313975 27.5142796191951 21.4577856798729 21.1832564501071 21.5136182023102 18.0538937951711 15.0957842869067 19.3777818369018 18.513599068049 19.8400312796943 16.109384568283 16.1421721080747 15.127425136439 15.8460617559389 12.1026936219192 13.3361622579427 14.8855261124449 12.2420385841242 10.2270013917984 10.335849077633 13.8980893147658 7.15601255188235 11.6545267416289 11.4818979138901 10.0658636918355 5.38162234850882 8.87614802537028 7.45912917300765
18.0971715714668 17.3940288456208 20.2121629783294 24.2268265399294 19.256151755712 24.8134552282022 21.3811858872986 22.076931137346 26.2946035248197 24.8361398693572 27.9483591825391 29.5575227991597 25.2635151986249 28.8536166951981 27.063708491799 31.8516303932709 36.5220227709659 33.0763227138247 37.2221018831789 35.68318630739 36.4277682467659 32.7972586922455 38.2749104029644 38.9944576445058 42.1171371122833 39.8311250446527 42.078089045392 39.2335758115194 41.7909985749432 41.303059184424 40.0149590514403 42.484466228756 40.0943852020175 38.7621052699505 40.7446985987318 39.0783581337012 40.0661038277505 38.3115281585478 39.8292116181363 33.5159286824064 35.860404435311 29.5201368513652 38.1332993365178 34.1683951212128 32.7598923036577 28.6708703248746 30.7217285236203 28.4999847758218 31.3429851329187 26.5109803628838 26.4276779968988 29.2558259754791 25.6823606885318 23.888855254252 26.6339645156623 25.24078158488 23.6430884859085 20.3412556564261 24.6535866644312 20.5956609362178 19.0959945388208 20.8847953618305 20.0890586398413 19.3212727802108 13.7626528777926 15.3734476833075 15.2470968740786 11.3215752947859 14.9171014496979 14.3118023373049 10.2755343362742 11.4862969173 8.77941293221807 11.2685657113715 10.4899853324701 8.37531610452256 13.30994836559 11.1440415060694 12.7207020371293 11.38485551156 9.89619235604365
14.0442756745915 19.2877673257901 19.7439513757978 20.6690381117267 24.2665392399751 21.3436014037922 21.3093212706615 22.5617435335601 25.197668451233 26.8820101610909 31.2102877180141 28.2757848367508 28.2889905756043 25.7117059010077 34.2039769920454 30.2185635275771 33.8028519617158 30.8045194818152 35.0558903410402 31.4044031711862 35.0340575575989 37.2855896143619 35.099733918046 38.9779426516663 38.7805528288548 39.4535786913888 41.2482421622256 41.4101676185464 40.3402517651203 40.1450678937474 37.3717238134384 39.939309393365 39.6820870014772 42.4875587458843 37.3944569461728 36.8716108290114 41.2331086335705 38.3201711535896 41.9584927879368 39.9392043421438 39.6959356656431 35.8713973352123 37.5656989839569 35.072229347421 32.4746091958528 27.9513201331121 32.6666476357359 33.1978324966961 33.1614671555884 31.6473908955228 25.2833887252819 27.9000414456671 27.9244236512624 24.7105423876748 25.2479310677296 22.1892005433571 22.5046750657801 21.6974212528125 24.8641673360678 23.358202934358 23.2998435687656 20.2832506264422 18.0881402944592 16.1482895894715 17.5869061426159 16.2349596159746 16.4553766600495 12.4515600986547 13.3109163234056 14.1384841185745 9.34845154509087 12.0937850804254 11.9716545109967 14.6537378753089 10.3776494632329 15.3604515211266 9.41061769865833 13.9347182275482 10.3930751692877 13.1739190066951 5.35999231022889
16.9712688697332 20.7987055664051 18.0674414609409 19.8250928335939 24.9221514903256 17.462121298521 23.1738888253557 21.8465562698133 22.6531581945164 25.4002342242686 26.9219607076575 26.5639908046538 29.851185499131 30.0455781951157 29.2826383027764 28.9487138582633 32.4818195051977 32.4819226646271 36.8271612897164 34.4247746866276 38.3465917642522 37.7700161385777 37.8223942865514 39.5440001112699 38.7444431128635 41.3495448030174 39.6653233712182 42.8592093632978 41.7227392124114 40.6792668577365 40.4067182841371 42.2976712557602 40.5565479630599 39.7576863233179 40.2527860749678 40.2979800978931 39.8190888829336 38.5954958280525 38.1672187576072 36.2562388147819 40.1531702309649 39.3099632994419 35.7556952131577 35.8150478660349 34.4197637078498 36.3871267630119 31.804923610751 33.9239005865093 31.0392238272797 31.3077148790402 32.4620040512242 31.6285717721689 24.7368816403629 26.3724970892771 22.8365147659644 23.878874888158 22.1351389935142 20.5360952143682 20.8949834068784 20.7090123219331 22.6781013550711 17.6831057359741 23.1208290870236 15.8747543729778 19.2523262568245 13.689193111438 15.23727466619 13.2609522045562 14.5056737694024 15.916933433871 15.3729311090607 12.1909185526568 11.7605983541195 12.4550788863293 13.3702449061015 15.9395587694501 5.0179017505402 12.8048402400269 10.6840549206149 6.06218001560813 10.0198501418137
17.5320740256721 19.9484966212766 19.9450949525875 20.4933950759598 20.6440341874302 21.2126690298867 23.1705868980889 26.2028832305679 23.1300829645968 26.1193631538284 28.3684161540271 29.3873853286397 30.5609368215853 29.8706906408363 31.7663300822555 32.9708965847661 33.5817101940157 35.8104974503292 35.6055188531722 38.576960809142 38.243748564036 37.8799446805784 41.2487395041654 38.4311008408266 38.286373503767 42.5166651952656 42.1090346757054 44.7062254220171 40.2306192751323 43.5901867528152 48.0386375613087 43.945754251187 41.958029858547 43.8132278226241 46.0288827828564 39.1107968197278 42.0971869214718 37.4212015860415 38.896323436678 37.5335476506779 36.7170426782205 35.8063878288155 36.959777709165 33.8062099230144 36.4297635721585 35.1739349720341 35.4113583484402 33.3452811483135 32.8219359108335 32.4626093296979 28.5866517837004 27.5909785348332 32.2094693207655 27.7498330090555 28.7681335766366 25.7998542593785 24.6281823846539 24.3399395670494 21.2597292440705 18.0387176869194 22.2582571402842 22.9409120974574 19.6809994518312 18.3647665375879 19.0891045067541 14.908297215153 16.0762909073819 16.4477839018527 15.9138959334215 14.8434183784554 15.7814840518754 15.9014606453949 10.8238121064929 14.1995932766375 9.10165330523854 7.45608741474653 9.93678917108952 10.5699279713887 11.2014161789416 10.1085631125488 11.9716859949371
22.2306978065805 17.658089905556 22.1320767630612 23.9449378720299 20.572355390691 21.2281775322131 23.879524126847 28.0611434896749 24.5672070290853 29.7915769194997 28.4219318654599 28.5743951964808 31.7458986272645 29.7407794649315 32.6855223350796 30.8456576602678 33.1403697329993 36.1453212387186 34.7644583584218 36.5169269133868 38.9863761624117 42.7539950013189 40.1371032712321 39.8504936319768 40.3882497475929 39.0865948381004 41.7704451648119 37.8013300035534 42.7656658065314 38.5194080687955 41.8255382797505 45.229402682544 42.6032156044465 43.916573535558 42.6198636286023 43.0900695335862 41.6047933466673 44.5965046915638 44.9792541425013 39.9517782014775 37.3620124828116 43.0109730215327 38.8468052314619 37.9490445151705 34.8022238447793 38.7760863069545 34.2924828986392 33.362492714249 29.6805621442922 28.7097192002579 27.5973675057713 32.6863229555881 30.6409278885182 29.3917842962378 21.9997453843775 25.7395826650626 26.2112752068149 20.356843909362 20.0275947049354 21.6143915574956 21.5264307342896 19.2329506450416 17.7831669999364 19.3238840536759 18.4924497078171 17.8183449894578 14.863329556424 19.6479451162021 11.3411482296998 10.6894691095643 10.660208198358 10.5206318281151 14.0385748778094 15.4803300110822 13.667509680288 11.9567559470403 13.5133328182622 14.3353857970486 9.94424187715208 7.77423356895156 11.8778973583926
16.8287109998082 19.4468028787676 21.0477428441458 21.794779906783 26.7211705052042 21.2432626084753 26.5119248165055 21.8129098520634 26.4401462787391 29.3398883665467 30.9698195291414 31.0652411656225 31.7278995509751 29.3781499730348 33.8223760436425 38.8533631798461 34.2027337979109 36.1163799624391 36.5399062777974 37.3642018444225 36.0711378113384 43.6868320328029 37.6467007379206 37.5474043179527 43.1386170417557 44.828917812885 43.9039114033444 43.0391107597344 42.5918365484005 45.5816843569482 42.4316106436844 45.1163280509721 45.3621504212519 41.8208678282458 42.4824176879083 45.3217307111028 44.7174921694113 43.2179685784018 40.1414331865276 43.9023218650498 39.3387472709902 40.7034483453449 39.8161725634512 34.8599963734089 38.6715780870852 33.1572651446515 34.7534097068814 32.4279163957137 34.0920885276097 30.423841298706 32.8651450496737 31.7430012225175 30.6215305466684 25.8852107841239 30.7708315330466 27.197378556328 25.4695299856536 25.9043501578335 24.3002428384074 23.0686035194321 22.9831628660773 17.9318495934108 20.1752892926168 18.2788992721044 18.8153654157564 16.9419867621221 17.8867944538929 16.6878582454428 15.7592709944582 14.205957454425 14.3393443762501 15.3707798421673 12.9061081419051 12.1987189394793 11.7847322523204 11.6968685264335 10.884346422623 13.1068288524855 9.57831688428238 8.37764837123392 12.5209466258164
16.111373081838 19.6850170613246 21.1280674341747 20.7620373081561 23.9514484811182 22.6262017231905 28.2641144729522 26.358851597697 31.4460932267893 27.8591837950699 30.2610894999432 31.2991345232713 30.5541863976424 32.1828431852778 36.4002176465441 35.4569123493496 35.7491036943767 37.4360119685477 33.9256160387145 38.5449474738958 43.4831332784811 42.9322333712781 42.8962099010794 42.4444308795065 41.3695398785174 40.8312174717564 45.8099761978593 46.8038452823847 42.2278676296094 43.2854948437869 43.630156639224 44.804818938911 44.5589083320626 43.2951230262266 40.8886447894168 43.4391854909078 39.7354790150681 44.8019849532616 42.2730860700646 42.5079215256616 38.9677940291299 38.9114274386199 36.9963789447481 36.5425158798106 37.9961138628272 37.3784675284427 36.8719183355262 35.6539431055747 35.5519958188788 32.0135784976265 31.88927811038 30.8404804058599 30.4877594926071 29.7572399245005 31.0049995860714 19.7963691265645 26.1999208218956 24.0040873369886 27.5043204487496 21.2295012082109 21.2705784407619 23.1039163221303 22.1526901569568 22.2442673659782 14.4676804579648 16.8628925984898 18.8633562024184 16.0093589421227 17.6182430674216 12.6960613331812 11.8564016065751 17.8922953368514 17.8199655526781 12.2874590713048 10.5031726403198 10.2621224175965 13.0001604474164 7.03389124090704 12.3216159792875 15.3647137024931 9.86175153983448
21.1831691525568 17.9097162801959 20.1880040579826 22.204230381054 21.247953616475 24.9215648587185 25.4890942828847 27.5170568613533 27.2689687851062 28.5583104182767 29.9073167588724 30.8635537629956 33.093202665561 34.7391928366646 34.2618340878519 34.9604339449259 38.4227337629397 36.9703834261273 40.0802002127681 38.6181403237442 40.062219790704 41.2629714871476 44.5110412356775 43.7611455427889 43.181790205994 40.9429631253003 42.0991456269231 45.3924935590348 46.2006878132762 42.9460268631526 44.3902997088233 45.8411374274135 44.879036771726 45.5245562617111 46.3232100384345 44.2119493586198 44.7468242200605 42.0006501668061 44.1242089804439 44.2163351605586 41.9793867050176 42.9250679889159 41.4820607258774 36.260514360461 41.962617420581 38.8773854514588 37.0992327922349 35.0121120683323 37.9038945207406 33.3234992229177 33.4203541140406 31.7665429428995 29.8549880764637 30.6667696353564 30.314053542087 28.4443697235438 23.9798401730761 25.4479809441968 27.3401349766093 22.5187767547031 22.1716730227516 21.0160956048991 19.9908462349973 20.2741494825626 22.0404957136191 15.9707626628522 16.7808335831333 22.0033702603757 13.1174826032479 12.0974658594415 17.4207722676999 15.6716949017403 13.5258397054609 12.6347489442277 15.8321912490219 12.9217176190896 9.8544362537143 7.99150230067765 12.9992353388957 11.9529726152235 8.36782895942645
20.1456376967577 20.6657929916238 19.161434196972 24.0594652491283 25.0660314047349 19.5880444839963 28.349250735024 26.8598603953209 24.5449466099448 30.0210068213063 28.4529572687878 33.617759965696 30.5573160257042 31.8841321639038 33.3018303062397 33.1183853441596 39.5183320396704 34.7443840560939 38.8425002955837 39.0706791936181 40.8593500534325 40.1403660199058 46.2130312495855 41.3974773146717 39.4372885895683 45.3580277555205 46.1004896988067 40.7774238024434 43.0026278958212 47.0689807093574 43.2806002114823 41.7847377304889 42.3119067883588 45.9012870560972 44.4839557680004 44.7567322177977 44.5751122307931 48.5689934932719 41.4260487138971 39.0301326118119 40.5492206783887 40.0732643464454 39.5028821489145 39.3908200115598 39.4656001396971 39.9853040287528 37.3218214919581 35.812730270772 35.2608778024542 36.0748490324195 29.4697751918659 33.1545117967518 32.082444434345 32.8826567834381 26.6171805874782 27.778610892231 25.3778033814087 27.2547525330121 23.0557683426885 26.7488089589685 22.0463337431297 25.2326256692688 17.9979654868281 20.5127838069803 19.5017103477171 20.2603268458541 17.6597555694294 16.8853490480671 15.4919721016209 20.0241879249671 20.045475449646 14.7060900061554 13.850039004623 10.8282345010187 14.9991246857975 14.2103711012421 11.3410238931499 10.9878681618174 12.7000677950554 14.5931364034799 11.430650096222
18.9405862450393 18.3174162515265 19.4788060758845 22.0309255019321 24.2416291223888 25.2191873814021 25.7837523801885 28.2019125609024 27.398199280303 29.3313172057894 30.8805174965419 32.5669205398283 29.0065549511807 34.411404778146 34.8393794288833 35.5084441631276 34.8465415127562 35.3117666281252 37.5680532641459 38.8675676906537 42.4795885658468 40.863036708653 42.2642672651681 45.4820131084788 43.3271523308033 45.5364360894825 47.4277530661463 43.6354538102036 48.8062950735597 47.1839416517082 45.9590877004492 42.9463365753651 43.0653972048583 47.9121971010444 45.6571105350784 41.5084239591838 45.5443960891036 43.6205336695403 42.9164010683102 42.5061384772821 43.849874168788 44.9033161381773 42.6105713737292 41.636892558056 38.9606312283708 38.2212818395242 35.886307630985 34.7051416624307 36.1107592977088 29.3883797751092 32.2454270198291 31.6834598798084 34.3349585085451 28.7681078578928 29.7527607279143 31.0221934433553 27.7399932222184 26.1185415833436 24.8706445892902 24.2382942460321 25.8055156437474 21.6133726588186 20.4340100261001 22.5102664705485 18.6597927429859 23.1763474154314 18.617733809233 16.3353782465594 20.9455064882612 16.7793451116783 16.7969348545113 12.1875749530365 15.4458378336359 13.282511143695 11.2723945771763 10.9107973999426 11.0526258860402 12.734136455106 11.1621165455012 11.0739363648001 12.0976264078728
19.934702467265 22.2961165993477 25.0107255192755 21.2066278428825 25.4380432137377 22.4224272718529 25.3241210327342 24.5933648051898 28.1221551125782 26.1872168363845 29.711087421342 32.7173462752351 29.0524874568216 33.4581336418419 37.8423041022246 35.7861758986049 36.5423332273871 39.0773823691579 38.8873706102316 39.168160802409 43.2908588218744 42.0937142259108 44.7721151159099 43.9853640598773 41.9774696599172 46.1118938349023 43.9002089966431 45.0837371517394 47.1981182437103 47.7680624872454 45.3032372127048 43.2122670231026 48.5702192595857 44.4738996621939 48.7795363835834 49.2476502251629 48.6982999287688 44.5128218520017 47.620942770739 44.7571020118039 44.9463314165602 45.0747865554461 39.9276258855169 43.844492162874 41.1114848518761 37.7141124808162 37.7655402258139 36.4734816959707 36.2370724370801 38.9022672130445 42.6817958936655 32.6441574250257 30.5788227958909 27.3834303254058 28.7759313982006 31.8923535612478 27.1316750812624 30.9967043822017 25.1866912151557 21.9468588061683 24.5796959985894 20.3306305320663 20.9200006821364 20.3425250643428 18.0226209160503 20.4750299129468 18.932456585015 18.398551613146 17.0931270107333 17.25265863519 17.6402288661496 17.161782575676 18.3399484177185 16.12385697648 17.3457547510021 12.2904599063767 11.6330909335999 12.1997801000087 9.152137814727 9.20101522854116 9.10417047146566
19.1812516034836 25.4631544631368 23.2591367802727 19.9975952377635 25.4205953879519 23.656590301991 25.8793970227082 29.3261630441963 27.4616547679303 32.0157148400247 31.3288628459421 29.7606873117061 30.8304620180688 34.9330933644238 40.1020180782934 35.3579878584488 38.8266200577589 40.195592731514 41.1550992402582 42.8830507016653 43.3085645573832 37.1634647941639 45.939797993558 46.7355245563834 46.6165547966941 45.395986680834 47.6103180720264 44.1786957822916 46.792579434337 44.7139693837754 46.5772977202454 49.0435619833793 46.5843623636672 48.9423009069974 46.2742901183848 45.5604452244838 43.8224484223151 44.1457463313857 46.1495922566411 45.5785777767865 44.9355307028476 42.8783564036219 45.9145436179949 42.476025864777 40.989965633746 39.4105279773855 38.4489984750197 32.8672382127321 36.9307909489202 35.3048431381568 32.9623324592364 32.985273088252 30.5411465402183 32.4923450152761 32.225369187573 32.0730560306653 29.2149431721987 28.1381344403101 26.3392160812071 25.4955652211636 25.5213459187103 21.3975455423384 23.5627584668529 20.4363879405081 21.4863543428084 20.3525171883384 18.5754042435624 17.215333490206 17.7598600418302 17.909617928568 17.0105652392405 16.9853794468172 15.8853073502082 15.767611524023 14.563942018418 9.5530188465005 12.2743347974845 11.8147969011342 16.5702012451999 10.2496497644757 11.4981839140082
21.9582132278047 18.4650035713646 21.5128734888862 19.8551599353943 21.6927852860762 25.053787599836 21.097072603536 27.6618357740614 27.9505648380368 30.4245728580182 30.7518087586937 34.172461163915 31.9356599137542 35.2369355466199 30.0341765218175 36.8656900940271 37.9004844463695 38.3302189926624 40.3085608563785 38.9900769292553 45.0506911584378 45.6440761231071 45.1811235694022 42.8460639605772 46.170559657842 45.0179038130437 44.715628916394 49.9487733435741 46.2122535620712 49.2493929545944 47.8917122523784 50.0971498649502 50.3807450885112 50.1222903975238 46.3682518874442 46.6814866014194 49.5397162399657 47.2615651437301 46.1100815148322 43.9079127647971 43.0173401108724 41.8963684067959 43.1875626153999 44.848138965047 42.9447153685662 41.7519645347139 39.9032619687867 44.301934052788 37.881546871932 35.534694805223 29.8010395173243 34.3601591239857 31.5611198901964 33.6785880546286 32.9029516927596 29.0722334785675 31.3545961039711 28.3779140094922 28.3885414024642 26.2207935503795 25.3047125956111 23.4347621001519 24.1927390101556 23.525322738396 23.0519154865016 18.3782253340122 20.7452291128391 17.2855457820756 16.4869582291084 18.7494795969252 17.7369504479126 15.3370428145451 15.893647720605 17.1248853068743 14.0033336410387 10.5248066638138 9.65441818167746 10.3255268261611 12.1642651205495 14.4324974531963 8.52537217110468
17.5491871381553 21.8827408387956 20.0375486780475 24.6315328889593 23.0459028689763 23.9496651018451 26.4324777689975 24.2213346266698 29.4353412581034 27.8470239554743 26.8896909928759 32.9301920390443 35.4624914621213 31.5497938437545 37.3763631999125 34.1256104051984 40.5996261912282 34.8554679071886 38.5547206345247 37.6348541725633 38.2269778915545 43.8677687260501 43.1964033547984 46.3755655409086 41.5510384903173 45.1977514645734 44.7745201768605 44.6636587698676 45.8308173365871 51.3104983869675 46.7724018190662 45.0416253948176 45.7984376131066 45.5082196389332 43.1098120723399 49.3870227092584 45.2985263968432 50.8140827664473 45.0320334003788 46.4590311445068 48.4581870723699 44.1543043971415 46.3523542287989 46.7619008718023 44.4426007578535 41.8222343474144 39.8041965846811 37.2459090930367 39.4187938214328 37.2564472952296 34.6237136171474 36.5238116910554 35.7855940375164 32.5051300280752 34.4143918702738 34.1805319634643 30.1849940260674 27.8820758341108 28.2472211995872 29.1415721049981 22.4182755239656 26.0131499374427 22.6726412146743 21.6287502323973 20.1880391498858 23.8936390912467 17.7763668981212 23.0359894671996 17.5136926638579 15.7298377913696 16.935027719061 16.4376071713784 13.6520927101792 14.2310940960579 16.7282728623979 17.819536247378 11.2863717780829 13.6685698855804 10.4398060883303 13.1090933272607 11.1889530238148
21.3598649795067 19.7037727519802 20.2384934079299 27.6923133156049 22.9232810422911 22.979393605623 25.9773462439988 27.565896563461 30.014837994411 27.1815823708688 31.1667176843967 32.0618059638218 34.6427747314077 36.5211856208606 32.3008916216013 37.381024333984 35.7417530332717 40.2212281061999 39.7552175624258 42.2792836664278 42.9296167904924 43.5521220990384 44.3830609450872 44.8048074251923 47.6960852922369 42.2877312854476 49.976426881674 50.3336557352521 46.8458833904813 46.0805802719631 48.0269691416648 45.1271897969611 47.4688395374666 50.5082697165363 47.5876315608038 49.0995037902635 45.6865462107213 46.9498423788929 43.0971748990622 45.5664947887775 45.6819072481227 42.9998605955373 44.2288171871564 44.9188522967611 44.0729478760263 40.6037769373627 39.3592190590164 38.8804478230821 38.7496464424401 36.6260705055186 35.1948371741768 34.8942962814898 36.3977135267407 33.9022748091803 28.5661301205536 32.3064417033052 30.9659256919447 34.1502941550822 27.2230110713539 23.3849232017219 26.9708345444984 22.7536884394818 23.4496841424194 22.0050850997095 21.6431301998183 24.223940173257 18.4716930450549 21.0163842406035 20.401709461532 18.3358589281459 15.9750201009109 16.0319254875089 14.6248670375916 17.6359570065529 14.1165835458961 13.4774282157687 12.6554282960853 11.5864402782399 15.8184726069625 12.164814702588 10.7421292328366
20.934947653155 23.3563024590107 22.6101051550363 19.2991220268448 27.1899504921012 24.8087165527845 23.9415195730453 27.0105960387791 27.4049280079543 27.7234705071535 27.4550001904913 28.2984410582515 32.5194404956766 33.4497079072102 36.6509603773648 37.6687714006778 39.1540384923267 38.6617080251568 40.2128793921209 41.53607352882 42.6148294365235 42.0910572963486 44.2356300828212 46.5167433584892 45.1398521207589 46.5714281473566 46.2460708461572 45.0166019202535 47.8293130470471 48.3722871354297 48.0573774037588 52.7890444213605 52.1320976338958 49.1811812165595 46.9364612499176 49.5576954105625 48.074466007485 48.6407016191608 46.2681740646891 46.7049507847342 48.9830557203491 42.71008249997 43.9613852760805 42.2040144768513 41.0160777739537 43.8108173573505 41.3804383737509 43.2319223601914 38.7681570116159 35.1846049083905 38.1963440179133 37.174986996105 33.3988373691295 34.2588409142495 32.163929981597 31.5403671258576 32.0363253198762 27.5076841125702 29.0661960681089 26.8509177421482 27.1174294371229 27.329655212043 22.9334525185452 24.6412850409126 25.7245504454006 26.9508337329002 20.2481564553818 20.0955267228554 20.1581393110731 20.1219034952751 21.1800177411991 18.3353277150326 15.6961181555431 15.2510641266435 14.4990907377451 14.9580551384328 11.7089241772391 14.2905117586167 14.1795942708647 9.33916786546717 12.884704032452
21.2133649949315 18.6998286833973 21.4693727513991 23.381677987846 23.1489665775707 25.4287822703521 27.8944094672759 25.9697351434252 33.6866336745841 33.773058408679 34.2682911880767 34.4939158932682 33.1127021075025 35.3177271290379 35.5166565473333 37.2241777858326 40.0669916396113 41.1079320185188 40.2755538398278 39.8089910861373 43.1989329610735 41.0216082796236 44.1727995619021 45.5319602555635 46.3495277188701 46.7971819410713 45.1657786387315 48.9618233232317 48.9095357868199 48.2913902672824 47.4366159524587 47.0479466240471 50.0260445751855 50.5827356079676 49.043300527531 47.120769092244 46.2625564775323 49.5196690717519 45.2524593569191 49.4924225175712 44.4657262007736 43.8346085416717 42.5469992418327 40.1372018849098 39.6730566695793 42.178099731437 42.4169454452696 40.0402167467118 40.1492276384443 38.4940324590449 36.5157341245336 37.5558695122161 35.3450295706568 34.7799855510226 32.6504533101398 28.9324809870549 33.4272446714235 29.9546773237194 32.1940923654429 30.0969002395432 27.863681845237 29.4476936376765 24.7800091449665 25.2659269890937 26.8920145682081 22.193106981139 21.3162244131739 23.1196791370514 23.117308326387 16.048734787887 20.9231136265036 18.2140819743032 19.8085854226329 19.1391180822893 18.4968476297227 13.3682606978766 17.1117477144704 12.9555237514352 15.4571791183095 14.6294162516799 14.3130805068664
18.2426803621451 22.7241221599649 23.4256726298707 24.7070616195086 23.3725108035573 21.4755810247349 26.3657326528655 28.6412350307692 26.530371791385 30.1938551382607 30.2246384988751 32.7776226738196 34.7482455726137 34.9005241211609 34.9623724736078 35.5190102531633 37.8196044215235 38.8794645012246 44.7840676308404 42.5719302344882 42.9436199365839 46.2358911954352 42.1628418145879 43.224555414995 46.1875478999212 43.4292038276539 47.7147758606868 45.3763282983263 49.1607882788767 45.744402816186 48.4354348756148 48.532537247733 48.1529694399073 49.5083448977715 48.2507655176323 47.0102154191098 49.8439287852294 47.9190083539686 46.552875242734 46.0907283611115 44.2241010188738 42.1470999293733 45.3338775768767 46.9850476591499 43.1719619178468 43.3670937646164 42.5035724130927 41.4356413020912 42.122522677277 42.9438034426567 35.8640287553769 38.2560399009994 36.6071998889717 32.3784409287904 36.2408150365967 34.6595545413306 31.0007707801135 29.6419038688817 33.0630941084173 28.8187242724002 28.5360608589055 26.2350495351457 30.2773462715907 23.0836578383692 23.7749152982578 24.7211227362924 23.3580991914162 21.8109006906451 16.7149656611166 22.5777253539594 20.6379920777547 23.0883072510171 18.3619133738756 18.7303945781657 17.5723028322607 14.995598131394 8.79183704515419 14.0185441119414 12.7781138619024 14.049238716886 15.2590407598814
20.7359253126146 22.0891667217235 20.6278735182226 23.0110169528747 25.9015608188367 19.6216348530456 24.6131454193736 26.3983776762653 28.9659686892445 31.403681809927 28.9782499228087 34.3162334951203 35.4955871406607 34.3322267595864 35.5440528538981 35.737460726413 37.9419196020533 39.7033948845552 40.6713909008278 40.1949204010957 44.3912071400242 43.9178653671503 43.1633631668032 45.5854236556388 45.4987152134287 46.8675216528705 49.0249067719369 51.7293641527738 45.3362663393819 46.6326730358856 46.8474050440091 45.1899165149571 47.5911991180082 47.7403827693747 45.0210038994287 52.5943215496024 46.7727635225089 48.9369292717182 47.9154096229955 48.7610374242516 48.6558276092084 51.4716604568145 44.2683923134988 44.7107835261252 45.1773776681382 43.370499771629 43.6499935174445 37.3820061404407 41.6712291023718 36.2116458900178 39.441563607325 39.636854720275 38.0736182013177 36.7047598518507 36.1190370575965 32.4206030845912 31.7392377537734 32.5603218443792 26.2746267774263 28.0338806318761 30.2188273530642 29.8123972679085 29.1040964431032 26.7672567738735 25.0311536664679 24.1641021884072 22.4011345403823 22.0229461615326 21.9696727151964 18.1918282562431 13.3877929897557 18.904817704262 16.8267096807474 15.0661529517806 16.88409916804 11.7797645501747 9.98290240093082 15.7308616382639 12.1356456993142 10.260362685299 14.6782283690471
19.8969699015748 22.7308993942664 21.1099895349741 21.8611886619428 19.6384678897625 22.7367097648592 23.5465275949125 29.0622176253785 28.9808753090574 26.5926050118933 32.6395103672337 32.0612108714208 30.7961653428352 34.4983112915602 39.5822772699024 37.9833688937442 39.049636448667 36.0343754512309 39.9670569726843 40.5183300921829 42.7727118815901 43.614525178561 46.2259676830867 44.5574887777713 46.1533586754428 45.5366157300518 47.6917799594304 50.8038416507332 47.2820445918473 45.4360120255008 48.5655138948359 46.523003996519 50.8683291204929 51.1076317336256 49.9490967182556 49.880378931564 49.6573439727979 47.615036180524 47.8623787737159 46.5534336554415 48.7440435459374 49.0882537871174 46.7102482632598 46.090948510681 44.9122104758612 42.5815337746324 43.9709341960541 39.0317811225106 38.5896818825747 41.065165918621 37.5843246816944 38.0083739071156 39.2399501197546 39.4490739376391 37.262358364489 37.199609214578 35.0987006576354 33.2307921804774 32.7821536481554 30.8672778794622 24.2268946159909 29.5771625353687 27.2375352772865 27.2664851613507 22.9741965282941 23.1453402834803 23.6570489722201 22.7575785438591 21.1170307803255 19.5501244961243 22.2180963527306 20.2173651507723 18.2375793179759 15.9447060695458 18.2059628024222 17.7752182744573 15.0782725314215 15.1526467033343 16.0570966659809 14.8330980775668 12.4061837326914
17.4023299491368 18.5656954107539 20.7057771302986 24.2177943771541 26.5513212921736 25.5831641904929 27.2676060565747 26.0597234702776 27.587830110774 30.7274350622605 28.8279475490309 27.0232215667217 34.0384625415566 33.2156258079618 34.750936668787 36.2617184938333 38.2038267273939 39.3004981037636 38.6351717146378 43.4265037060402 39.5667140379059 43.3203965747632 44.231642872087 44.2507290032783 44.9452682933224 45.2472005642738 48.5217195328345 50.3732327766584 46.7092071618734 50.0797228249667 47.7437551314853 47.0931312816901 46.6840371069182 47.5074344253206 49.1499649569078 47.80538725294 47.8008190465343 48.1937042534055 45.6947517117765 44.0758606161247 46.5478672282517 46.1578594245797 48.0117844088508 47.6256137172548 45.3378232196551 42.2948525888569 42.1990681278656 40.537610459725 41.0521203573331 40.6446079611598 42.3536370202052 38.8331592057935 37.938786477029 36.3690794081514 36.0613974256386 35.719745161596 30.4412232488929 34.0355556763052 30.0987495283541 26.5524953200933 25.403229439884 29.7105336487643 28.9771873810683 27.6690829613952 23.3564635938422 25.9164569378349 25.1514809035933 24.9245865236994 24.9962943431736 20.3555850879125 22.5335960453122 20.1186190114874 23.4607201044397 19.7940834302512 18.7984962709699 15.4757797282127 15.4666872930396 14.5821432997775 15.4365124541741 16.4072560413628 18.0376076052197
18.6658801388909 25.0093929425535 22.1200110997605 18.914589325653 24.0019586445873 23.811614789388 24.2805976339467 27.6448060553437 26.5969693935642 27.8021262646516 29.8213034966699 32.7839766426303 35.1313236354864 35.5308745741541 39.9596486217333 35.4598757358974 37.0565509122445 40.3195516075496 41.1109139590689 40.8205678528691 43.2237428764452 41.7469933428418 42.491867212702 47.1115160913123 47.0380636766976 44.9348941976301 42.9174888400139 44.4399819447021 46.7900757878505 48.4961568449377 48.7415960807975 50.1035454547001 51.1709467171755 44.180652081508 51.3892656711884 47.9010889765885 50.6926723924232 50.2211995827831 47.1461780454773 44.5745540442602 49.6760965745408 47.509187991139 43.9504100486371 45.4885232421143 44.1585235226249 43.6131416137432 41.6295803643467 41.1933473064222 41.8568011717511 35.811772586188 42.1305659465914 35.6950458002017 40.6789488843874 36.8542142649144 33.8093740050303 37.7396241423663 34.6210760155714 31.5505205464605 31.240535916506 29.61612473178 29.5096715488016 26.5656448018014 31.8064565104159 26.2562573656547 28.3264519808417 24.5488229320167 26.5313721278493 23.8179100032052 20.6676078308922 21.3129848466359 20.1513336121089 22.6329361722335 19.692827441177 19.893070253014 17.4008509065108 18.4304627723389 15.2148400405401 14.9492764875996 13.2951755547489 14.8912709132986 17.1569953672598
16.1154841027067 19.607995727326 18.3617972782908 20.083857552211 24.9501985432288 26.0336459498952 25.8884495690445 22.615349590394 29.5372896756665 26.7843739103089 31.3393370984525 34.7338233106834 29.5031363914449 36.874808357343 36.2762990636983 34.4345290371288 34.7423547462759 37.2103729912862 40.7440655036028 37.0413437315875 37.3012915733555 41.6875255045337 42.6568486237819 44.7542420176798 47.3146970178962 44.6064071712297 47.5165400594507 44.7217649691089 51.4249582558965 46.0353241310636 51.0817827520203 52.1604976779174 47.3572926692157 49.3453491389335 49.4163498075954 49.5565417243109 45.0217172293421 52.0178340000828 48.434562981711 48.258732154223 45.7488742991603 44.674802282102 47.5647422903495 45.8754542561124 41.9449597494798 44.0635175273979 41.6628668647472 44.1045795111888 43.0581482871685 43.6886450966705 37.7692889193084 38.1166938966367 37.835446825263 35.8923531380595 38.7539975190755 38.0673189439044 36.9301828936951 30.423933930264 31.984321386856 32.8010664304546 32.7274556252271 30.178140531366 28.959976441048 32.6084859717487 26.6169102111152 24.0384287308094 25.5793764743409 25.7465488624103 23.0259168460967 21.6429657864973 23.2008861820965 19.3007877613238 17.9477616953526 18.1378352091366 18.1576911736315 18.5796324045168 15.7924280593199 16.8230997813414 16.2004415793699 15.9741716034625 14.5167948202987
21.0127380864008 17.4958159378799 19.4911879535547 21.4660840385495 21.8255629098905 26.9449646586096 23.6183283412312 28.3079982194404 27.6123333638401 29.1384321107375 30.5822278363817 30.5461097878729 30.4059856050683 32.5806866593256 36.502547467708 32.7550121541859 38.6849248016078 38.8430399465685 39.8703999774905 39.9301176572048 41.9003659261787 42.7465702232013 42.5818909122289 41.4937798761556 44.414285307726 44.2987071921593 46.7964333038518 48.7888178784858 49.0679673960538 43.3997573009731 46.987826918567 50.1164093960044 47.4528229404033 48.2983608687363 49.6958680138462 51.4777424412673 49.0150573298942 47.1603103755034 48.2302401061502 44.3182632687264 50.358534965795 46.6594092756085 46.7816969969579 43.0834817751923 42.2197124156129 42.3757632482573 40.8255780861345 46.5897782926948 41.3758742899433 39.479560703369 40.8758568476501 41.2839150958849 40.3153031884124 37.5279408863114 34.8799296175773 36.0464213118521 39.5727623793166 31.4259059266776 34.3736373681176 32.5333335258831 32.8440041650034 31.7908167356792 28.6367275340121 31.752656205864 26.2290937237097 24.9439499608465 26.3184593334636 23.5349617315205 24.5190572221933 23.7326439912051 17.7959077830138 20.7752438439655 21.2705717522885 17.3581378666224 19.0350710324591 18.190726033675 16.3508271265438 16.3777797294384 14.8976695220676 13.4153166791195 11.9605543611722
17.6150030306122 24.291362538378 23.0231594928489 23.7253580476391 21.5895711735702 24.7742904238518 24.549405036601 28.730928590218 29.5225618411167 28.7342198177281 32.0966380972233 30.468683274386 30.0259195156612 29.5296730631252 33.666662986237 37.9004657878214 37.8884796761152 35.2181157525352 37.5078445088477 39.3657503457054 39.3597977778495 40.0541655405519 40.6224813501207 43.3797728361314 39.9343968392979 46.6275262993015 43.3470929521036 47.7970574300192 47.639546412622 45.0819856583037 47.4288806872316 47.6037071547192 47.4434688860795 47.0940909667435 46.3299353155313 49.7063020387764 48.030347303215 50.5929958828974 46.2041464898654 48.4148309640704 47.9282104480312 46.5419239029941 42.5240175537904 49.6304448413127 49.5263012280536 43.1122781692554 41.4018288614762 43.9539310414353 41.1677284818134 46.0736484415841 45.5917283343344 42.9182884734744 39.3884753092077 40.4589618753373 36.8222223595801 37.3866561232913 32.1252617344353 33.378993103494 31.9018856089052 29.6605112906231 32.2060272598161 31.9126713712843 31.6050967814478 26.2795185526272 29.8584980054437 25.6309362996354 29.2806856820948 25.8345015711304 25.9097890318274 26.6352035837786 22.8481851862639 23.1274137792515 24.5227066133965 17.8283500502954 22.9503688778369 19.4974899756587 19.977097351308 17.4675118444596 13.2840344648363 15.87693815114 12.9400552914403
18.0943099525178 17.5816806304225 20.4509177224457 21.866377522199 20.4741045451745 27.3333034932422 23.1298321180359 26.196109761412 25.375685583312 30.2259987737286 31.1740843013778 33.879357786574 33.3859832416386 34.2039529057462 32.9114995220912 37.2379845856372 37.7501236066 36.7904172696231 38.6941848140473 35.809277333716 40.6030850525477 41.7962048239967 38.8768405884912 44.8242070283632 41.4053600143034 46.49460191082 49.809228996949 44.3778723146366 46.227481279562 47.7018413538252 48.1881300872005 46.0024847410111 42.77515554458 44.8694949070837 46.4754899152042 46.4711454570971 47.1037722018739 50.2274785835482 49.0204985228423 47.3880252229769 45.6307860344249 45.3910026474134 47.8032867486338 46.4441405274837 43.1351623804465 46.888068453604 42.9837010507014 43.4371351705787 44.529932511767 42.8571646075739 39.9688275319026 41.3492376949818 38.7529511724415 35.027876211775 40.1191399561001 38.2535639056263 37.6070542727068 32.3435029816119 33.9298423679631 32.1563414303055 32.6011653369506 33.4290825142442 31.3934216831597 29.6804435012731 27.8807586284371 27.7671760707779 27.3488513481544 28.1007608782288 22.8506374717914 26.8318804889561 21.846104203149 20.9076207867138 22.6927234257979 17.6839477950702 17.3252828813189 18.9021075942124 19.0612965658194 20.5959266487702 15.5157909312895 15.6095127603985 14.5939932213824
19.1594755653689 20.3849194340019 19.2980630192167 21.2656495023259 20.5633337916296 20.72898572331 23.8184575396065 25.8537423119332 29.226629535458 27.7426392370218 26.6025730903995 27.115049631311 36.3600928812357 33.4775273396551 36.7639552850757 35.9003130319937 33.0904520418586 38.6582002217053 40.102824061133 38.3912125235863 39.6619911483864 42.4110092729031 41.7066148582661 42.2643264024089 46.5073523979772 42.2462126463735 42.6447866839642 43.3732385149655 45.9004100148365 47.5725868730221 46.3340899356622 44.2600630716899 46.9367502368605 46.0667713833787 48.0656907501879 49.4529913865018 48.3533804483943 45.9674232707114 49.1807587699715 46.4023235567069 45.4579374468432 45.5538806503531 42.7562855534554 46.3644257321046 47.76715441868 41.6816622818022 43.0976801347316 44.3546735370142 43.3360871917827 39.0364316545177 41.0249623499494 41.1497576556922 38.8783030734353 39.3718836402164 35.2373819223456 35.4631132396293 36.376982767931 33.4487838575836 29.9934121981575 33.7987409415279 35.1336392405396 31.3341232730845 29.4921975075964 33.7708152297797 27.1435696678144 33.4318046183429 24.5149591646502 28.6144893641358 27.1362781155905 24.8312215929071 25.2622303794401 23.6585738053998 23.9024148688204 21.4900939789326 22.6001652069375 17.4346327530951 22.0491191495997 15.1265939943258 16.4561127633835 19.7426708904281 18.045808461386
18.7608250892488 21.300851400685 21.7093043954223 21.1709898643693 24.5106863161485 22.3525519474947 23.6650167530383 24.31268492829 22.6041888364573 26.5904665851948 25.2411529878194 27.5194632112777 30.329114435971 30.5794200293636 33.8571055720578 35.9384536200021 38.1021835164954 33.7404474716795 38.7456210090937 34.4393824224536 36.6797678920548 39.0143297688113 34.7484194987798 42.4475591693348 43.9420784433925 45.365525588809 46.5840719208113 45.8175107102157 44.0836027259547 45.5795382706141 43.3988989183251 46.4045270302887 48.7055432855523 48.5007424050991 45.892988396378 45.5710652045192 46.8982030046061 46.4885221965379 44.8527340693048 45.24900806864 47.9655422525771 45.7174200242987 48.96082348639 44.1868942406849 46.4125002937787 43.4221992801885 43.6722911703153 43.8787919306333 44.1216654686841 38.4584173602721 40.4321796316597 38.9594554959511 39.5756303550577 39.3711069591126 43.6596051811955 37.1627029504414 40.7577112291868 40.5059115265316 34.3099957230883 36.5287265997679 31.4992431312666 28.8444924777663 30.9361409090111 31.3224011412201 29.8584777483957 31.7726376150555 23.9786506531126 27.1261516488346 27.1406547296444 27.3631799270037 24.6013053643623 23.9085210941759 21.6955489909146 21.9714529745755 19.4530507797287 18.1059143762474 19.8790970960279 20.737465566042 15.0769366593065 15.2386737576023 19.9339266033955
20.3660934111852 21.07686548062 18.8719441621716 23.9018896348081 17.6214316220672 23.5375835318862 22.1630123012488 28.5814838347866 25.4362005084904 25.2345645816823 27.3485115970675 29.9197726346419 26.9868120290023 32.9616371376579 32.8085290590814 37.0570205569444 36.8157918561904 32.4270162513175 36.9703168969971 35.1147934053867 37.3871858962859 34.3154392639559 38.1239021168953 40.316442997992 43.0117449662506 44.591559431872 45.981447443982 43.3441408671196 44.239929102347 45.9288738179275 46.0421583297754 44.7740296249258 47.3232198778243 48.2595741498145 45.2771407660303 43.6167554287164 49.0350521344061 47.1695374035704 48.9010038543202 45.4417108248238 46.1587580928209 43.9946510743541 48.1412441983036 46.8202875352443 43.5265332941439 46.3175707741548 46.1521670489033 44.0474478347404 42.3849428984221 40.0342747927298 39.9335562810853 42.1884897920311 39.4738568051762 39.2840689776057 40.0662241461092 37.1984462645356 36.7937646180405 38.2226073610739 37.8825472588528 33.7087146980132 32.9903461274123 34.5383240460624 30.4219474233674 29.3241288739502 31.9652398101123 29.5122389926693 32.3238456832753 27.6828089493898 33.4226235410623 22.4688451795854 24.9983299701882 24.8527947894274 23.1246692525933 23.3930955850019 21.6434788458424 26.3419160105951 20.0753555642631 19.5976204648895 18.231570959898 16.9586492660003 18.4229822167387
19.5192951696245 17.022946196284 18.0036835069947 23.5893223896442 19.4946502411997 22.06457854305 22.3240503059964 21.9461681019696 22.9664338063785 25.8664960268426 25.3977376574488 29.158300112432 36.077393881023 35.5744182423234 33.13295531469 36.5158646575514 35.977800141457 33.9083817888331 37.6173429771582 40.50551055977 37.1363116661356 41.6143166823981 42.3363752979009 40.4746542596351 44.0498937877837 41.8195830861377 41.2012438662644 42.4044642203868 43.2079021586203 41.158317160645 45.8098340334609 46.441574143273 46.4293854508253 43.872892083398 48.4431365420002 43.6743780341699 46.5162628510032 47.1593826346959 46.1852034749911 49.533389994819 45.7889147059088 41.3253060940309 41.8234949271596 44.3547162968567 45.6937241288372 43.007807744639 44.2606079002342 41.7871737203183 43.9893246051508 39.3771847230076 42.4926027935094 42.4708358793111 43.5064068705694 43.3060897960199 37.7163954859158 40.6665751500672 35.4485389353206 39.5581780976064 34.9978918300294 34.8240978969109 34.3318403020072 37.1471908862783 34.4641067889518 36.6057254014483 30.4421743837059 28.3155470668176 29.4821459882804 29.8776018264979 29.637225395275 25.6752226280641 25.7918254468418 24.3054038044143 23.7775244843258 24.6311250178019 16.5151600882243 23.658951247118 20.4147753929869 15.1015485400637 17.309191100136 21.1661799400333 14.5050436097204
19.9473068900588 18.2964307013756 21.6754345720435 16.9779160942048 22.0906121847163 19.4622499059652 21.8720300869568 26.2335609718911 26.284031755378 28.8903165925091 25.7354164376723 29.1471408988507 31.8010005926074 29.1052166578853 29.2892644107174 31.4234405054197 32.1380115667702 35.5352291265082 33.0542109391121 39.4571367660207 35.7970006349688 38.4654258573977 36.8871647650407 37.2165374759122 41.761218029989 41.7379800640803 43.5329268738211 42.6848484629836 45.2834605336527 39.8325891294026 42.4718299678201 45.3015574880165 45.2966608353863 46.0174684639688 44.8040448143453 44.0443220105722 44.5723769656551 48.7772335474679 44.463079239812 41.497659985175 46.7915939456632 43.4229469600715 44.0195573733626 45.0436837815171 44.4397654912456 45.976696329234 42.9476425566106 44.4179405408096 41.2005303421749 41.4996877697049 43.2740629604491 39.2011102665002 37.5817732687578 42.2835987383629 39.4461301334956 40.4093016483371 41.856323308912 37.421843156473 38.1833772067621 38.3044277452108 35.9454791725713 33.2526520023295 31.3511513753019 32.7096824551159 32.5870170902511 30.9951243726451 30.1634990771891 29.4758064337803 27.8569648973269 28.0928702381854 27.9204376123094 23.5067347547802 26.2234418829953 18.7510423985842 20.1265405246472 21.1244032127865 21.5546158863009 18.9997473471235 17.7657310325441 19.0862855127835 16.8641879203633
16.8389036354862 16.6268998101878 18.2600201284061 20.3617599243366 21.6147850904056 19.478304399243 23.6870625809411 23.889856636586 23.4742231120968 25.058569587449 24.9764607212924 27.446871036206 23.6887329165541 30.5088474533975 28.8306121598216 29.6600971019163 30.9903637941622 34.5274380296128 40.126875683988 33.6606545692028 34.4209781848282 40.4453831280931 40.7427569204902 38.8186101416464 39.9183058840792 42.5674397408098 41.5371254268413 39.5275149573818 40.7059217039049 41.7356945965927 43.0015806333825 45.3142363563678 45.9629318530242 45.2812975264013 42.8994012582436 41.0487735836054 44.6393897332729 46.2925584576529 44.3846430169433 42.9042110934851 44.705591955626 47.7363781777213 45.1647221113927 44.6414022592323 45.6456843640587 44.1368630728758 39.628317518816 43.5404942227657 42.7055946769645 39.5428106819314 42.8857649444593 42.2167746511182 39.531718313135 40.4541800211706 41.6379089146724 37.841741970198 36.1639345021636 38.8821253588203 33.3227640942919 37.8594061448701 32.3283077914417 31.5973310504769 33.6871341163851 29.743500158949 31.3378252437985 31.1370527535058 34.875006102732 29.2227931613288 31.7997197960115 27.4280680990328 22.88690580233 24.904559739325 26.5301925209867 23.4968992588678 21.0723732932112 20.8492409009856 22.0288327528247 20.2031051868368 16.6589267382306 19.2439611277436 17.8847044624707
18.2889943955946 18.4099183107821 20.4229971867192 19.4411231678788 25.0591331901196 16.6374424577621 24.5620055210748 19.3826917552775 23.50741326957 28.2095962086788 26.9187166478736 28.5279442900764 31.30626698666 30.8104831434803 33.4248198691505 31.2671584920927 32.2209504210088 33.0263416741921 31.5155220368916 34.2909132293628 33.075790843059 36.1362101697675 38.8046831677638 32.7337603696367 37.7707265646201 42.3512707836444 37.6247918297687 43.6087114921068 41.2169802565868 41.4064422055553 43.2685008263743 46.3823551343461 43.6128515500637 40.131299310257 46.4779136870864 50.5741682491213 45.1450478291514 43.7332141663365 42.9580005673689 42.9271920532694 45.8056876643715 43.7292771354861 48.1401824237753 45.2095635367924 44.4864206979493 46.4296179054957 45.3036374184161 42.5202796622476 41.707948540808 39.5043463292438 44.4086191188339 40.8369763190876 43.5769117441469 39.4635926450234 39.2093027026304 40.9689557406603 39.2733823710196 40.4870219283002 41.1951269180119 34.2308968222295 34.4334663734816 37.0789293300621 33.4123722768652 36.7572748024106 31.6317389646965 29.7458348897022 32.9884187941167 30.1558834952056 27.2793621757351 30.7596792441325 26.1455410207982 27.5068325080857 26.7980437400785 22.563210272218 21.9821634839833 22.8865552280264 17.8303454008434 20.7538624969315 21.794923952587 18.5675954967474 15.4990931014394
17.1565632796491 18.770228830226 16.3235690721727 18.768067983556 17.1811061934491 20.8339102825585 21.9501256470105 20.1594584027062 23.5646268307973 23.7629767034036 25.356935473433 27.2951536909542 29.6365576140789 28.9056331496537 27.4191465608761 29.492682631653 30.3209866548937 34.3114986127061 35.7185299027535 32.9239461447126 34.4513504507312 38.791260407064 37.0606844020446 36.3389857323643 38.9526699650865 38.9435618835941 38.1377699268212 38.3713741501867 38.9855878016133 38.5401190924079 39.3490056713889 42.6598707188505 40.7400684860029 46.2275391166892 41.9370214784742 40.6969101606386 41.2827390052377 44.4842437182571 43.8224735016105 41.7986315927037 42.8371128815756 43.6765305015112 45.9129977931884 44.7824811455852 44.8671660592896 39.949866296292 44.1536222706923 44.9145378850603 42.0294520418347 41.5217344894048 42.1995912925562 40.2637458634651 44.661886908751 37.5650042065012 39.1190547610509 39.3109007938276 40.4382810992917 38.6804049801714 40.3146587119253 38.5253973881478 38.4061814834704 32.2817590105222 36.9174159321191 37.0860249903411 33.9028034001544 31.0399882808092 31.2523541488807 32.2100510161464 30.1849125662401 30.1653661464616 26.3890357301802 26.5689575107292 27.2835791479319 24.5938979257772 20.9878911419508 27.2074239334096 22.4127914022816 21.0735298889079 16.8229427493223 18.5845240853426 20.4073569641023
18.1819026998913 16.942208507504 14.4975197500349 20.0700430063385 20.4787488626006 19.4995958801298 20.4305103925053 21.791586076127 25.5688968509536 22.9575089384183 22.4064066486123 23.8442290553967 27.7384017926747 30.2660920947395 26.2323634050439 29.064554320912 32.107000654748 31.1242092798734 33.393783868581 31.8604622633703 34.0340059344484 34.5157172317617 35.371573880622 33.5969852894357 35.1754242647971 40.4601634417382 39.5828224223619 35.3588817895083 43.4622669858125 44.6301347708117 42.1098108705561 40.3419602398897 42.8933731089239 41.7148051872205 42.8820718724375 44.200850176516 42.4303357010235 46.034877989958 41.9900904079765 44.1065488466169 44.6575216115218 43.893042015461 40.8521838832567 41.3419527354561 44.6243164497501 43.5610443229426 42.5084993551574 40.2123256804015 42.2027537517126 41.6166573171411 38.7226161809724 39.8968106089113 41.9226502842405 38.7056904177349 38.5905588386354 41.2186181654712 39.4267667609054 38.5522249654752 36.8444605706983 36.8484050129292 39.9147887659508 36.6555054831119 35.0394507792945 32.2092092500895 32.8013587648083 34.0323884609758 29.7014699336525 32.7523818257473 29.2712200456208 31.1196269339235 26.9773799304909 28.6388441692721 28.768713816444 27.2719517910532 24.4590776314811 24.1933570657559 21.9156401159022 18.8159042835306 15.6011019878423 21.2678564832326 16.5414114515539
15.1253824674335 18.3997936433588 16.1229558565669 17.725018738845 18.9494304257241 15.6246477378846 22.7514967115742 18.7075962883393 22.1911918040914 25.3030400898421 23.1068131795537 24.1982249770055 27.1491681019912 27.5594816964573 29.5238199634105 30.7099630412531 28.5159863533521 32.297297747277 33.0073099019891 32.8378255699365 29.6045437333397 35.8194423885018 37.5460819694681 35.6578965707187 36.3136982840553 36.1492092381968 38.6197454733063 37.1782191194489 39.0641011850531 40.1347624449152 39.5103886252248 44.9667470895672 41.8662311667786 42.1612264456478 40.9626602586503 39.1110279984312 43.8988077697863 42.7617941220044 42.1633005940484 43.8604972817135 43.1214553342881 42.1757439696331 43.3098668478112 44.099963126358 40.3914560505295 48.0290831641204 42.1127549490822 43.4517030487344 41.1757017014006 40.5644773772114 43.3950215825462 42.2660583592797 40.7867059919692 41.6702289362794 39.8534739515465 38.0454955920128 43.3410109201817 38.2797698445948 40.7066327394121 34.8239309121099 33.4589232151448 37.1133569000974 32.8700591552035 35.9866905197158 32.4032067749527 32.3373168531725 33.4133027038602 30.8562577788196 29.4998407512326 29.0681081376393 26.791885046953 28.9237663464766 24.7652773879081 25.3198679553609 25.9674893046518 25.636417483442 22.3631634137912 19.1852825115257 18.8477783052734 20.2237563224315 17.5155713512023
14.1096596342134 15.2392551057735 18.3752207002961 18.2729714298622 18.9552679513861 17.982457531483 19.0216519226269 23.6822453045191 23.8378354233036 24.2598236175906 24.1845712765737 25.0338951227682 23.3292101609354 31.5385472264136 25.9704298763883 26.9992906766653 27.8349897227928 28.2230265095194 35.166773246676 35.8347307689532 33.3421751297626 30.5675659671137 36.0308050624357 36.2491572058197 34.9462113181848 39.0192976389694 37.4247946083153 36.0296144773395 38.8925098752477 41.3941783494478 38.6740847533559 41.127848625103 41.016377108637 39.7754688103296 41.1275101356474 42.1989854792364 42.0814131914575 46.6850932455548 43.1803025332779 42.3651316738867 40.2096206201468 40.1789741123722 45.1989552414135 41.94742209331 41.5040207972279 40.1515657457853 43.6215250147236 47.3522108632295 45.868214474714 40.9486990501082 41.8350117422409 43.0110926517687 43.040873724293 39.6462918375985 38.7020495531916 42.9538224794389 39.1788612365574 37.5733524846311 37.7184894655484 37.2256430338518 38.7346409593447 37.1460636036114 33.6022938323853 34.4144363246661 33.1278023520071 33.2059564182504 32.3936372680048 32.8738632230754 30.0522805398057 30.0878652658904 26.0827521264293 28.2057410228391 29.6845753217611 24.5199549093736 25.157090812847 21.9626299492206 21.2455584706249 21.9561811184889 21.8516827380791 15.6123152415644 17.5502486732764
15.4591887820753 14.5723923246054 17.0994451873917 15.4036913208176 16.4505221304309 21.5869576376589 16.9144433644152 20.939927586528 20.8360888734495 20.1535880899361 24.6168698106353 25.1306195488462 22.8041538780304 26.8152802370421 26.656571197769 28.1700066836268 27.9969705284103 28.5828888721826 29.374731922311 32.1854168114481 30.8482352273361 32.6124261708685 34.5681637375076 35.2630962027201 32.6663497638151 35.7307729378301 35.2850703554603 34.6579784737236 34.9266284000095 37.9531279279342 35.6282623663978 40.4882769843296 37.1949405340622 41.6602728772014 40.6898746244355 40.0696918517399 40.6286653024296 40.9953824287667 38.3627828281276 39.8217771673931 38.679918230105 42.9663356104162 45.1642324324728 46.7582487729121 39.7688054001382 43.2743782249563 41.1064646864819 40.3960667693703 44.7320857647216 41.86890508318 46.0532510307054 42.7686940186453 45.5787695998135 42.8423485962318 41.8311008915211 41.2355474112109 40.3478092917177 38.4554844428772 37.298184590741 38.8496453355466 36.6588109392413 33.8902142908693 35.880014561954 36.745714732687 32.6305637639919 34.361759080408 30.4149893818171 28.837575432596 32.2488533502679 31.6045392812235 29.1937119474175 26.6389636921493 23.0629884746547 28.2421243611692 22.9868217744774 22.965790664531 25.5496289713153 19.3301505331736 17.8452593883956 16.501439053756 19.8927751662821
15.7444671057627 15.9364026678828 15.2221129122355 17.5960090224061 17.3065414839391 21.3866672606814 19.1912344002819 23.5080721556273 19.8333986040193 23.9501808627956 22.6086957453645 20.5086276840445 22.0899350516117 23.2057658925973 28.5691261602755 25.9527121066448 26.6749106940273 27.5615705157215 29.0577929996002 31.6376529055186 32.987517492347 31.9235936090854 33.1070997794437 31.6808830194598 36.4330628989651 34.7780479015413 34.1481935619741 31.9250879386483 37.3725888772442 38.0132390439185 35.4272058612269 36.7646344014381 38.0939541457104 39.3536361991846 39.1943970811641 41.6456945609697 38.5803930873698 39.6453345894464 42.7128610049762 40.2109488369064 37.6839893059854 39.4709505630723 40.6919405614742 40.4599222593333 42.734696873352 41.2877168538181 44.0982005280729 41.642858748274 41.1662716055258 40.9795366933437 42.2119123205808 39.1427934349728 43.7026228310895 40.4379711646872 46.8873081789687 38.9108907988949 40.6968810172901 38.5777767845769 40.731257976702 38.1332162007392 38.6542395992872 35.6862003654785 36.8074066865736 35.7208010003756 33.1260532248591 33.6049200086039 32.9141761270434 32.6015452162671 30.6444863197047 32.6026229472473 28.6504597016271 29.0401124828802 25.8715839056755 26.4401202565106 25.0564904169604 22.3097174651311 21.713027233723 24.7438720209518 22.2448022711258 20.7219483229845 18.4636011041772
12.3250034047287 14.3948275434789 17.0646133868269 18.4623298519747 19.3566935693671 14.2562007884774 17.5639597183268 18.4270369203912 18.0735139892123 19.988112229042 23.638928410573 22.7566892040724 23.9395509653783 24.0986182682796 22.1379569721195 25.4424606524117 26.8656425446613 25.730558934505 26.7542710812717 32.5705427794598 28.748197558218 33.2103682035309 31.0916730720974 33.369295716404 32.3934676067364 34.7918039226472 33.839720624481 32.3892855044276 37.1101631648014 38.4557392432072 38.7405310436904 37.923094633691 36.5604147404751 41.3867531542135 40.1917768623209 34.6237537637549 41.2278130344617 39.2402877990849 40.5460472141485 39.5334153099642 38.6520744134135 40.849120894145 41.0290570956544 39.9054882968302 42.8196679294643 39.2248488838237 45.6031073428013 42.1359103886908 41.653193284039 39.9459518723418 40.9567601787309 41.6562701744386 43.1031560609931 44.328585806857 37.7020219468262 38.7568722416436 39.0165902139696 39.3161306319883 36.8465993327481 37.9623558908859 38.7143591644645 33.9801107161109 37.9658116290922 36.3115230644522 34.5556156071005 31.6240702579923 34.1928515646735 33.0964737032649 32.452765237132 30.369283337625 28.8103712591948 30.3606744834911 30.2311274777507 26.5682697690305 27.0646589159619 26.992754096773 22.9588597789365 18.731000838504 21.9201498518428 19.6307003510399 18.2505627510455
15.8963029764783 13.0893091288187 15.5230343037148 18.2461827574701 13.6102103484198 18.220722883888 17.1235146779426 18.9324216214045 21.1064583826489 19.6053664320513 24.1416320071079 21.8014328942572 23.2847858754905 25.9980132823624 23.4394610648155 24.471695415358 25.5522672421341 31.5432494620564 24.4957732339539 27.5340457417039 30.1475640814792 26.9400588944278 33.1250551355397 32.1313130452454 35.9980082883946 29.830943476563 30.4346827320877 32.1550102009962 33.8253484532452 38.0796877455977 34.7174148159323 36.0970790320163 35.2037374426149 42.9105001017961 36.3485171873049 39.472500084339 36.0607801454365 39.8285523164892 40.6024942661763 42.0134998870641 42.3468976478205 43.4538474171889 39.3785338574167 39.394013257052 41.7812354785566 40.4555880234499 41.0954645966194 40.4606670827743 41.8461144666491 40.9979946614897 43.0880083582896 38.1745617968069 43.2993228525373 41.2286403389805 41.0470292921719 39.0655440404703 40.1857429863809 38.1717711300466 38.2229679757955 40.6591570444471 33.1521086679077 37.6616301541394 38.2449756038982 32.6282310416196 32.9553602848281 35.7288134557448 34.4382979756909 32.6205134763346 29.7031594846057 32.7777116812236 29.0820139432721 27.4695946198013 25.5644269156716 25.0330619494876 25.6991762562632 25.1691850318195 21.7327298936133 19.5254625670137 25.0676513762035 20.749940267698 22.0917473777759
15.503002550512 13.1282812252512 16.5012747539182 17.1499293004675 16.2606240806311 15.3918317807204 16.2210624253643 18.8726858003518 18.7460300998147 19.4963094260788 19.3084371003259 21.2770860135807 19.0772857574319 21.133741376265 21.6513045425478 23.7064676273021 21.1570527197799 26.7999724149353 26.680614613757 29.6453072576497 29.2825521529328 31.4543074275937 30.289317918871 31.7407013542617 35.5115530177879 30.9267216610876 33.3882680424546 35.6468179414036 37.8956352705153 34.1664623249027 32.9563502207282 35.8760908486193 37.9220377632192 38.453725625888 33.5167421396769 36.5562447892178 37.2122647022674 40.6038902151675 40.8742296165253 37.5085519909178 42.2035097149427 38.8324074457158 39.5994174817322 36.3700808468837 43.2770741889946 43.0990711093296 40.3594927751594 38.4038094106774 43.690500411534 44.2045213320855 43.1579220438607 39.9925085360867 38.6827462685779 43.2979128310011 39.7811129910897 40.3383771312746 36.8145974450292 39.1263773177816 38.8634561643951 41.6238950957411 36.8325884730989 39.815198388114 37.8748912363404 33.2437364653546 32.1596601677207 32.0083087469445 33.7529310322634 31.9512946916723 29.9041490006351 30.8528937326885 30.4502980877241 27.0808966968805 32.5248058409883 27.2216138476001 27.9529459338571 25.0860433323146 25.4962623097401 23.2906376125721 22.7138163289893 26.8200048338849 15.925948066758
15.2358398712163 15.2135001587509 20.4283359609012 16.134430656379 16.287584888209 15.1208291195947 18.3585800596575 19.8757947588872 17.0673123865342 17.5475558112144 19.3452333301983 20.0577297197512 23.8167450045774 18.4457728365551 24.5072956538611 20.7480261653705 23.7016788956505 20.9300740321599 24.038503442261 27.4120431479258 28.1979009059065 31.9463760801823 24.3578777967079 32.4618372828962 31.5204081567731 26.1252459988957 33.842601381665 33.768680258029 33.4042341412425 33.1791972518003 34.1132035978774 36.2056114208662 40.2820952225601 32.8832435460315 34.8299161471779 36.1140482190142 33.5820153039916 38.6212434078061 37.2517439136382 38.205402211849 37.9357078588075 38.4028706922844 41.6712956557186 40.4190722034361 38.7628823025073 39.7404202736242 42.4217280541992 42.7513893724371 40.8007350408205 37.8956154141309 41.9539534974534 35.4926385528245 41.3253855243044 42.5124823600887 39.5803192558966 36.9211398619124 39.5279832218378 39.3483848040911 35.1721771756805 36.7316720909247 42.7645802995837 36.2167708687964 33.9162508890303 36.0023656951438 36.1548726263497 36.1289000694638 33.3965194815994 33.5400700374247 32.3412577792367 29.8839326368554 29.0565914538121 27.0535880519463 26.3383025533962 27.2607418754045 28.1400818769199 22.947358812913 22.7587545114651 20.1952591193899 18.9109288299547 20.84278298038 18.1334977456702
10.5107209311105 12.5453729566638 15.0617609285311 15.1764224625016 13.8439246716893 13.6659908639587 16.6311882997678 16.9966963650214 22.1948022724191 21.2551492704147 17.1329295675784 18.8710494275733 16.1035650213055 19.9585032507754 17.7247878187994 23.0802793343131 23.0440542287096 22.4967617823356 22.9745470829218 27.6944677800523 31.9379618149045 30.1890157982775 31.4143978902415 31.7166298266691 28.7139885250382 25.6252175156847 29.8620747009875 30.3342643781556 31.6804351331237 30.9229126713266 34.261047396278 33.7985454441438 34.703454978026 33.6871710952023 31.9466915221685 31.5386287856309 35.1106225555143 38.040934153878 38.26030874909 36.8730532781926 39.5818453465054 38.2391984793447 41.2206016522326 40.6307801138349 36.7834605255312 36.8854366178039 40.4509215008225 36.1439184070048 40.5081194183093 40.8465142083206 41.5615716395965 39.1387330933541 41.3920666429054 39.078595334265 37.3615287550831 40.8326511119791 39.2226169266071 40.1700862856045 33.7620260105181 35.0233159893005 38.1105410652362 36.9797575644975 36.7737768667016 34.1787163178974 36.7510853167445 33.9173280022427 33.6431549139593 32.2150779192874 31.9771331322363 32.0692067214498 27.1596903089929 29.6731553645194 27.2697711609198 25.7323202794277 28.4698994467955 22.9615827244094 19.2963286180572 21.1316021965205 20.7080766543228 22.3671727127475 16.3377836135491
12.8611588290804 13.1260883042056 12.1657169591258 12.6865226169533 15.2712551213318 12.6227922087771 15.1472148973264 20.2305256400194 18.0739178185946 18.0360766415454 15.99157192879 18.4444341706913 21.5694593593125 20.0343039062653 24.6249987660026 20.2608103135494 26.1218985560416 22.9053447360797 25.2184487702337 22.7476434427461 25.3158049237574 25.964944484249 28.5876520475811 27.0752715246359 27.402146955209 25.4268524344379 31.6524194740224 28.5668012479517 30.9931550945193 31.1382136318759 33.4112728877876 27.5182074894649 36.0337399356047 32.6857309761656 29.4420308846541 35.3450920802157 34.1851582809921 38.6905762883625 32.8979083472416 37.7432553283653 36.8483189807695 35.6854174584327 38.990071552836 38.9480322131102 36.1968674241274 40.0399749834823 39.481224584846 38.2113335465483 43.7161792802448 38.9566058058103 38.4636856737403 41.0460342400508 37.9876566056826 40.0003367270626 41.5733408158251 39.4256833938335 40.2617306859113 42.3216979333032 40.9411605214975 36.6670967987068 42.5825673925021 36.264914811327 39.1060685061622 36.5411388541549 33.9272243355264 34.9962182629409 33.9955629418507 33.8177451964743 31.1966939743813 30.6733435139644 30.4315192725294 27.3514914164897 26.9461292392461 27.0744506277398 23.0187798060502 24.8043960541512 27.0314190878706 22.8602496435381 19.5968480301156 22.2819101638093 17.5916278607529
12.1337175884848 14.0777844130928 13.8243957616489 12.2817253079745 12.0453324552024 13.8734414914239 17.8829758313777 20.4786332860941 15.6012794551476 19.2237419915868 19.0331651494988 17.5255467612112 15.7249902922115 18.726997882954 22.6952871006714 22.8437258512926 20.8409541832597 25.559031078351 24.4411146409567 22.7063829958514 21.7142613662812 23.8675531608968 26.559139288171 29.8843591795615 26.4478633266463 28.6873822307356 29.6623932286161 29.4390769284466 29.0502065450613 29.3828616563723 33.1938212175817 37.7030731042752 33.1308080782524 31.5198961779733 34.628125835902 34.2293568300172 34.8863771286218 34.3824511343245 38.0411653119463 35.3687540696342 34.9477856637862 35.7469595393117 35.5293221929158 35.5434869296777 38.7981532994253 36.2665932354767 43.1910981748088 40.5571772893144 40.1195996109413 41.0741686852704 35.2004911364072 38.0587110690333 42.9365706084887 38.2329729686542 39.1104373199898 37.5196286466014 39.8656249628363 41.0090554942098 37.5804257857095 37.0356027428397 36.0465548149769 36.0028081930651 35.9007300686346 34.5095466209838 31.1853849492271 30.651886429618 31.9595027623372 34.6319710022713 33.1680278289808 27.2092183240317 29.8236839607913 31.5437791122437 28.0902147100878 25.7111961741752 25.3293437329381 21.4263505030822 24.8743915897711 19.3807199544505 18.7056163722299 23.8914324653628 19.6854083407281
10.7492397624257 9.51356692983518 13.1534367797468 12.3043431900329 14.3208952454352 18.2463944044931 20.7601645109901 17.4567602635054 16.3705663475534 19.3753670103171 20.4425074054343 20.2509946261892 20.9274731390068 17.9077386142549 21.1122204425785 19.7600347429934 21.9786008877541 25.4825758271001 22.8157587562328 20.8348187498616 25.887138462246 27.028181163641 23.8585225479426 25.5095342806214 30.0546791429071 29.3965239984643 25.1943147204738 31.3204525377263 29.1655227227976 31.562532267305 30.5426287857933 31.3792370524413 32.8055058782246 31.0235752205062 32.2727926227789 30.6341090547494 34.4418154773729 34.155067480789 34.220947134431 34.0476384298342 33.1653604174741 34.8562767780048 36.5474328849997 37.0565067806061 39.322912389882 36.0189744373398 40.6220426684456 36.9256851549281 36.788482101549 37.8838251208945 40.768846912094 38.6208681045801 38.8315399400738 36.5992914716844 42.1654643444249 36.6964927908048 36.8125308152305 37.351224247009 37.4122943928499 34.3567832273733 32.2876882025598 35.9932957121854 39.2884051231105 34.3496756276165 33.6697731691259 34.7697227901361 34.1242543927596 32.4147093241455 30.5045410022174 31.9310702860285 31.5010786146773 24.6456329012417 32.1707291739242 24.478981520271 25.3364127755818 23.6752224320569 21.9437702006974 25.659677237879 20.7346708129878 23.4917555834859 21.2358718766538
10.4582869158785 9.83521430134176 11.2738778092298 14.3268819665524 16.7818912596372 14.9275111607668 16.3247727995942 13.3770503906384 19.9600055321974 13.5518897480053 14.0452177088285 17.513694765256 16.2085493561159 20.9822092127842 18.3626035155414 17.0490231949014 19.0721280554335 20.6893133050701 22.195399382334 20.1070544389065 26.5105231815902 24.5279481566873 24.5158215001705 25.7918282019469 24.0397018639575 26.3995658403458 27.9746991535926 23.9448125434648 26.9244613528782 28.5700414129545 29.1101306677417 31.262898141578 26.9055859475216 29.6142754684083 28.5653027062395 31.9176499389245 31.7271806141581 32.8907265409358 36.7504204959001 35.0130610555816 32.6193452959681 35.2186834626701 38.1908876313482 35.2211312490572 36.7257313830211 35.3281147628248 36.3896866780793 36.8258543336943 34.1575186878361 37.4746801347286 39.7765333225686 41.7840362189107 34.4182611952714 39.8340506047475 35.0379136137932 39.082459395863 36.4543502586847 32.9649936790583 35.5870868069952 30.9483027033898 39.369445401687 37.6082363094881 32.6718675559819 35.7534705060201 38.1428130485339 33.0786465599853 30.8005312630062 33.5398099583913 27.7624607558229 26.3103680022184 29.9687816374063 30.5882491221983 24.3670908068677 26.9382996173462 22.3473038084413 22.5848919051575 20.0745510882292 25.0995059469301 21.2800468855317 18.3074456467162 16.3332172907501
9.65492881916357 10.2294199736738 9.88661804888479 14.7860331281747 12.1487727834107 11.3534539778359 10.9733370731665 14.0285096812019 14.9205725274559 15.9953121404512 15.6846398855059 17.2120086906471 14.6851825267061 20.72844810349 21.3195273783218 20.7711629957936 21.9744426014886 21.7703864901821 21.8060279867091 21.1173806127953 22.9216492161134 22.289309305589 25.1648133806971 24.4355519567057 27.644039145684 24.3839645618405 25.103475006129 24.7553540119974 28.3706797351658 26.0154096740447 31.6677081377219 31.8935785994815 27.3441205048552 30.9779033893029 29.4159580403134 31.3123129821831 32.4370455808616 27.7020019585502 34.109648271403 33.9876936123009 29.1747639728996 34.33010349242 33.5503019813488 34.6682771226285 36.6502432854546 32.6556631315392 36.0300720062977 36.1251609310481 34.0073144437996 36.5829631091596 36.257904500298 38.2802292983777 37.2755906240364 36.9122024155045 37.1431850236291 41.9897975708254 38.0597359469513 35.2475593147506 38.5315968619761 37.7951187788119 36.1849529898674 37.9167641034087 35.8433293671538 32.0052228721174 34.1279027476632 34.0740924513015 32.8014546368844 35.3803979624768 32.6690568066759 35.2315217483225 28.2071754835949 25.3592305478978 23.3934420071524 27.2924652764183 25.9138269408606 23.1126982710493 24.7347803459761 19.5058556021948 22.786166215387 22.2155519740742 17.3915726580119
10.0289648205686 9.07269219984678 11.4490932905192 15.6067399138693 13.9967613192538 12.1472726713793 16.3007525834833 14.4167058489333 14.7536628689241 18.176237538927 15.7282432817116 17.6697463567413 20.7782811406021 16.091066440605 19.7738707789118 19.7801862692838 22.9832397186038 16.3792972598539 19.0460129563073 19.1258953240934 20.9637141054597 20.832124855854 22.2864137142812 27.1650224625824 19.8307913069007 29.2627808045882 25.2301723074634 24.3740138490305 25.2645956083168 25.8699267840048 29.1684320516681 30.2747160889352 28.8544728524706 30.9435957805995 31.1434244901848 32.9124662142026 31.4836353329619 30.4061131304476 29.911782527076 33.197616312424 33.3424384597433 30.8976121222582 33.543903506337 34.6654891387387 35.4708563575948 33.4308671972579 31.6182977575894 35.8281690150932 40.6939665482058 33.2168011746553 38.1397167807511 36.7928986849801 38.3442624863702 38.647651018641 36.1467467100999 37.4049677406545 35.3181222829452 37.4083447079994 37.7976851682413 38.1225721739499 39.8988183223108 36.1591832869039 36.2947260178265 39.1536335004761 31.2473015753178 29.1668357653347 31.3173698835483 28.088970850589 30.336922131688 29.4205039043032 29.5416297390117 26.4628986048398 28.1583532330668 27.2022642856745 23.074676145199 24.5635716327726 25.1190766812125 19.2233709213 20.8591807705736 17.1454023518932 19.7222975833641
10.7420156131977 7.29681380844687 7.90812894184083 12.6391643284584 13.0295278972185 10.2934750057727 13.2008632340967 14.7812927229295 13.0881906133006 12.7624548495577 15.6765761514209 15.8695338357977 17.745124260796 18.9910693573464 18.4950009016868 17.6359898146494 20.1837615109057 20.9735148101497 19.7011437228491 20.6901519286517 18.764840270999 20.5355026341512 21.2390540662056 22.750351006685 23.3599495423891 24.9375722088567 26.6550574220547 24.2885978302356 22.8067854877416 28.8755182501608 25.2676429692475 25.9495390514247 26.8215331366922 27.2899345999839 25.4798558111998 29.5316219137085 26.6006260326185 30.682478271578 32.4061591616102 30.6454287492426 30.7685298716839 33.7298742390232 32.6631015562799 33.8591679991292 33.1526719972193 33.9588316116423 35.8078934824806 38.2414724670818 38.6859725477689 31.9678634956772 38.5581004852689 36.4396243031242 38.6815386396271 35.6905254299397 36.1111561535504 38.5215910327874 32.769997488243 35.2088086306567 37.0664095172375 34.7427531842693 34.462240596217 34.8108288537473 35.3044644454006 33.1622440265021 30.3732014928041 31.3273701580505 32.1744288462404 29.8513846842996 31.443334046936 30.5295154349684 24.7184487333812 27.6079012803148 26.3999071644517 25.8279980209034 22.6991694980074 21.9127067830156 27.2049291622303 24.1019101572547 22.8386947685375 19.4260812376942 19.5299409076379
11.4756934324351 9.5336597271388 13.9711062913562 9.52737937250135 13.5769543576046 14.9487289769122 16.297130036603 12.7744669559548 10.2436234469489 14.2351969847861 11.0163264295362 13.8746544965124 16.911825209665 18.0391610605183 16.3828465064189 16.1412511021567 19.0066157844577 20.0115693494669 18.7872030389887 16.9162739602704 19.0437111625701 23.9478573819935 19.0880666837954 21.2550031226629 21.3954377185879 24.9557794339566 23.5216709598224 24.7089667715258 26.0262343401808 27.3460369497389 27.9980417489802 26.0444294730871 25.1540285089476 29.4784219085262 24.7075582570521 24.4860303865119 27.7106240526465 33.4701554432682 28.150557344659 31.2712245134075 29.2810798471677 29.2046919245798 31.7319329046165 33.9179233740461 33.6986275519732 36.0517518112994 31.5063059536223 33.5448044557987 29.8863267908329 31.0203303386866 33.550415018276 30.2996629299959 34.9874767552411 36.7946631967502 33.7630887797671 37.6906709954792 34.1519772353503 37.0162483654478 34.627018922122 36.5776046705758 36.5647458849561 33.1132315303792 31.8930425444224 30.8132958901588 32.0485086305484 35.1375048749675 32.2877726223625 27.8621728589269 32.0471082250823 24.7429215988195 28.2896276617475 29.5898013721965 25.868048420981 24.627733997479 24.4557285369501 22.8311849327715 24.2791721096862 20.3426322904991 20.6495602729416 20.1835719159498 18.3036644138262
12.0127658711602 10.5559300377728 11.8779928857543 10.816552824023 10.3446332836333 13.4602362759842 11.4493915681801 14.5398583462023 11.4192156901068 14.5713101559494 14.5305984519669 18.6614389364269 15.4994466296818 16.0963314972281 16.0431075921933 15.485659587342 20.4076190983031 17.4243901121111 19.6104718337497 19.2375407378846 19.0027043543665 22.0871803560816 20.0948422997345 18.9478820135077 20.3190506434304 20.28056955021 20.8524848465578 23.2856362779482 24.0738824185279 26.1429894973463 26.4213579378487 22.9896820651462 20.7639284217351 22.8032838686729 24.579455901933 30.3249698950154 24.9094076366808 28.2885115404065 29.8331797783859 29.329219052637 26.7781739376949 28.1156204631909 31.1707335428542 31.5361950467662 34.3520915291315 30.9620133612141 31.2901427419336 31.3892285975506 35.7484414406622 30.8248526080049 32.6718514964068 34.9177967721001 32.1202993655266 34.594951667648 36.4994011233302 32.3248241735581 35.1861938634242 35.9031207452123 34.4658177830836 36.4736016785992 35.0259040673148 31.5998675432871 33.613557118023 30.6487736709439 31.7578253453619 34.2988974219023 31.056825195618 30.0624130895787 29.1345302607628 28.2755405930208 32.8582099033314 29.8107643037735 26.0057959048758 26.0486323385461 20.349096166321 23.8451501285885 23.5588143753351 23.3820868205887 16.8406118048347 19.5360644379513 14.8823953960299
13.8299130429707 9.22356553785583 13.4382935979689 11.8866071393731 8.96089589927245 10.6931113181556 12.2352382505182 10.8513249574733 14.5253326833434 13.0110567113279 15.0857659769333 15.2966937801086 16.7840297308932 14.0052900674919 12.9150580743795 13.9044577546072 13.2619138761385 14.9680913660824 17.4333886789467 22.2266920258893 17.7243520045916 19.8126144493154 22.0781235201281 22.7629130684972 25.7729081358192 20.5083836693165 26.5274295277811 22.3539136798089 23.0390614666813 22.7409158064014 28.490888624621 23.6976189455526 24.5713896086928 25.9472866804163 27.1257052093447 27.0625557062496 29.8444280311066 29.9960373914309 31.8271418133117 31.2770091540298 25.5702359341558 27.5237792912098 31.3352365808214 33.9929344964382 27.728856800444 28.4881292902258 30.1011214744299 33.8048784425703 33.145326876726 33.2364382179974 33.3107722312265 33.183906597843 34.6676939360135 32.8300149826383 32.9069222756564 34.312634138989 34.3775049049351 30.1412793666974 33.8095984973912 36.9296532938188 31.8946311755215 31.900699767794 32.3038760194372 33.9974414229331 31.9106976691885 31.0963312313494 29.1668951225487 29.5793815910787 25.2056480181679 33.0474613406172 30.7601836409004 27.637484887235 26.0706405669082 23.5443254693824 23.1322539307907 20.2300357283063 24.3884400461606 19.7214163406226 21.1702680738173 20.1599962900883 17.1895457566334
7.06886208966054 11.0930893083872 12.1746859897856 8.26718695694957 10.7649194436394 12.3898230621282 10.4290593724406 14.4259687421076 12.6678333181377 14.2789773762264 10.3092387836854 10.1733366912393 17.8859657075851 15.7911204357364 14.614853682934 16.2892007949752 14.9497740779109 17.8816026952633 18.4954807695619 21.6785974955474 20.8763987443554 16.0677786556285 13.5326835765779 20.4398165700523 23.9785731825112 20.6108207500209 22.4340567389326 21.2837080295384 22.2188711705332 22.5373304265574 21.422189367083 21.861622975773 23.7334978896194 24.412884242172 21.0927394535067 23.7882176590079 24.7021759606314 26.810408754271 27.6681016439624 28.589821627764 28.0174913430962 28.6143643315775 29.5982976385826 28.7539334547464 29.8756838359773 30.4032920706613 30.0127215992698 32.9166051065541 32.1421517214299 30.4509146604174 30.079733984642 35.2697573393511 31.3614443967227 31.7332275467227 35.8445800187071 33.5869966529786 32.6703296394116 32.742175813601 32.4407152114678 28.0596917879582 31.1597212594931 32.5141382413729 30.7047851122521 31.905819999018 29.2819138935791 34.101997362201 30.2857650950574 28.3422066275933 27.685934561601 27.2977699414145 28.267117490731 27.5547902329473 22.6048775320944 26.6299052515474 23.5017720141053 24.865577969257 21.4983816627492 19.3068187841438 21.3337677191096 18.7522389264239 21.2706570785637
11.2947011003319 8.75207324563613 9.32118435110077 7.63862867081252 10.6847696709037 9.67859017816282 10.5046137810996 11.3397138354772 13.9061335182243 12.8840053071288 17.0687411731271 10.6074068562921 14.3210903319621 12.9800139085751 17.6651074354404 15.8973786652342 16.7196132576595 20.0773909603234 14.4899172681068 18.0566318170373 18.5486841747839 15.6467947555535 17.7023758040702 16.5167405973365 18.0542446984859 19.4031276406568 16.4093600639549 16.9924660497687 22.2228332541734 21.2490537514847 21.3908247360274 23.8399985544242 22.4231997389198 22.5431475417253 25.4082078632768 27.8674191204453 26.1882942951317 25.6486096710102 25.2607034576455 25.69009566176 26.4424046624791 29.2273770941114 26.6026168760501 29.5643536231329 29.3873954953972 26.5804101719946 29.4819112081676 30.7802159051896 30.4889367178123 30.551225218503 33.1122144144863 29.8624587113172 35.3428187268254 31.0668715105286 32.9813247761398 29.8870858099177 30.2354218423745 33.3589890070677 32.7236518535344 29.8071404215906 31.827476053018 31.5704392788624 36.6309144774707 32.7171308873732 29.0378077473981 27.8482908867721 30.7193287777606 30.6836903306812 27.8707885636751 28.6646042419012 24.5491383575893 23.6108480807873 24.0061796008705 24.2482112438144 19.7862846795758 19.5290619619658 25.3800105138672 18.6467147210502 20.9639818515105 18.7770338599281 15.4278790356856
8.37177008901345 6.53497535223163 8.7600745829356 8.06102594162263 10.6238541232192 14.4467042576715 13.8367283171601 9.57146614838088 11.5535692929895 15.4352255461857 11.1448763028756 9.80904038567117 14.0753278143481 14.4944232316133 14.4755076288515 16.3572011438895 13.8711254049476 14.9028838412868 13.3828930064905 15.0217873325569 13.5125373403443 18.8933079361902 16.7538391357249 13.1420727964586 16.6772709318733 20.541550168826 19.1032119364383 15.1918507028377 21.3023813363808 22.6770770310914 20.9378970892019 18.8843959537364 26.8730326274408 20.1660136997859 25.3281402537372 25.0637812141098 24.6262488724352 24.3702127353891 23.0423312369498 27.0778816544816 25.8822306146556 26.553902764685 28.0937230366512 26.7700434321942 28.4964891041626 30.4611277139697 25.4418392405347 27.4309382919465 32.8039316168837 30.5582765239983 30.3069133886935 30.9478960473933 30.6862402303346 29.5074233541262 29.7065328994228 32.6462790088019 34.6081806250171 31.9339219923135 29.3435713907449 37.1601301400338 29.6376562880397 31.3402222634952 28.9369298540616 27.7620571218984 26.9940625489497 28.7335929036215 27.1115381541475 26.845045736564 28.3798822515316 25.2155085756581 25.4383468130019 23.8027433046967 24.4643014691133 22.5215965602877 23.3491911472122 20.0511893498754 20.5986133841639 19.3100319383981 18.5038129382714 18.061724449046 18.1618866044227
8.1834533081289 6.03262637797395 9.60605353412497 15.1436971333696 11.6575060272084 10.747556197025 10.4069163316376 7.40283118681487 11.9868085955128 13.0242322355176 11.7839322850535 12.6572332820343 9.83446715036328 11.4443571582893 12.696509632917 9.46218490841905 14.5506085411882 11.7839969796599 16.0395240467224 12.5048011565973 14.2406984027248 15.8553687604554 16.2916114644041 16.8405269301817 16.908705760867 17.074742795532 20.4403856660183 17.8432048105674 20.6746107119663 20.999735796744 20.8740155601701 18.0832886833982 22.6816828336005 20.5690139058124 21.2466757277596 23.5153723073218 24.9640399731302 27.8334467481534 24.7490301047141 24.4515778849391 22.8714276881935 30.5144820835139 28.4519664012089 27.2145714606202 27.6740737459732 28.9349075268006 25.9800891207355 26.8198067176445 28.8761057540631 32.812205333987 32.7171940223929 30.6220889800178 35.2982283907808 31.9681772062836 30.4173964866051 34.19279472796 27.2208108903115 33.502288690182 28.1981600116669 34.0237550212235 28.7821898668561 29.8905695284797 29.4825597786835 27.3648086233624 27.6550229508868 28.8072821029121 28.9798856215258 27.9744420952438 27.8473536075252 26.2353652397458 23.225359449099 22.8128191291637 24.0196356981613 22.095613974685 19.2217142055137 18.1358488324991 20.4085282151495 19.3559477940054 19.3037827263033 13.028241932551 16.743552111634
10.080068719097 6.79535861402304 8.9307186371051 9.35400712240664 9.49471148204507 8.50711970595195 5.96741783189892 10.8102075189415 9.31066301638874 10.7379916322609 9.72709067529676 10.1112922310418 11.4518928766099 14.3927724887805 10.4680265185479 14.9175818984387 13.5809373766632 10.5195560268905 14.1979987360033 14.6573341671431 12.5696300142056 16.00001024352 16.1202837980914 14.54362893483 17.3199060693618 18.3414134003201 18.382129706931 19.1515736820676 14.6316328937957 19.4737775153293 16.9280912434176 20.7902327334224 20.3394371503842 20.6371703255067 26.1023192621217 23.9434842841971 20.245749693685 19.625115142384 23.7803034419624 24.9391554830195 24.8853744336037 25.0163111888832 27.0777689901389 22.0194504294622 25.9214308308372 26.8192607033869 28.0395167851854 30.012286533073 26.1888293038771 30.6459119296646 30.4401176645714 28.8658805090927 27.8382376034176 29.9030771330914 29.4468761025067 31.1515283148447 28.8598262720492 29.5412359914774 32.1661758129772 30.0676751163484 33.9524280013295 30.8060601859271 31.4335817037439 27.2528870742369 29.6455446818541 29.2639075738416 26.8594382874444 24.3523686045983 24.715824719493 23.5259740365913 25.5268739635431 25.081981657217 18.3725764241327 25.4511894645807 19.9977836865308 19.5751653414181 17.3594865813741 17.7978504819427 20.8646791614222 16.0740925118339 16.7876699672955
11.4339965595955 8.53672548673472 2.80511651586387 9.63400496810911 8.85831627071919 6.55559371814906 6.36747137179952 8.74655839342972 12.5538794468704 14.9028172436686 8.64992598203486 12.3475644099267 16.259902454378 11.3535123717907 10.4615662720679 13.0616092696664 12.2296144391716 17.4150591633123 13.809101905414 14.5435174213064 17.0891570712142 14.0011221071947 17.2174353853038 14.3050606113107 19.6566511679497 15.7731355663736 17.2445854990035 16.2400902298681 18.3568843347288 15.7550817756504 19.2399855527239 19.9801854889345 17.5220777525154 20.9636630529873 15.7615460180108 16.1557434267874 20.5738508711529 23.1120559450815 22.8302062865222 22.9671860938317 20.9948256636488 22.6595908591359 26.3056683481724 23.044466059054 26.3790612538144 26.8955292599596 25.7562977514898 27.8963045112291 26.5341243974431 27.1869934314947 28.6326652056487 28.6669274557742 27.281712363632 27.8664016362823 25.3219868409654 26.9979451886066 26.2733577269782 31.6387130415839 29.0039041197017 30.5637409111686 28.6243182896872 28.5709882102226 25.6705454522755 25.3483172836461 24.9658467746905 24.5931877015296 26.5431609783154 24.8199084649574 20.29102890643 27.2063661696203 26.3167633374279 25.116576166724 19.3127399736954 23.1254991394088 24.3977664580191 19.5771142406868 19.3650245441779 20.5752580410519 18.7608615384285 11.4886787078862 14.7740490536736
9.2389321163228 7.72787252776155 12.4138180361695 8.8077880387062 11.5656086953224 8.46066550118203 13.6952521229424 7.33396572686263 11.9436545611624 10.6857810488274 11.7247892479857 9.71049946570402 11.5372461935962 11.0271485155442 11.1852132377094 13.5891295430602 14.0770460421594 10.3395786800368 12.3328447569431 13.3092409810228 11.1946919773644 14.0576138299867 16.8390470183067 16.775704524718 15.9973201659033 14.9276534318025 16.8460232304729 15.1005444946168 17.1350452189994 20.4084675957051 18.076203662473 16.8941958952683 20.4141399626566 19.5148539792402 16.3696221842156 17.8174470046691 20.2998683884353 16.4886831069196 21.6140982876761 23.6572187537214 21.5908597816904 25.8296911404727 21.2908518877828 17.6384061208098 25.7529221187248 25.7888230887968 22.0827544505693 25.3575542412256 30.4540200489265 26.0795781764777 25.7732054558932 30.3540446422522 27.6739019529795 25.8341148993133 27.0702090393972 30.1871215512583 26.0880013236364 25.333247497332 28.9138325762187 25.5190111616722 29.22795819733 25.1890535909685 24.3253751860398 24.9002914898636 26.5207651203241 27.2680728557605 25.7414291873451 23.3137068718561 21.714066321325 23.7660399589237 23.5231285704007 20.8619235734951 22.2611859546544 21.7155029322501 23.8948819604024 21.6804687223948 15.9655404024636 19.0391506840438 16.4577997577115 18.5560087265307 18.4723858515407
12.1572310110297 7.14642774506446 10.4623476143035 10.8101825609853 6.64424585142522 8.9005001973123 8.60802372298765 12.4825367877822 7.99356141459792 7.88308347744247 15.0871695612877 7.9799833449017 12.0722376093365 12.0731626392511 11.2551007423276 13.0995817806828 10.6731289601701 16.3909607066698 13.0799866682946 14.6354461739147 15.1914179580857 16.7677852184049 15.1217842238282 13.9832641730277 12.5423381367628 18.1779809728274 16.2719853359523 16.6306305573294 15.6486133316442 14.577798461584 16.6453542256598 19.6543955160037 14.515790078261 17.6084912028629 18.0161955256675 21.5133949464004 21.1347583681418 21.9789537228116 14.6475810772177 20.3418493643669 23.4878999445717 18.6673947167454 24.636837853187 23.8946187503866 22.034010800558 20.6227111358653 22.6574573275362 27.8471032318077 26.134119158275 29.1106504819898 23.4128973083409 28.9561148138135 25.3947963617302 25.2064823186133 27.2448766432852 27.1199284525559 26.5874529717274 24.7163421267626 25.8800869538696 29.0787178540156 29.3908938313096 26.6591906969621 26.1995982958245 26.838120830037 24.6398840604628 21.7004817718948 25.6041935473272 27.1072080628901 22.0470915379748 23.3615380036131 21.028215884157 24.078118729772 18.7778153638939 17.8224861685106 17.3632782674775 18.5690427132104 17.2407093751522 17.3913850153374 18.8620351591346 17.3896400725305 15.0635333595523
7.59883412086676 7.0337497895572 7.1152829574009 8.02208433816193 12.6058028761291 10.6209395741133 8.78586679472106 13.0186681490263 6.76329804449619 6.74707271041257 8.62440792168342 11.3193640656284 10.0543393078661 7.48143795980704 12.0734848124583 11.1601090266309 12.7867519727046 11.0215346167274 13.6014135300715 9.65351923735832 14.2769059377201 14.6680657283652 12.4487570005516 9.70835471816078 17.1951729771362 16.5258435344372 13.8399814206644 15.9510281027928 16.2102267863902 13.7718143687817 17.0546590422312 12.6923122078536 17.4169263969575 14.1762542915093 17.3500388214529 17.3054908264796 17.3317312033185 19.6961156181244 16.9805009089823 17.6757931490635 24.7107390607015 24.354155183745 22.8080861962676 25.5340987279639 21.7545202742414 26.5562730693383 22.3518240731989 24.9783488699057 21.4395331840994 21.6336147156851 24.552178790008 23.3897239696156 25.8539815621937 28.944551877077 27.1241109941173 27.1950059558913 25.9429963602294 27.3704115495355 21.8426405381591 29.0878000302258 21.9848132992222 22.6303316260651 26.5384595052354 22.8142578803385 27.2270352728575 25.9682683775935 20.8885337816182 23.6843004533035 22.2286492371489 24.0472692497156 21.7876985183461 18.4483286346296 22.5769266345731 19.2453123021034 16.6987365697485 18.1530138666065 14.8135231788591 18.762065399901 16.8951607352878 15.9403979904731 16.1292452042018
5.71989210750265 5.37111411174426 11.1795162983187 9.57205417749104 9.62026277635909 5.51939652956351 8.54785011343391 7.88578207627449 12.0942194342119 6.51298380308651 8.48716873738177 10.0102538481741 9.260699258509 9.37401665662737 8.40051019107111 12.9672323961861 13.2771302971145 10.1234292522811 11.50840964837 12.4987648748351 7.83105422957596 14.7650337035236 9.54126345295542 14.533312298556 13.5859057118803 15.6149370868026 13.2272221779586 15.1566553049167 14.5096580912416 11.5735919762882 16.6123596230823 17.3585989735276 15.0200739982054 16.4732674821625 18.3374151745016 16.621999978644 18.3686842125126 19.1177189141614 21.5800312004632 19.2930755352076 22.9684710306327 20.1462578903684 21.6909574390353 21.253194423019 22.0796614494955 21.9430684625645 21.9075767268424 23.7535876159989 22.7922017580482 23.843576726932 26.7737703072295 24.2657842362075 19.8483588187508 22.8942577623487 24.6833782109721 23.8908695338862 24.9628786636742 25.9960527033209 26.8230020157304 23.7108349110137 26.7875498841969 21.1416433264688 24.7446477373177 22.9406092752487 27.514446467989 24.7701324134817 22.3419255519293 21.4604567832017 23.8673568490488 22.6317798987978 20.8937885404991 17.4634184932638 21.3688039043089 21.0051231351543 18.7297724980437 16.7512556477546 16.4027718779598 19.4657498098548 12.8841470369983 13.2819216491248 17.2795583669253
4.18875785067808 8.79174428237677 8.55183047676481 6.45765711148613 7.19278054212435 7.05612090070596 5.37232540957586 6.65615065215707 7.64182619490397 8.84079495477526 9.67701018468046 6.16956201555319 8.41289792650291 7.47259165105003 13.3407689023958 10.7699958373211 10.3149736084499 14.2656502551775 12.7505694873266 12.3120995306206 9.42697199239554 9.99051045570387 13.6680181840946 11.6086061917682 10.5622725646304 12.9600181324783 15.2515796423016 12.7128350171233 14.7112257896245 12.3006564520808 13.5304660684752 14.7399547434263 11.8347495126703 16.7514057773527 17.9488471898848 14.7611317262074 20.1664707356247 23.1271128484044 16.5629430863433 18.0081898511252 19.7726319509936 18.4033532257679 22.7598461309718 23.3913598704084 23.3612106144541 23.6814837709721 20.0960352095437 25.4984829802837 25.3297710580585 23.1270506674038 23.9797178226501 24.609330660354 20.5325103225474 23.6616192874465 25.6306423274368 20.8491372257518 25.0359323854499 24.0375047836949 20.8988814011854 28.0403599669426 25.700037756188 25.3894104632546 25.3696195513152 22.5657247298751 24.6074141804109 25.811164258668 21.2493306064576 22.5512106736478 23.6359676144528 21.7123145896905 19.1207905185968 17.614103039973 22.6571740072962 15.9952843240236 19.3592872060558 18.8415292396483 16.45908015186 18.6863293728732 11.7697022811576 12.5915684979864 17.3318774043371
8.18808245830666 9.83590938690954 9.63975059394722 6.31933035713219 6.69103621486223 3.39712614574207 8.06833342916797 10.5376669018537 7.30321065390773 8.58879175255741 5.58341742587558 8.79438586530018 9.60905096496717 8.67080635782967 8.19121932973602 12.0835173295744 12.1554113333447 12.0451533657979 6.35630934477365 11.0513229009481 9.60844501422917 12.5402170162304 12.4297041059463 12.6838483441095 15.0042374442005 14.4628260959252 13.7771772257153 12.4765946052494 12.6225968397958 11.6858018065647 11.5144119986258 11.8314513453743 16.9982808944201 10.740346840943 18.1617275931035 15.9652595277344 19.1173394141621 14.1485299499792 18.0539322284973 17.6761694381773 21.5707260114248 18.906557616906 17.4935317213774 21.5885994085563 20.8667457118113 17.8860019117668 20.511920515581 19.8604340864626 20.6233812667915 21.7966340446823 20.1821366195565 24.5800106621444 25.1764048378183 25.3497156495894 24.6374319282388 19.4698124675815 20.4029637774891 21.3969463432557 22.7601237878185 21.2052875636257 20.7983776371714 20.6381597692125 23.4729366973717 23.5646310066876 24.0008007324851 23.0103019136776 21.1237026275762 25.7505780302432 17.9970212110643 22.1884650650716 18.8629837920926 18.1699898477795 15.8320091277154 20.3125915172295 20.9947935732767 17.348789449318 17.4089014629574 18.0800310238807 18.2557383548846 15.7444041432722 13.8010393109081
4.36555667248273 11.9405667408504 8.78928878022094 8.78013487874035 8.10548264254814 8.49844591704646 5.66575888632096 8.76045422152261 9.35592476220727 6.59579915947025 6.93494080690316 7.57472613610738 9.69959233139757 8.05716489625169 10.308424877447 11.5607173542169 9.37813520951113 13.1359977427951 12.2720391268728 7.44300982586389 12.2082402633878 12.5811489681401 12.562776055952 11.424587834091 13.1083356633394 12.9880248062775 12.4729933697931 12.8444103683608 11.9771866002186 14.1265897952219 12.8061015533771 8.89448104480936 16.7403524205544 11.2014480469896 13.7441538025815 20.1074005635891 16.5675719085338 19.7547248417771 16.6038190396561 17.3562029426901 15.6761866854156 19.3364354616527 18.0310019222848 20.3787029625013 20.9985520062765 21.8170691589818 19.0914233220329 20.1368741315489 20.1533633266477 23.1838990322997 19.2654846955157 24.2880189254959 19.7159204458202 19.3152491927742 22.3254125828646 24.8117401140159 21.9688515687718 18.6419051063374 21.9875089753966 23.9352049668103 25.2791255183379 18.3209409781698 24.4587998250284 25.637521585829 23.1663128437646 22.1122906348402 21.9776135274938 17.8942025715291 20.7133742736908 18.4098331156341 15.8398164261359 15.524385457573 15.8349512791578 15.653038485759 17.6027969137105 13.781080299064 14.9185079781052 15.2358631603553 16.0352757233028 15.9647927612455 14.2230463539248
7.0631361379336 5.78418965272571 9.27132920684589 4.98856602679942 7.69135092323685 9.03867132804581 8.47066565364149 9.15398302504182 8.95209576966579 8.50553405610373 7.56250074161963 10.4187980614648 6.10469044192581 8.32672613477169 12.2366491123046 10.9653385078016 9.10166998995353 6.21093487297313 9.8013930859722 9.07127751324243 8.4117351760846 11.8769406920618 7.92000991749094 12.6088063364827 10.5699187799786 12.3595266751493 16.6212345175378 10.4036255965027 11.7897317482416 14.7228467511487 14.7322781726414 11.7805261471722 15.3949727507455 14.8781640400094 14.9369381830083 12.5982422196173 12.633511821198 16.8750637438463 12.5260427516225 17.6995041776805 15.4780821411037 16.0063682901894 16.0952379613102 17.0758268732283 18.8887484283726 17.9256241366074 17.5488005283102 18.8776551956186 21.95340249836 24.0233983970936 19.2270823870813 21.9923850941647 16.4690970098028 19.5365459305498 20.7154555466926 24.4658010105191 23.5373065212247 22.7224365703703 20.1156280479572 24.4722789425398 19.6442963459215 17.2666297451018 21.6732898154355 21.5197352668909 16.4451951814896 20.0047118653803 19.1670538442639 17.4578936813404 19.1445387611388 15.134832476795 18.9755501631799 19.6265658290198 14.8784214790899 16.2493288205514 14.7089792390921 14.9054267998062 14.656289157997 13.5355881028648 11.8743016581888 15.5627723639407 16.4406477511664
4.88231159323365 5.26730407644468 8.93429628092926 6.02029389667156 5.65540471162802 6.84761877531816 8.68122044649773 4.37166773946637 10.0626403567505 6.05264280923261 7.82716407385216 9.13711790302956 8.28220955783214 8.15304933297267 6.31690034773031 9.46735508068975 10.7488588942201 11.3875934586464 13.2403409579736 8.88049724590659 11.189464071494 8.73871744763734 7.22140312160453 12.5493306514305 11.2626192371813 12.4797934246773 10.7877552818606 10.6230151440646 11.385051773991 11.5528041402462 11.791055638616 8.24121214243135 12.6370145768544 12.2049054186229 13.0363947970669 15.4638767743674 17.611178120433 13.9340264384992 14.2604508552713 14.2324209258952 13.1235817429563 15.8382385966464 15.1710817477383 19.4826037696 15.9107734907689 19.6620282045997 18.2073558036861 21.0528558169242 18.4497962073023 15.553968313907 19.244866826197 19.224020904507 20.6057370831633 21.7827078181664 21.0519016574739 16.3635550674675 19.9767580059781 18.5992893436785 21.9600395194523 21.2329327145332 19.8260042502817 20.4326940750757 19.1378341759963 16.854860214036 20.9752220106667 17.9348043170924 18.0603562881879 17.7411871994614 14.4302369135904 18.4276208690565 15.8245780354924 17.693217461892 18.6686644846424 15.521131624482 13.7254778255738 18.7569780354232 11.858199300248 12.1180641536609 13.7363599517688 15.1764400460452 15.2838054447642
7.28714350369967 5.09774825672286 9.94068040685252 7.05542815033938 8.72866688136685 10.3297974050642 5.9434620896843 2.08603714669531 7.47694110074003 6.47341393700838 7.74708270196044 7.34657415074806 10.2749317583939 8.18531418196548 11.2212430037131 8.78843168669828 9.90761623583744 6.90847383483942 12.6018949066895 9.10336568115695 6.87386554316487 10.6963544724001 9.34125510386817 11.0823573429234 8.25897986473896 9.41830515839073 12.5902004737656 11.2151643155506 7.89407886417643 13.3930391731214 11.8555171528549 12.1326113438742 10.500364160467 13.249315544796 10.2038349810075 11.193428697698 12.9069845759726 12.8495911147969 18.1451514724253 13.7675013860712 13.7768023834443 12.7451838382099 16.9132902061274 16.5385990438636 19.5087568854187 16.7701957188502 18.5710590227497 18.2685864946402 19.1283763369786 16.6844831475994 18.5001284697308 19.6084982473771 18.1587954893774 20.0640979498621 20.3240724178584 19.1050788048397 18.8363277398054 18.9538324761188 18.9323107636802 19.6144432983872 18.503664511397 19.8793799324688 16.6341254555179 21.1448128752426 17.8710941190986 20.2326891663379 18.0236413032141 19.8574854872433 19.0806392335407 16.1290366922922 20.4240015045645 11.4984159128943 16.2242456155447 14.1533611960623 12.452524190747 16.1731943791458 12.8918690292386 12.1400657011031 10.9427907375618 12.4197016544459 10.2337002653619
4.50612047797114 7.58677147005767 5.66734050620726 8.20943592416387 5.81076786363842 7.29716165729101 4.49167526575484 4.77737295104908 3.7026960435553 7.51858555110876 9.1724567885781 11.4093062693874 5.3637099986477 7.44600476555589 10.3882504119232 8.81341966045912 11.5024359301916 6.08303703684251 8.46172626042561 6.71697441390563 7.67009561236723 9.76930552834951 10.9037744893948 6.58882802369834 8.07173457216008 8.15012870939003 8.56046813067668 8.69250470553067 12.5859529332471 7.98293225993977 12.4362487042462 13.9079738847944 14.0256046138586 11.4877452219756 15.3159878494859 12.593764453523 12.808738165848 14.638080807862 10.3378852867285 14.8088046974507 16.212688602395 13.893966872151 13.8701951999811 15.079044376146 16.1894375326168 16.7229308788785 16.4168815784568 15.4106553948388 17.5904595468849 18.1464650837243 18.1736981645678 19.1003226843521 18.9325753474362 18.900702622841 17.8757689423282 20.0823718411959 14.401138388466 16.2483428625016 17.1155584004826 15.2511062305765 19.6480146261878 18.8961902298761 19.8408651919888 18.1127225946344 16.3652626352036 16.2506151122472 16.6704831702588 17.0431058077445 17.8213983213323 16.0830021468643 17.9090930473736 12.3356868634972 15.8776040187852 15.6666355559705 13.0605946267215 14.8237758045396 15.5690884388407 13.1260390472367 10.3845613741101 8.62094743859432 14.7457953446014
4.56219374712594 7.83181130651288 10.2701417517798 8.59191945681465 7.37138521103073 8.07006860842081 4.81469362479249 6.3420685257164 2.27509747383553 8.748014858211 5.30059098739735 7.45034577075048 9.8752627718996 8.22743182982355 8.65299089200866 4.69488580247376 8.95736191911064 7.24540354389844 9.0076023673146 6.69218412850519 10.1342155795889 10.1648920045262 9.43130094118929 6.99995120676154 9.36162824513042 10.5365306545276 10.8118310728025 6.86026406922469 11.3624500551534 10.986098261388 8.16102524256203 13.5480671170557 11.2089647452786 10.812206867059 11.9625659363075 9.61605029774843 12.8279096112799 12.8618759824601 13.5227632094014 12.9557107669819 12.6654591931399 17.8557151866439 12.5350897268952 12.9266221204706 16.3253424592677 13.9854529091564 13.8475365329815 16.2277879136718 17.7661069887765 16.998549616342 14.2309192542907 14.0406702754468 19.6573055963688 17.5649673201937 17.2527544058531 17.6318353324923 19.9217755652648 17.6940938222934 17.6061712480294 17.6444097115968 15.3229128284121 11.5097920990197 17.2724125784021 17.2348019672122 12.1597818059267 17.5589324451432 16.6271011921068 14.2818306812862 15.3485614810239 17.1395438098878 15.9269127778471 18.4984704956592 12.8075877371621 14.5322482459342 11.4125570095776 14.0521524776734 12.5808504494608 11.2928200056516 12.9549322614876 11.089345648261 9.99370812328771
3.8302482599043 9.21710119897181 3.62827444722951 11.4992494214756 7.84141433569212 3.87607160844256 12.2127247171951 6.21932414277823 6.88251896456193 6.96398466855539 5.07438373020482 6.90482724242205 5.35020269918172 9.62772915320648 6.11498135258172 7.76612183722334 8.83091413894499 6.75114491374578 5.68551209466426 4.61919873370758 9.07164993041653 6.84619819823597 9.93354005492745 7.17591149598515 12.2505562766206 8.25139005761337 10.2120075753872 8.94117542239183 10.3641968835242 11.3333763660692 7.37000953914173 13.3434672546077 11.6454377731992 9.80690415377781 12.0854273429087 12.6721117982588 11.1357215336599 9.22481260931687 12.7312780421444 14.4986584260087 10.4876620845479 16.2388913466746 14.1813440220837 18.0099255599713 14.4393553460864 15.4842997984963 14.2518632894055 18.4833569482757 17.5812260874001 16.558098958116 17.6301691479011 14.3312339338607 12.9578672167741 14.9087432122237 18.0673766492588 14.467328407322 16.0866129731097 16.8293674664671 18.5998702782607 14.6207533114772 16.137671697578 15.0292980199196 18.225882598699 16.0864270489254 15.5211929202999 15.539430637362 14.6881564431912 13.8144191716634 16.3278761746466 15.382348984346 16.1284357627114 12.7352244205328 14.4944640631721 13.1907162243852 12.630514843821 7.38990566177891 10.1300455258613 11.2053110895707 8.87311002962726 16.6271024812006 11.4132581361791
0.564454454903362 4.13925513798877 8.37559216938917 7.71154526065284 7.71676803870617 2.65127446984234 3.24780894746077 3.60698331435792 4.12906629144691 8.34458337205579 5.81360240982824 7.4157369745078 5.64689643646915 7.72157954648351 5.97895825260146 10.784277688559 7.32089101519068 8.00780873152318 6.34385633685156 6.15835446767315 8.2672444368541 8.46580016765184 8.63517637189899 9.87927511506775 11.2534341533467 9.54369858537334 11.5518077168667 13.0640682562093 11.4590163310413 9.6666372701599 10.3293325876254 9.76593752623597 8.68827317087845 9.61576150898612 8.07284555907935 10.2858783479782 13.2865850956697 13.6428730781898 12.4300879803085 12.2313919753064 9.08140337836921 10.2681990731223 14.5320350546054 13.1111381666911 19.1650739531461 16.642394935342 11.4090197603929 17.7043416719585 15.9374211058662 12.7911670844088 14.8499595470648 14.2656965842938 16.2950774688559 16.78310656473 15.8218173849308 15.6865840087211 16.5824116751035 13.3506690893918 16.4969782111186 12.1438529012931 17.0982752370842 15.5629588738557 16.3911687851321 16.1201746601176 13.3755932900064 15.2052341985748 18.0788018125747 12.4423747108275 10.6145070493746 16.3367869517422 17.7237236683415 13.2216165860644 13.7610258529679 14.014863985913 10.3889665078183 13.4612961122259 13.1302850464753 12.1356510511808 10.1239769082232 14.2400666539887 10.3510051525729
6.32868402112185 7.03651772357113 10.5580325412791 4.01098014201868 7.110626307912 4.36004716053406 5.68004191763191 5.94311545426831 6.5272168552109 7.12860967894196 5.77399369449176 8.03767345749903 5.80340805041975 8.41471533982704 4.62199601428186 7.68655274846538 5.39585867286544 3.3373116589522 6.26616613811286 9.58154555911401 8.08665289434707 8.03809956683731 9.17857496253698 9.41268173512613 6.99333833435682 7.84959887129678 5.83812264213395 8.36618474159418 8.40173601547763 8.58826018139991 6.55701098926898 11.8946720741111 9.8786902999386 12.0189951178528 11.3214953441001 9.55665323719688 8.20610310879858 10.4301372145819 10.5972182688656 14.6834226808619 14.2520792330658 13.2945463609407 11.5592649423667 7.9891637672692 14.7869509202747 11.4098874026782 16.8700138573927 12.3617957220126 17.1750502104871 16.5786898681494 13.7898461560733 15.3144567088858 13.4525889496341 16.5543510582632 15.2615381203566 13.4028953130841 15.4775743663423 13.0888175649619 17.1861065866619 13.9358456012719 14.5549995815934 11.3664560907876 14.8862827598598 18.5304398614737 13.1962554167008 13.1724803427945 14.6011616358937 15.1710712415155 14.736376400013 14.5720124506522 16.9525290983239 16.1824541575123 10.3620981077622 14.3871375068921 12.2304714544296 13.2134071282214 10.9075558712518 13.0608779322953 8.39103503452057 8.89431485335448 7.33321240911026
4.17623941859157 7.76948255472222 8.17308774038557 4.1183844279507 4.29914645502995 5.09547422674165 6.60094523705139 6.84947309623558 2.08424735740965 7.87777386229589 4.09513258731491 6.46164391793484 3.93616567652596 4.02219103342805 7.59743330674407 10.6899590601757 7.10488399319783 8.42662544290246 6.72500734453121 6.96617174456573 4.61895188060652 6.77974601572295 8.88628455978599 8.36959386094945 7.77176694900032 8.20755258016131 7.02528741893228 10.7157627653876 6.4144809269408 10.7191821575399 10.723604011899 7.47062665835239 9.46016872030671 11.7906674655223 11.5139474748449 11.6382634516361 12.8688083790125 11.12165952044 10.2406511898573 10.0116905001939 10.1060240270806 12.1890753576715 13.313259796144 13.5654538671416 13.3022047850079 13.8633070769289 14.9821755607401 14.6509496399726 11.4435626484597 11.5854866414438 15.672613138164 12.3215043631485 12.8172355784841 13.2328789954486 9.61857419486775 12.9191400064958 13.2233195939694 13.2353203364517 11.9768722220711 13.6898591452274 15.2858371140242 12.4149620643701 15.1441217737251 18.1529963928858 14.3680055087111 15.655819498841 14.5483022814538 15.8190111469656 13.6710194642522 10.7584714065195 13.3553099019826 11.5280632992218 14.9708922387751 11.0874316789953 14.7282461536209 12.3401944777804 13.5985782650586 13.071368673749 12.7411542620761 10.6321830600957 6.96241669038741
1.77519030887087 4.51081312907324 8.78235418252912 2.99526558563409 7.6561237669767 6.88085582233849 3.35617373250546 9.15066164637219 10.0430544144384 7.9424691638564 5.64469334431473 4.46790785594599 10.4105143098533 7.87837098110799 6.78535916996626 7.10066431906408 8.90170121519637 9.83932241711397 7.2498307303165 6.19481370559746 0.982313269586951 6.58972011816107 7.39184720490836 12.0038854819237 9.17126123610644 8.43443325587589 5.69157314674279 6.53477680178186 5.33251377449473 9.40105796695111 11.6614680453603 7.88226352093244 9.72030010721554 10.6212127425107 8.42809329804456 8.47661497072779 9.62376232622198 10.4360801522179 9.51815717650894 14.5820802005799 14.6682817914948 11.2977745996121 14.445003316901 12.123811154378 15.7720575532989 13.7129002514346 10.0733754352955 17.1399420960562 12.017918355931 15.8164809678499 12.1754537849324 16.2873345079096 9.73658528209274 14.0506595177698 14.4634266158794 12.251720362284 17.6442571882721 9.61280202509842 12.1872279298843 15.8396639574276 10.8502438856383 14.5757497495184 13.8706391908171 16.7742827118999 15.2174998759537 11.0840661859913 15.0456252325195 14.9957060271701 13.1801355749515 10.5128329221795 11.4883770354451 12.923918863479 11.2320871875023 11.1696929597096 5.50739149726654 12.2183786430577 9.94274091981007 11.9058440096326 6.25217849477739 9.71701934235304 11.9006214366017
