Latitude,Longitude,Rainfall_mm
13,98,1.77519030887087
13.05,98,4.17623941859157
13.1,98,6.32868402112185
13.15,98,0.564454454903362
13.2,98,3.8302482599043
13.25,98,4.56219374712594
13.3,98,4.50612047797114
13.35,98,7.28714350369967
13.4,98,4.88231159323365
13.45,98,7.0631361379336
13.5,98,4.36555667248273
13.55,98,8.18808245830666
13.6,98,4.18875785067808
13.65,98,5.71989210750265
13.7,98,7.59883412086676
13.75,98,12.1572310110297
13.8,98,9.2389321163228
13.85,98,11.4339965595955
13.9,98,10.080068719097
13.95,98,8.1834533081289
14,98,8.37177008901345
14.05,98,11.2947011003319
14.1,98,7.06886208966054
14.15,98,13.8299130429707
14.2,98,12.0127658711602
14.25,98,11.4756934324351
14.3,98,10.7420156131977
14.35,98,10.0289648205686
14.4,98,9.65492881916357
14.45,98,10.4582869158785
14.5,98,10.7492397624257
14.55,98,12.1337175884848
14.6,98,12.8611588290804
14.65,98,10.5107209311105
14.7,98,15.2358398712163
14.75,98,15.503002550512
14.8,98,15.8963029764783
14.85,98,12.3250034047287
14.9,98,15.7444671057627
14.95,98,15.4591887820753
15,98,14.1096596342134
15.05,98,15.1253824674335
15.1,98,18.1819026998913
15.15,98,17.1565632796491
15.2,98,18.2889943955946
15.25,98,16.8389036354862
15.3,98,19.9473068900588
15.35,98,19.5192951696245
15.4,98,20.3660934111852
15.45,98,18.7608250892488
15.5,98,19.1594755653689
15.55,98,18.0943099525178
15.6,98,17.6150030306122
15.65,98,21.0127380864008
15.7,98,16.1154841027067
15.75,98,18.6658801388909
15.8,98,17.4023299491368
15.85,98,19.8969699015748
15.9,98,20.7359253126146
15.95,98,18.2426803621451
16,98,21.2133649949315
16.05,98,20.934947653155
16.1,98,21.3598649795067
16.15,98,17.5491871381553
16.2,98,21.9582132278047
16.25,98,19.1812516034836
16.3,98,19.934702467265
16.35,98,18.9405862450393
16.4,98,20.1456376967577
16.45,98,21.1831691525568
16.5,98,16.111373081838
16.55,98,16.8287109998082
16.6,98,22.2306978065805
16.65,98,17.5320740256721
16.7,98,16.9712688697332
16.75,98,14.0442756745915
16.8,98,18.0971715714668
16.85,98,17.7287147116526
16.9,98,19.1147349183586
16.95,98,15.5837213865755
17,98,19.1508363697676
17.05,98,14.2946989084812
17.1,98,15.2003931057198
17.15,98,14.4523626259653
17.2,98,15.4989029649885
17.25,98,14.9355686423692
17.3,98,14.6860005940697
17.35,98,14.3998737027863
17.4,98,16.7763141154625
17.45,98,11.8452017704775
17.5,98,12.1234559918049
17.55,98,16.526390632934
17.6,98,11.4148597652297
17.65,98,13.291890603893
17.7,98,15.5027640397299
17.75,98,9.28351498262494
17.8,98,13.3592807709429
17.85,98,8.93222528808195
17.9,98,11.4173209022116
17.95,98,10.7668581083405
18,98,12.6547789793033
18.05,98,11.6680122911253
18.1,98,7.66880072768001
18.15,98,9.66175609133078
18.2,98,11.1004769136908
18.25,98,12.1605473553888
18.3,98,8.22417060473781
18.35,98,10.2215538241976
18.4,98,6.23666451782537
18.45,98,9.26861829185748
18.5,98,10.9702031813359
18.55,98,12.617942020454
18.6,98,9.95874203283396
18.65,98,8.81499562076596
18.7,98,11.3958810904151
18.75,98,10.8121712405727
18.8,98,5.92813209543404
18.85,98,9.37020948569564
18.9,98,8.63014203851784
18.95,98,8.15403725517566
19,98,7.63718765124377
13,98.05,4.51081312907324
13.05,98.05,7.76948255472222
13.1,98.05,7.03651772357113
13.15,98.05,4.13925513798877
13.2,98.05,9.21710119897181
13.25,98.05,7.83181130651288
13.3,98.05,7.58677147005767
13.35,98.05,5.09774825672286
13.4,98.05,5.26730407644468
13.45,98.05,5.78418965272571
13.5,98.05,11.9405667408504
13.55,98.05,9.83590938690954
13.6,98.05,8.79174428237677
13.65,98.05,5.37111411174426
13.7,98.05,7.0337497895572
13.75,98.05,7.14642774506446
13.8,98.05,7.72787252776155
13.85,98.05,8.53672548673472
13.9,98.05,6.79535861402304
13.95,98.05,6.03262637797395
14,98.05,6.53497535223163
14.05,98.05,8.75207324563613
14.1,98.05,11.0930893083872
14.15,98.05,9.22356553785583
14.2,98.05,10.5559300377728
14.25,98.05,9.5336597271388
14.3,98.05,7.29681380844687
14.35,98.05,9.07269219984678
14.4,98.05,10.2294199736738
14.45,98.05,9.83521430134176
14.5,98.05,9.51356692983518
14.55,98.05,14.0777844130928
14.6,98.05,13.1260883042056
14.65,98.05,12.5453729566638
14.7,98.05,15.2135001587509
14.75,98.05,13.1282812252512
14.8,98.05,13.0893091288187
14.85,98.05,14.3948275434789
14.9,98.05,15.9364026678828
14.95,98.05,14.5723923246054
15,98.05,15.2392551057735
15.05,98.05,18.3997936433588
15.1,98.05,16.942208507504
15.15,98.05,18.770228830226
15.2,98.05,18.4099183107821
15.25,98.05,16.6268998101878
15.3,98.05,18.2964307013756
15.35,98.05,17.022946196284
15.4,98.05,21.07686548062
15.45,98.05,21.300851400685
15.5,98.05,20.3849194340019
15.55,98.05,17.5816806304225
15.6,98.05,24.291362538378
15.65,98.05,17.4958159378799
15.7,98.05,19.607995727326
15.75,98.05,25.0093929425535
15.8,98.05,18.5656954107539
15.85,98.05,22.7308993942664
15.9,98.05,22.0891667217235
15.95,98.05,22.7241221599649
16,98.05,18.6998286833973
16.05,98.05,23.3563024590107
16.1,98.05,19.7037727519802
16.15,98.05,21.8827408387956
16.2,98.05,18.4650035713646
16.25,98.05,25.4631544631368
16.3,98.05,22.2961165993477
16.35,98.05,18.3174162515265
16.4,98.05,20.6657929916238
16.45,98.05,17.9097162801959
16.5,98.05,19.6850170613246
16.55,98.05,19.4468028787676
16.6,98.05,17.658089905556
16.65,98.05,19.9484966212766
16.7,98.05,20.7987055664051
16.75,98.05,19.2877673257901
16.8,98.05,17.3940288456208
16.85,98.05,19.2044680100551
16.9,98.05,17.1914038942967
16.95,98.05,17.6408240585825
17,98.05,16.1726950903819
17.05,98.05,15.3267836130213
17.1,98.05,18.9438366651405
17.15,98.05,15.190362095338
17.2,98.05,12.0765167689144
17.25,98.05,10.6759240889101
17.3,98.05,14.8025764570071
17.35,98.05,9.66089508043163
17.4,98.05,15.1386642723127
17.45,98.05,9.8380809249793
17.5,98.05,9.17911527226816
17.55,98.05,11.8003363409555
17.6,98.05,14.70343025885
17.65,98.05,13.991524230191
17.7,98.05,11.5038484100388
17.75,98.05,12.5064163647811
17.8,98.05,12.3795867274427
17.85,98.05,10.603250144207
17.9,98.05,11.2674139425661
17.95,98.05,10.2599321997954
18,98.05,9.57967594476456
18.05,98.05,12.9837242774933
18.1,98.05,12.1990574427588
18.15,98.05,7.94754258260151
18.2,98.05,7.95023315510974
18.25,98.05,8.80933182298712
18.3,98.05,11.6036322367456
18.35,98.05,9.9262838408889
18.4,98.05,9.47284333291203
18.45,98.05,8.42734805160381
18.5,98.05,10.7400463951932
18.55,98.05,10.3898710726527
18.6,98.05,11.9407551674928
18.65,98.05,5.82306936612747
18.7,98.05,9.24581531660876
18.75,98.05,4.50906406889805
18.8,98.05,12.6443257183613
18.85,98.05,9.98341541476488
18.9,98.05,8.10654454935563
18.95,98.05,7.73946805091299
19,98.05,5.48455919990816
13,98.1,8.78235418252912
13.05,98.1,8.17308774038557
13.1,98.1,10.5580325412791
13.15,98.1,8.37559216938917
13.2,98.1,3.62827444722951
13.25,98.1,10.2701417517798
13.3,98.1,5.66734050620726
13.35,98.1,9.94068040685252
13.4,98.1,8.93429628092926
13.45,98.1,9.27132920684589
13.5,98.1,8.78928878022094
13.55,98.1,9.63975059394722
13.6,98.1,8.55183047676481
13.65,98.1,11.1795162983187
13.7,98.1,7.1152829574009
13.75,98.1,10.4623476143035
13.8,98.1,12.4138180361695
13.85,98.1,2.80511651586387
13.9,98.1,8.9307186371051
13.95,98.1,9.60605353412497
14,98.1,8.7600745829356
14.05,98.1,9.32118435110077
14.1,98.1,12.1746859897856
14.15,98.1,13.4382935979689
14.2,98.1,11.8779928857543
14.25,98.1,13.9711062913562
14.3,98.1,7.90812894184083
14.35,98.1,11.4490932905192
14.4,98.1,9.88661804888479
14.45,98.1,11.2738778092298
14.5,98.1,13.1534367797468
14.55,98.1,13.8243957616489
14.6,98.1,12.1657169591258
14.65,98.1,15.0617609285311
14.7,98.1,20.4283359609012
14.75,98.1,16.5012747539182
14.8,98.1,15.5230343037148
14.85,98.1,17.0646133868269
14.9,98.1,15.2221129122355
14.95,98.1,17.0994451873917
15,98.1,18.3752207002961
15.05,98.1,16.1229558565669
15.1,98.1,14.4975197500349
15.15,98.1,16.3235690721727
15.2,98.1,20.4229971867192
15.25,98.1,18.2600201284061
15.3,98.1,21.6754345720435
15.35,98.1,18.0036835069947
15.4,98.1,18.8719441621716
15.45,98.1,21.7093043954223
15.5,98.1,19.2980630192167
15.55,98.1,20.4509177224457
15.6,98.1,23.0231594928489
15.65,98.1,19.4911879535547
15.7,98.1,18.3617972782908
15.75,98.1,22.1200110997605
15.8,98.1,20.7057771302986
15.85,98.1,21.1099895349741
15.9,98.1,20.6278735182226
15.95,98.1,23.4256726298707
16,98.1,21.4693727513991
16.05,98.1,22.6101051550363
16.1,98.1,20.2384934079299
16.15,98.1,20.0375486780475
16.2,98.1,21.5128734888862
16.25,98.1,23.2591367802727
16.3,98.1,25.0107255192755
16.35,98.1,19.4788060758845
16.4,98.1,19.161434196972
16.45,98.1,20.1880040579826
16.5,98.1,21.1280674341747
16.55,98.1,21.0477428441458
16.6,98.1,22.1320767630612
16.65,98.1,19.9450949525875
16.7,98.1,18.0674414609409
16.75,98.1,19.7439513757978
16.8,98.1,20.2121629783294
16.85,98.1,19.0917513038962
16.9,98.1,17.0990628869884
16.95,98.1,17.1024507774526
17,98.1,17.5065197946253
17.05,98.1,16.1077914692027
17.1,98.1,14.8605688346537
17.15,98.1,17.6990427688273
17.2,98.1,12.624589918152
17.25,98.1,15.9770889695629
17.3,98.1,13.0068923355554
17.35,98.1,13.6560701511817
17.4,98.1,19.1863960654567
17.45,98.1,17.0621214787516
17.5,98.1,13.7464359227045
17.55,98.1,15.144336405858
17.6,98.1,12.8659202302973
17.65,98.1,8.67709934362178
17.7,98.1,9.73587503628808
17.75,98.1,15.0645332864031
17.8,98.1,11.5513287344132
17.85,98.1,11.4349640402672
17.9,98.1,11.1957326346207
17.95,98.1,9.95523867041245
18,98.1,6.02766892877825
18.05,98.1,7.4755695371226
18.1,98.1,11.3919639311715
18.15,98.1,10.0685255140955
18.2,98.1,11.4128607593614
18.25,98.1,10.2548241642108
18.3,98.1,11.8148799949828
18.35,98.1,8.9035941069317
18.4,98.1,8.71945781252968
18.45,98.1,15.2328243061232
18.5,98.1,11.6358862453972
18.55,98.1,9.85080074597158
18.6,98.1,12.1764021748827
18.65,98.1,13.1246006734269
18.7,98.1,11.0878637284855
18.75,98.1,9.37055167988785
18.8,98.1,5.17556580721721
18.85,98.1,9.63344810453652
18.9,98.1,11.0276540700375
18.95,98.1,8.48806111760963
19,98.1,8.88472321729993
13,98.15,2.99526558563409
13.05,98.15,4.1183844279507
13.1,98.15,4.01098014201868
13.15,98.15,7.71154526065284
13.2,98.15,11.4992494214756
13.25,98.15,8.59191945681465
13.3,98.15,8.20943592416387
13.35,98.15,7.05542815033938
13.4,98.15,6.02029389667156
13.45,98.15,4.98856602679942
13.5,98.15,8.78013487874035
13.55,98.15,6.31933035713219
13.6,98.15,6.45765711148613
13.65,98.15,9.57205417749104
13.7,98.15,8.02208433816193
13.75,98.15,10.8101825609853
13.8,98.15,8.8077880387062
13.85,98.15,9.63400496810911
13.9,98.15,9.35400712240664
13.95,98.15,15.1436971333696
14,98.15,8.06102594162263
14.05,98.15,7.63862867081252
14.1,98.15,8.26718695694957
14.15,98.15,11.8866071393731
14.2,98.15,10.816552824023
14.25,98.15,9.52737937250135
14.3,98.15,12.6391643284584
14.35,98.15,15.6067399138693
14.4,98.15,14.7860331281747
14.45,98.15,14.3268819665524
14.5,98.15,12.3043431900329
14.55,98.15,12.2817253079745
14.6,98.15,12.6865226169533
14.65,98.15,15.1764224625016
14.7,98.15,16.134430656379
14.75,98.15,17.1499293004675
14.8,98.15,18.2461827574701
14.85,98.15,18.4623298519747
14.9,98.15,17.5960090224061
14.95,98.15,15.4036913208176
15,98.15,18.2729714298622
15.05,98.15,17.725018738845
15.1,98.15,20.0700430063385
15.15,98.15,18.768067983556
15.2,98.15,19.4411231678788
15.25,98.15,20.3617599243366
15.3,98.15,16.9779160942048
15.35,98.15,23.5893223896442
15.4,98.15,23.9018896348081
15.45,98.15,21.1709898643693
15.5,98.15,21.2656495023259
15.55,98.15,21.866377522199
15.6,98.15,23.7253580476391
15.65,98.15,21.4660840385495
15.7,98.15,20.083857552211
15.75,98.15,18.914589325653
15.8,98.15,24.2177943771541
15.85,98.15,21.8611886619428
15.9,98.15,23.0110169528747
15.95,98.15,24.7070616195086
16,98.15,23.381677987846
16.05,98.15,19.2991220268448
16.1,98.15,27.6923133156049
16.15,98.15,24.6315328889593
16.2,98.15,19.8551599353943
16.25,98.15,19.9975952377635
16.3,98.15,21.2066278428825
16.35,98.15,22.0309255019321
16.4,98.15,24.0594652491283
16.45,98.15,22.204230381054
16.5,98.15,20.7620373081561
16.55,98.15,21.794779906783
16.6,98.15,23.9449378720299
16.65,98.15,20.4933950759598
16.7,98.15,19.8250928335939
16.75,98.15,20.6690381117267
16.8,98.15,24.2268265399294
16.85,98.15,20.4421893117548
16.9,98.15,16.0580387283465
16.95,98.15,17.1296687073002
17,98.15,19.4857996812045
17.05,98.15,16.3987558125541
17.1,98.15,16.57023478074
17.15,98.15,15.3805156566587
17.2,98.15,18.9498361176621
17.25,98.15,19.2804769387982
17.3,98.15,16.6671610267481
17.35,98.15,17.7421477218892
17.4,98.15,14.4142836999838
17.45,98.15,15.0654690059288
17.5,98.15,14.781014678453
17.55,98.15,14.0189372275625
17.6,98.15,11.7948061239521
17.65,98.15,14.3992577156272
17.7,98.15,12.3459778007053
17.75,98.15,11.8554366429562
17.8,98.15,11.2389429982352
17.85,98.15,14.2976543632162
17.9,98.15,11.8967568331732
17.95,98.15,11.5388344883274
18,98.15,11.1633002727326
18.05,98.15,12.4348453484602
18.1,98.15,9.26858237568745
18.15,98.15,7.40155225140134
18.2,98.15,13.4131337124551
18.25,98.15,14.2427664185268
18.3,98.15,9.11371946596019
18.35,98.15,10.9136722281312
18.4,98.15,8.06141045359284
18.45,98.15,8.3283785242735
18.5,98.15,12.6610184095181
18.55,98.15,11.6779616797947
18.6,98.15,10.2812119610261
18.65,98.15,7.79534405700154
18.7,98.15,9.61430638708525
18.75,98.15,7.37414371027753
18.8,98.15,12.5036434505415
18.85,98.15,7.40087985275169
18.9,98.15,12.4313956244558
18.95,98.15,9.38239391763772
19,98.15,10.5878610835031
13,98.2,7.6561237669767
13.05,98.2,4.29914645502995
13.1,98.2,7.110626307912
13.15,98.2,7.71676803870617
13.2,98.2,7.84141433569212
13.25,98.2,7.37138521103073
13.3,98.2,5.81076786363842
13.35,98.2,8.72866688136685
13.4,98.2,5.65540471162802
13.45,98.2,7.69135092323685
13.5,98.2,8.10548264254814
13.55,98.2,6.69103621486223
13.6,98.2,7.19278054212435
13.65,98.2,9.62026277635909
13.7,98.2,12.6058028761291
13.75,98.2,6.64424585142522
13.8,98.2,11.5656086953224
13.85,98.2,8.85831627071919
13.9,98.2,9.49471148204507
13.95,98.2,11.6575060272084
14,98.2,10.6238541232192
14.05,98.2,10.6847696709037
14.1,98.2,10.7649194436394
14.15,98.2,8.96089589927245
14.2,98.2,10.3446332836333
14.25,98.2,13.5769543576046
14.3,98.2,13.0295278972185
14.35,98.2,13.9967613192538
14.4,98.2,12.1487727834107
14.45,98.2,16.7818912596372
14.5,98.2,14.3208952454352
14.55,98.2,12.0453324552024
14.6,98.2,15.2712551213318
14.65,98.2,13.8439246716893
14.7,98.2,16.287584888209
14.75,98.2,16.2606240806311
14.8,98.2,13.6102103484198
14.85,98.2,19.3566935693671
14.9,98.2,17.3065414839391
14.95,98.2,16.4505221304309
15,98.2,18.9552679513861
15.05,98.2,18.9494304257241
15.1,98.2,20.4787488626006
15.15,98.2,17.1811061934491
15.2,98.2,25.0591331901196
15.25,98.2,21.6147850904056
15.3,98.2,22.0906121847163
15.35,98.2,19.4946502411997
15.4,98.2,17.6214316220672
15.45,98.2,24.5106863161485
15.5,98.2,20.5633337916296
15.55,98.2,20.4741045451745
15.6,98.2,21.5895711735702
15.65,98.2,21.8255629098905
15.7,98.2,24.9501985432288
15.75,98.2,24.0019586445873
15.8,98.2,26.5513212921736
15.85,98.2,19.6384678897625
15.9,98.2,25.9015608188367
15.95,98.2,23.3725108035573
16,98.2,23.1489665775707
16.05,98.2,27.1899504921012
16.1,98.2,22.9232810422911
16.15,98.2,23.0459028689763
16.2,98.2,21.6927852860762
16.25,98.2,25.4205953879519
16.3,98.2,25.4380432137377
16.35,98.2,24.2416291223888
16.4,98.2,25.0660314047349
16.45,98.2,21.247953616475
16.5,98.2,23.9514484811182
16.55,98.2,26.7211705052042
16.6,98.2,20.572355390691
16.65,98.2,20.6440341874302
16.7,98.2,24.9221514903256
16.75,98.2,24.2665392399751
16.8,98.2,19.256151755712
16.85,98.2,20.2664286195966
16.9,98.2,20.8230082597292
16.95,98.2,20.0744181862317
17,98.2,20.5510927744905
17.05,98.2,18.724514108488
17.1,98.2,16.744871711498
17.15,98.2,19.7881466506328
17.2,98.2,18.2178152543444
17.25,98.2,19.401447633312
17.3,98.2,15.6917810181661
17.35,98.2,16.645802380373
17.4,98.2,19.4633417696742
17.45,98.2,13.209431345903
17.5,98.2,13.8669904388224
17.55,98.2,13.0020310797605
17.6,98.2,12.1314416602133
17.65,98.2,12.3059114962718
17.7,98.2,14.8308678221372
17.75,98.2,16.3093434013709
17.8,98.2,14.9674839978312
17.85,98.2,14.1355467485062
17.9,98.2,10.4980005677786
17.95,98.2,13.5358903660805
18,98.2,13.8858794719741
18.05,98.2,10.0517656573546
18.1,98.2,10.9892777804576
18.15,98.2,10.3890459590483
18.2,98.2,13.0149564687138
18.25,98.2,8.6412638605413
18.3,98.2,9.3051143028842
18.35,98.2,10.4740376925631
18.4,98.2,13.1514925165353
18.45,98.2,9.65782981616196
18.5,98.2,8.8937201835105
18.55,98.2,13.0093287765379
18.6,98.2,8.72375264441682
18.65,98.2,9.65847170465945
18.7,98.2,9.57043660704748
18.75,98.2,10.0794159748708
18.8,98.2,9.53728725690275
18.85,98.2,7.57391082095885
18.9,98.2,5.35143863639686
18.95,98.2,7.92341220239709
19,98.2,10.7596732866302
13,98.25,6.88085582233849
13.05,98.25,5.09547422674165
13.1,98.25,4.36004716053406
13.15,98.25,2.65127446984234
13.2,98.25,3.87607160844256
13.25,98.25,8.07006860842081
13.3,98.25,7.29716165729101
13.35,98.25,10.3297974050642
13.4,98.25,6.84761877531816
13.45,98.25,9.03867132804581
13.5,98.25,8.49844591704646
13.55,98.25,3.39712614574207
13.6,98.25,7.05612090070596
13.65,98.25,5.51939652956351
13.7,98.25,10.6209395741133
13.75,98.25,8.9005001973123
13.8,98.25,8.46066550118203
13.85,98.25,6.55559371814906
13.9,98.25,8.50711970595195
13.95,98.25,10.747556197025
14,98.25,14.4467042576715
14.05,98.25,9.67859017816282
14.1,98.25,12.3898230621282
14.15,98.25,10.6931113181556
14.2,98.25,13.4602362759842
14.25,98.25,14.9487289769122
14.3,98.25,10.2934750057727
14.35,98.25,12.1472726713793
14.4,98.25,11.3534539778359
14.45,98.25,14.9275111607668
14.5,98.25,18.2463944044931
14.55,98.25,13.8734414914239
14.6,98.25,12.6227922087771
14.65,98.25,13.6659908639587
14.7,98.25,15.1208291195947
14.75,98.25,15.3918317807204
14.8,98.25,18.220722883888
14.85,98.25,14.2562007884774
14.9,98.25,21.3866672606814
14.95,98.25,21.5869576376589
15,98.25,17.982457531483
15.05,98.25,15.6246477378846
15.1,98.25,19.4995958801298
15.15,98.25,20.8339102825585
15.2,98.25,16.6374424577621
15.25,98.25,19.478304399243
15.3,98.25,19.4622499059652
15.35,98.25,22.06457854305
15.4,98.25,23.5375835318862
15.45,98.25,22.3525519474947
15.5,98.25,20.72898572331
15.55,98.25,27.3333034932422
15.6,98.25,24.7742904238518
15.65,98.25,26.9449646586096
15.7,98.25,26.0336459498952
15.75,98.25,23.811614789388
15.8,98.25,25.5831641904929
15.85,98.25,22.7367097648592
15.9,98.25,19.6216348530456
15.95,98.25,21.4755810247349
16,98.25,25.4287822703521
16.05,98.25,24.8087165527845
16.1,98.25,22.979393605623
16.15,98.25,23.9496651018451
16.2,98.25,25.053787599836
16.25,98.25,23.656590301991
16.3,98.25,22.4224272718529
16.35,98.25,25.2191873814021
16.4,98.25,19.5880444839963
16.45,98.25,24.9215648587185
16.5,98.25,22.6262017231905
16.55,98.25,21.2432626084753
16.6,98.25,21.2281775322131
16.65,98.25,21.2126690298867
16.7,98.25,17.462121298521
16.75,98.25,21.3436014037922
16.8,98.25,24.8134552282022
16.85,98.25,20.8932612371214
16.9,98.25,15.1056934136175
16.95,98.25,24.8246100704006
17,98.25,20.0821481286505
17.05,98.25,20.0414093125515
17.1,98.25,18.8711455026757
17.15,98.25,19.481161083919
17.2,98.25,19.4933773786063
17.25,98.25,18.5697997842239
17.3,98.25,19.0680288665456
17.35,98.25,16.7910919246928
17.4,98.25,13.6420334950848
17.45,98.25,15.3124005245401
17.5,98.25,18.5626946870655
17.55,98.25,15.0178741961307
17.6,98.25,12.8396931608112
17.65,98.25,17.201859637281
17.7,98.25,15.0208391719023
17.75,98.25,13.4088932929591
17.8,98.25,8.81499938072475
17.85,98.25,12.8009886669325
17.9,98.25,13.1809428511533
17.95,98.25,14.1911555275528
18,98.25,14.5898954114615
18.05,98.25,14.3326590332029
18.1,98.25,11.6799903881634
18.15,98.25,12.0841593585385
18.2,98.25,9.15609939063254
18.25,98.25,10.5702990908933
18.3,98.25,10.6189443558685
18.35,98.25,11.275421747097
18.4,98.25,9.8730744284109
18.45,98.25,10.0307127287277
18.5,98.25,10.0482731020405
18.55,98.25,8.19269760891807
18.6,98.25,11.9648316985
18.65,98.25,8.89777705319192
18.7,98.25,12.7228299663934
18.75,98.25,8.545164748061
18.8,98.25,8.85132958775118
18.85,98.25,7.66346038170518
18.9,98.25,8.99513852769556
18.95,98.25,5.42687006631505
19,98.25,6.63415194304192
13,98.3,3.35617373250546
13.05,98.3,6.60094523705139
13.1,98.3,5.68004191763191
13.15,98.3,3.24780894746077
13.2,98.3,12.2127247171951
13.25,98.3,4.81469362479249
13.3,98.3,4.49167526575484
13.35,98.3,5.9434620896843
13.4,98.3,8.68122044649773
13.45,98.3,8.47066565364149
13.5,98.3,5.66575888632096
13.55,98.3,8.06833342916797
13.6,98.3,5.37232540957586
13.65,98.3,8.54785011343391
13.7,98.3,8.78586679472106
13.75,98.3,8.60802372298765
13.8,98.3,13.6952521229424
13.85,98.3,6.36747137179952
13.9,98.3,5.96741783189892
13.95,98.3,10.4069163316376
14,98.3,13.8367283171601
14.05,98.3,10.5046137810996
14.1,98.3,10.4290593724406
14.15,98.3,12.2352382505182
14.2,98.3,11.4493915681801
14.25,98.3,16.297130036603
14.3,98.3,13.2008632340967
14.35,98.3,16.3007525834833
14.4,98.3,10.9733370731665
14.45,98.3,16.3247727995942
14.5,98.3,20.7601645109901
14.55,98.3,17.8829758313777
14.6,98.3,15.1472148973264
14.65,98.3,16.6311882997678
14.7,98.3,18.3585800596575
14.75,98.3,16.2210624253643
14.8,98.3,17.1235146779426
14.85,98.3,17.5639597183268
14.9,98.3,19.1912344002819
14.95,98.3,16.9144433644152
15,98.3,19.0216519226269
15.05,98.3,22.7514967115742
15.1,98.3,20.4305103925053
15.15,98.3,21.9501256470105
15.2,98.3,24.5620055210748
15.25,98.3,23.6870625809411
15.3,98.3,21.8720300869568
15.35,98.3,22.3240503059964
15.4,98.3,22.1630123012488
15.45,98.3,23.6650167530383
15.5,98.3,23.8184575396065
15.55,98.3,23.1298321180359
15.6,98.3,24.549405036601
15.65,98.3,23.6183283412312
15.7,98.3,25.8884495690445
15.75,98.3,24.2805976339467
15.8,98.3,27.2676060565747
15.85,98.3,23.5465275949125
15.9,98.3,24.6131454193736
15.95,98.3,26.3657326528655
16,98.3,27.8944094672759
16.05,98.3,23.9415195730453
16.1,98.3,25.9773462439988
16.15,98.3,26.4324777689975
16.2,98.3,21.097072603536
16.25,98.3,25.8793970227082
16.3,98.3,25.3241210327342
16.35,98.3,25.7837523801885
16.4,98.3,28.349250735024
16.45,98.3,25.4890942828847
16.5,98.3,28.2641144729522
16.55,98.3,26.5119248165055
16.6,98.3,23.879524126847
16.65,98.3,23.1705868980889
16.7,98.3,23.1738888253557
16.75,98.3,21.3093212706615
16.8,98.3,21.3811858872986
16.85,98.3,23.010626244987
16.9,98.3,21.2633608737515
16.95,98.3,21.5978318430278
17,98.3,19.6689555066029
17.05,98.3,21.1136191421866
17.1,98.3,19.1921879088901
17.15,98.3,18.5469867375121
17.2,98.3,17.4696685516227
17.25,98.3,18.3608047795802
17.3,98.3,16.206369094554
17.35,98.3,17.5907264337109
17.4,98.3,21.3737134095848
17.45,98.3,8.83778461738272
17.5,98.3,20.2109080917198
17.55,98.3,18.2178478674992
17.6,98.3,15.4411506105916
17.65,98.3,14.7510181899125
17.7,98.3,18.731448721184
17.75,98.3,14.9047370383199
17.8,98.3,14.5863086843227
17.85,98.3,12.1433994286577
17.9,98.3,11.0835982947179
17.95,98.3,14.702187689604
18,98.3,14.8095124576764
18.05,98.3,14.3067343636555
18.1,98.3,10.7483532303767
18.15,98.3,11.5124414880337
18.2,98.3,15.4495864270336
18.25,98.3,10.6138495127394
18.3,98.3,8.84106660497597
18.35,98.3,7.03395513916076
18.4,98.3,5.54656573686816
18.45,98.3,9.4175889281393
18.5,98.3,12.8989721531999
18.55,98.3,8.71592845075807
18.6,98.3,9.64604941898646
18.65,98.3,10.7078750132454
18.7,98.3,9.77584448928443
18.75,98.3,11.4214481965363
18.8,98.3,6.32623637248707
18.85,98.3,8.12045809710429
18.9,98.3,8.51865226272226
18.95,98.3,8.66521622192096
19,98.3,10.6612119791581
13,98.35,9.15066164637219
13.05,98.35,6.84947309623558
13.1,98.35,5.94311545426831
13.15,98.35,3.60698331435792
13.2,98.35,6.21932414277823
13.25,98.35,6.3420685257164
13.3,98.35,4.77737295104908
13.35,98.35,2.08603714669531
13.4,98.35,4.37166773946637
13.45,98.35,9.15398302504182
13.5,98.35,8.76045422152261
13.55,98.35,10.5376669018537
13.6,98.35,6.65615065215707
13.65,98.35,7.88578207627449
13.7,98.35,13.0186681490263
13.75,98.35,12.4825367877822
13.8,98.35,7.33396572686263
13.85,98.35,8.74655839342972
13.9,98.35,10.8102075189415
13.95,98.35,7.40283118681487
14,98.35,9.57146614838088
14.05,98.35,11.3397138354772
14.1,98.35,14.4259687421076
14.15,98.35,10.8513249574733
14.2,98.35,14.5398583462023
14.25,98.35,12.7744669559548
14.3,98.35,14.7812927229295
14.35,98.35,14.4167058489333
14.4,98.35,14.0285096812019
14.45,98.35,13.3770503906384
14.5,98.35,17.4567602635054
14.55,98.35,20.4786332860941
14.6,98.35,20.2305256400194
14.65,98.35,16.9966963650214
14.7,98.35,19.8757947588872
14.75,98.35,18.8726858003518
14.8,98.35,18.9324216214045
14.85,98.35,18.4270369203912
14.9,98.35,23.5080721556273
14.95,98.35,20.939927586528
15,98.35,23.6822453045191
15.05,98.35,18.7075962883393
15.1,98.35,21.791586076127
15.15,98.35,20.1594584027062
15.2,98.35,19.3826917552775
15.25,98.35,23.889856636586
15.3,98.35,26.2335609718911
15.35,98.35,21.9461681019696
15.4,98.35,28.5814838347866
15.45,98.35,24.31268492829
15.5,98.35,25.8537423119332
15.55,98.35,26.196109761412
15.6,98.35,28.730928590218
15.65,98.35,28.3079982194404
15.7,98.35,22.615349590394
15.75,98.35,27.6448060553437
15.8,98.35,26.0597234702776
15.85,98.35,29.0622176253785
15.9,98.35,26.3983776762653
15.95,98.35,28.6412350307692
16,98.35,25.9697351434252
16.05,98.35,27.0105960387791
16.1,98.35,27.565896563461
16.15,98.35,24.2213346266698
16.2,98.35,27.6618357740614
16.25,98.35,29.3261630441963
16.3,98.35,24.5933648051898
16.35,98.35,28.2019125609024
16.4,98.35,26.8598603953209
16.45,98.35,27.5170568613533
16.5,98.35,26.358851597697
16.55,98.35,21.8129098520634
16.6,98.35,28.0611434896749
16.65,98.35,26.2028832305679
16.7,98.35,21.8465562698133
16.75,98.35,22.5617435335601
16.8,98.35,22.076931137346
16.85,98.35,26.8057979591383
16.9,98.35,26.1585980226578
16.95,98.35,23.8878007089834
17,98.35,22.900582347663
17.05,98.35,20.3972530807239
17.1,98.35,25.2430915178965
17.15,98.35,21.6666799552567
17.2,98.35,19.401824614296
17.25,98.35,20.4153772269076
17.3,98.35,20.1247351754354
17.35,98.35,19.4405729974925
17.4,98.35,20.3846566964142
17.45,98.35,15.0031084591935
17.5,98.35,14.8216331218994
17.55,98.35,14.2926890129293
17.6,98.35,19.6349513162268
17.65,98.35,16.4183912216782
17.7,98.35,14.2211806666915
17.75,98.35,14.0135541353433
17.8,98.35,16.6552964236125
17.85,98.35,14.4613273269094
17.9,98.35,10.0994904605515
17.95,98.35,9.28178319301405
18,98.35,13.7858300088645
18.05,98.35,12.9254478290756
18.1,98.35,11.7377618640233
18.15,98.35,15.3061061993561
18.2,98.35,14.3240839286765
18.25,98.35,12.9958619008287
18.3,98.35,11.8791434459753
18.35,98.35,11.9318178396412
18.4,98.35,8.87779233782043
18.45,98.35,12.4948307058908
18.5,98.35,12.9258306213069
18.55,98.35,11.8662767165209
18.6,98.35,9.16241998488983
18.65,98.35,12.1493551486677
18.7,98.35,12.1414712868421
18.75,98.35,9.34570029832989
18.8,98.35,8.12585824446056
18.85,98.35,8.54239944760255
18.9,98.35,9.46461309308333
18.95,98.35,6.37874904086071
19,98.35,8.37211973205003
13,98.4,10.0430544144384
13.05,98.4,2.08424735740965
13.1,98.4,6.5272168552109
13.15,98.4,4.12906629144691
13.2,98.4,6.88251896456193
13.25,98.4,2.27509747383553
13.3,98.4,3.7026960435553
13.35,98.4,7.47694110074003
13.4,98.4,10.0626403567505
13.45,98.4,8.95209576966579
13.5,98.4,9.35592476220727
13.55,98.4,7.30321065390773
13.6,98.4,7.64182619490397
13.65,98.4,12.0942194342119
13.7,98.4,6.76329804449619
13.75,98.4,7.99356141459792
13.8,98.4,11.9436545611624
13.85,98.4,12.5538794468704
13.9,98.4,9.31066301638874
13.95,98.4,11.9868085955128
14,98.4,11.5535692929895
14.05,98.4,13.9061335182243
14.1,98.4,12.6678333181377
14.15,98.4,14.5253326833434
14.2,98.4,11.4192156901068
14.25,98.4,10.2436234469489
14.3,98.4,13.0881906133006
14.35,98.4,14.7536628689241
14.4,98.4,14.9205725274559
14.45,98.4,19.9600055321974
14.5,98.4,16.3705663475534
14.55,98.4,15.6012794551476
14.6,98.4,18.0739178185946
14.65,98.4,22.1948022724191
14.7,98.4,17.0673123865342
14.75,98.4,18.7460300998147
14.8,98.4,21.1064583826489
14.85,98.4,18.0735139892123
14.9,98.4,19.8333986040193
14.95,98.4,20.8360888734495
15,98.4,23.8378354233036
15.05,98.4,22.1911918040914
15.1,98.4,25.5688968509536
15.15,98.4,23.5646268307973
15.2,98.4,23.50741326957
15.25,98.4,23.4742231120968
15.3,98.4,26.284031755378
15.35,98.4,22.9664338063785
15.4,98.4,25.4362005084904
15.45,98.4,22.6041888364573
15.5,98.4,29.226629535458
15.55,98.4,25.375685583312
15.6,98.4,29.5225618411167
15.65,98.4,27.6123333638401
15.7,98.4,29.5372896756665
15.75,98.4,26.5969693935642
15.8,98.4,27.587830110774
15.85,98.4,28.9808753090574
15.9,98.4,28.9659686892445
15.95,98.4,26.530371791385
16,98.4,33.6866336745841
16.05,98.4,27.4049280079543
16.1,98.4,30.014837994411
16.15,98.4,29.4353412581034
16.2,98.4,27.9505648380368
16.25,98.4,27.4616547679303
16.3,98.4,28.1221551125782
16.35,98.4,27.398199280303
16.4,98.4,24.5449466099448
16.45,98.4,27.2689687851062
16.5,98.4,31.4460932267893
16.55,98.4,26.4401462787391
16.6,98.4,24.5672070290853
16.65,98.4,23.1300829645968
16.7,98.4,22.6531581945164
16.75,98.4,25.197668451233
16.8,98.4,26.2946035248197
16.85,98.4,22.4568019728551
16.9,98.4,24.3192703749046
16.95,98.4,23.8392577312844
17,98.4,24.8977670903999
17.05,98.4,20.4379577500709
17.1,98.4,22.2429876349247
17.15,98.4,20.8974998742905
17.2,98.4,21.9672202378816
17.25,98.4,16.4607521780573
17.3,98.4,18.9359407449495
17.35,98.4,17.5726345242356
17.4,98.4,20.1070391105657
17.45,98.4,22.0607586821434
17.5,98.4,20.3448613658475
17.55,98.4,17.7907233386136
17.6,98.4,14.5840990374883
17.65,98.4,17.2214263934248
17.7,98.4,13.9329233753564
17.75,98.4,16.3675920118816
17.8,98.4,17.4305074735394
17.85,98.4,13.6438411381393
17.9,98.4,13.5885561516964
17.95,98.4,13.5331793196348
18,98.4,13.1129440829609
18.05,98.4,15.9916402761914
18.1,98.4,13.979994183838
18.15,98.4,11.0142925514403
18.2,98.4,12.097648446197
18.25,98.4,15.5842229922437
18.3,98.4,12.0872417403589
18.35,98.4,13.0685207046457
18.4,98.4,7.78613892506268
18.45,98.4,8.34341707333773
18.5,98.4,10.2525632990066
18.55,98.4,12.8399592903727
18.6,98.4,10.9057873204458
18.65,98.4,7.75753742389949
18.7,98.4,8.83633440933839
18.75,98.4,13.2103109724026
18.8,98.4,7.95269074470099
18.85,98.4,10.9706539939246
18.9,98.4,10.6915900976249
18.95,98.4,5.74773556319421
19,98.4,6.70438255751958
13,98.45,7.9424691638564
13.05,98.45,7.87777386229589
13.1,98.45,7.12860967894196
13.15,98.45,8.34458337205579
13.2,98.45,6.96398466855539
13.25,98.45,8.748014858211
13.3,98.45,7.51858555110876
13.35,98.45,6.47341393700838
13.4,98.45,6.05264280923261
13.45,98.45,8.50553405610373
13.5,98.45,6.59579915947025
13.55,98.45,8.58879175255741
13.6,98.45,8.84079495477526
13.65,98.45,6.51298380308651
13.7,98.45,6.74707271041257
13.75,98.45,7.88308347744247
13.8,98.45,10.6857810488274
13.85,98.45,14.9028172436686
13.9,98.45,10.7379916322609
13.95,98.45,13.0242322355176
14,98.45,15.4352255461857
14.05,98.45,12.8840053071288
14.1,98.45,14.2789773762264
14.15,98.45,13.0110567113279
14.2,98.45,14.5713101559494
14.25,98.45,14.2351969847861
14.3,98.45,12.7624548495577
14.35,98.45,18.176237538927
14.4,98.45,15.9953121404512
14.45,98.45,13.5518897480053
14.5,98.45,19.3753670103171
14.55,98.45,19.2237419915868
14.6,98.45,18.0360766415454
14.65,98.45,21.2551492704147
14.7,98.45,17.5475558112144
14.75,98.45,19.4963094260788
14.8,98.45,19.6053664320513
14.85,98.45,19.988112229042
14.9,98.45,23.9501808627956
14.95,98.45,20.1535880899361
15,98.45,24.2598236175906
15.05,98.45,25.3030400898421
15.1,98.45,22.9575089384183
15.15,98.45,23.7629767034036
15.2,98.45,28.2095962086788
15.25,98.45,25.058569587449
15.3,98.45,28.8903165925091
15.35,98.45,25.8664960268426
15.4,98.45,25.2345645816823
15.45,98.45,26.5904665851948
15.5,98.45,27.7426392370218
15.55,98.45,30.2259987737286
15.6,98.45,28.7342198177281
15.65,98.45,29.1384321107375
15.7,98.45,26.7843739103089
15.75,98.45,27.8021262646516
15.8,98.45,30.7274350622605
15.85,98.45,26.5926050118933
15.9,98.45,31.403681809927
15.95,98.45,30.1938551382607
16,98.45,33.773058408679
16.05,98.45,27.7234705071535
16.1,98.45,27.1815823708688
16.15,98.45,27.8470239554743
16.2,98.45,30.4245728580182
16.25,98.45,32.0157148400247
16.3,98.45,26.1872168363845
16.35,98.45,29.3313172057894
16.4,98.45,30.0210068213063
16.45,98.45,28.5583104182767
16.5,98.45,27.8591837950699
16.55,98.45,29.3398883665467
16.6,98.45,29.7915769194997
16.65,98.45,26.1193631538284
16.7,98.45,25.4002342242686
16.75,98.45,26.8820101610909
16.8,98.45,24.8361398693572
16.85,98.45,28.0594051542969
16.9,98.45,20.6301145522977
16.95,98.45,25.5788953318443
17,98.45,24.6345960319212
17.05,98.45,22.0755424447483
17.1,98.45,21.7946387377356
17.15,98.45,22.1543188922198
17.2,98.45,18.4805060054076
17.25,98.45,23.0784504462502
17.3,98.45,20.5421013491576
17.35,98.45,20.5866596287917
17.4,98.45,18.1459833650742
17.45,98.45,15.7769929606509
17.5,98.45,16.6209020041109
17.55,98.45,17.9040564500817
17.6,98.45,17.5920362366905
17.65,98.45,18.84647628612
17.7,98.45,12.409246491385
17.75,98.45,14.9225205730387
17.8,98.45,16.8726207117997
17.85,98.45,13.6108227264339
17.9,98.45,12.4070453379737
17.95,98.45,15.1468877538376
18,98.45,16.468955822846
18.05,98.45,10.5146625526306
18.1,98.45,13.3442863929881
18.15,98.45,8.96636912044179
18.2,98.45,15.0220414065534
18.25,98.45,10.2503244940009
18.3,98.45,11.6528317144211
18.35,98.45,14.3737973748529
18.4,98.45,14.7313672518303
18.45,98.45,15.4254883136119
18.5,98.45,13.8065167969747
18.55,98.45,9.52315503363119
18.6,98.45,9.52476194147185
18.65,98.45,10.7147793205621
18.7,98.45,8.20654580699817
18.75,98.45,9.22948094533662
18.8,98.45,6.7808549619696
18.85,98.45,11.0066520077687
18.9,98.45,9.81038130987015
18.95,98.45,12.0145510118081
19,98.45,7.12551735162909
13,98.5,5.64469334431473
13.05,98.5,4.09513258731491
13.1,98.5,5.77399369449176
13.15,98.5,5.81360240982824
13.2,98.5,5.07438373020482
13.25,98.5,5.30059098739735
13.3,98.5,9.1724567885781
13.35,98.5,7.74708270196044
13.4,98.5,7.82716407385216
13.45,98.5,7.56250074161963
13.5,98.5,6.93494080690316
13.55,98.5,5.58341742587558
13.6,98.5,9.67701018468046
13.65,98.5,8.48716873738177
13.7,98.5,8.62440792168342
13.75,98.5,15.0871695612877
13.8,98.5,11.7247892479857
13.85,98.5,8.64992598203486
13.9,98.5,9.72709067529676
13.95,98.5,11.7839322850535
14,98.5,11.1448763028756
14.05,98.5,17.0687411731271
14.1,98.5,10.3092387836854
14.15,98.5,15.0857659769333
14.2,98.5,14.5305984519669
14.25,98.5,11.0163264295362
14.3,98.5,15.6765761514209
14.35,98.5,15.7282432817116
14.4,98.5,15.6846398855059
14.45,98.5,14.0452177088285
14.5,98.5,20.4425074054343
14.55,98.5,19.0331651494988
14.6,98.5,15.99157192879
14.65,98.5,17.1329295675784
14.7,98.5,19.3452333301983
14.75,98.5,19.3084371003259
14.8,98.5,24.1416320071079
14.85,98.5,23.638928410573
14.9,98.5,22.6086957453645
14.95,98.5,24.6168698106353
15,98.5,24.1845712765737
15.05,98.5,23.1068131795537
15.1,98.5,22.4064066486123
15.15,98.5,25.356935473433
15.2,98.5,26.9187166478736
15.25,98.5,24.9764607212924
15.3,98.5,25.7354164376723
15.35,98.5,25.3977376574488
15.4,98.5,27.3485115970675
15.45,98.5,25.2411529878194
15.5,98.5,26.6025730903995
15.55,98.5,31.1740843013778
15.6,98.5,32.0966380972233
15.65,98.5,30.5822278363817
15.7,98.5,31.3393370984525
15.75,98.5,29.8213034966699
15.8,98.5,28.8279475490309
15.85,98.5,32.6395103672337
15.9,98.5,28.9782499228087
15.95,98.5,30.2246384988751
16,98.5,34.2682911880767
16.05,98.5,27.4550001904913
16.1,98.5,31.1667176843967
16.15,98.5,26.8896909928759
16.2,98.5,30.7518087586937
16.25,98.5,31.3288628459421
16.3,98.5,29.711087421342
16.35,98.5,30.8805174965419
16.4,98.5,28.4529572687878
16.45,98.5,29.9073167588724
16.5,98.5,30.2610894999432
16.55,98.5,30.9698195291414
16.6,98.5,28.4219318654599
16.65,98.5,28.3684161540271
16.7,98.5,26.9219607076575
16.75,98.5,31.2102877180141
16.8,98.5,27.9483591825391
16.85,98.5,30.4393318270859
16.9,98.5,26.4293967743792
16.95,98.5,22.3711959679993
17,98.5,29.4558755086329
17.05,98.5,20.1816525046649
17.1,98.5,19.6897211185862
17.15,98.5,21.121880941444
17.2,98.5,21.2078835292386
17.25,98.5,22.4290380899084
17.3,98.5,22.6729152974744
17.35,98.5,20.7598179863023
17.4,98.5,19.2970614067071
17.45,98.5,18.8415496944405
17.5,98.5,17.1633656103626
17.55,98.5,20.3959591389869
17.6,98.5,16.6957138356245
17.65,98.5,16.5112039513981
17.7,98.5,15.8824995857786
17.75,98.5,18.7693993379271
17.8,98.5,14.6839720862837
17.85,98.5,14.8396472401289
17.9,98.5,13.5576536541048
17.95,98.5,16.2238557683744
18,98.5,16.3808641710513
18.05,98.5,13.1938452979679
18.1,98.5,12.7256357711331
18.15,98.5,13.4861361844693
18.2,98.5,14.4414362708908
18.25,98.5,12.7662197739709
18.3,98.5,12.5481842456404
18.35,98.5,11.7972488307446
18.4,98.5,11.5704151701194
18.45,98.5,9.12065138355382
18.5,98.5,11.6407361102049
18.55,98.5,11.1863365200005
18.6,98.5,8.43974574358144
18.65,98.5,7.26912696516145
18.7,98.5,12.3556758194685
18.75,98.5,10.654925320838
18.8,98.5,10.0284173968652
18.85,98.5,7.66234716951847
18.9,98.5,8.14626480354927
18.95,98.5,11.4960577138698
19,98.5,8.57786587886894
13,98.55,4.46790785594599
13.05,98.55,6.46164391793484
13.1,98.55,8.03767345749903
13.15,98.55,7.4157369745078
13.2,98.55,6.90482724242205
13.25,98.55,7.45034577075048
13.3,98.55,11.4093062693874
13.35,98.55,7.34657415074806
13.4,98.55,9.13711790302956
13.45,98.55,10.4187980614648
13.5,98.55,7.57472613610738
13.55,98.55,8.79438586530018
13.6,98.55,6.16956201555319
13.65,98.55,10.0102538481741
13.7,98.55,11.3193640656284
13.75,98.55,7.9799833449017
13.8,98.55,9.71049946570402
13.85,98.55,12.3475644099267
13.9,98.55,10.1112922310418
13.95,98.55,12.6572332820343
14,98.55,9.80904038567117
14.05,98.55,10.6074068562921
14.1,98.55,10.1733366912393
14.15,98.55,15.2966937801086
14.2,98.55,18.6614389364269
14.25,98.55,13.8746544965124
14.3,98.55,15.8695338357977
14.35,98.55,17.6697463567413
14.4,98.55,17.2120086906471
14.45,98.55,17.513694765256
14.5,98.55,20.2509946261892
14.55,98.55,17.5255467612112
14.6,98.55,18.4444341706913
14.65,98.55,18.8710494275733
14.7,98.55,20.0577297197512
14.75,98.55,21.2770860135807
14.8,98.55,21.8014328942572
14.85,98.55,22.7566892040724
14.9,98.55,20.5086276840445
14.95,98.55,25.1306195488462
15,98.55,25.0338951227682
15.05,98.55,24.1982249770055
15.1,98.55,23.8442290553967
15.15,98.55,27.2951536909542
15.2,98.55,28.5279442900764
15.25,98.55,27.446871036206
15.3,98.55,29.1471408988507
15.35,98.55,29.158300112432
15.4,98.55,29.9197726346419
15.45,98.55,27.5194632112777
15.5,98.55,27.115049631311
15.55,98.55,33.879357786574
15.6,98.55,30.468683274386
15.65,98.55,30.5461097878729
15.7,98.55,34.7338233106834
15.75,98.55,32.7839766426303
15.8,98.55,27.0232215667217
15.85,98.55,32.0612108714208
15.9,98.55,34.3162334951203
15.95,98.55,32.7776226738196
16,98.55,34.4939158932682
16.05,98.55,28.2984410582515
16.1,98.55,32.0618059638218
16.15,98.55,32.9301920390443
16.2,98.55,34.172461163915
16.25,98.55,29.7606873117061
16.3,98.55,32.7173462752351
16.35,98.55,32.5669205398283
16.4,98.55,33.617759965696
16.45,98.55,30.8635537629956
16.5,98.55,31.2991345232713
16.55,98.55,31.0652411656225
16.6,98.55,28.5743951964808
16.65,98.55,29.3873853286397
16.7,98.55,26.5639908046538
16.75,98.55,28.2757848367508
16.8,98.55,29.5575227991597
16.85,98.55,27.801175928284
16.9,98.55,24.4981705561096
16.95,98.55,24.9356000097731
17,98.55,23.4441637637296
17.05,98.55,23.9077064639594
17.1,98.55,20.1920864498385
17.15,98.55,22.9872018611817
17.2,98.55,20.7511271957246
17.25,98.55,23.3323013179046
17.3,98.55,22.353310329538
17.35,98.55,24.0858707471934
17.4,98.55,23.2799324712541
17.45,98.55,19.9926904103327
17.5,98.55,21.6670299614847
17.55,98.55,19.5456418299516
17.6,98.55,18.6283856558386
17.65,98.55,12.2561648284131
17.7,98.55,16.6779447335174
17.75,98.55,14.4074481743296
17.8,98.55,15.7864233706655
17.85,98.55,16.9766530197776
17.9,98.55,15.47435190728
17.95,98.55,15.1616710673485
18,98.55,11.9239728066772
18.05,98.55,11.1787789178648
18.1,98.55,13.746822417286
18.15,98.55,10.5516148466339
18.2,98.55,10.4990379639525
18.25,98.55,12.0290940458208
18.3,98.55,13.5880708407766
18.35,98.55,10.7935231434172
18.4,98.55,15.9307131033421
18.45,98.55,10.0572412299319
18.5,98.55,9.50061579756405
18.55,98.55,13.8599957585749
18.6,98.55,10.8233990407317
18.65,98.55,10.4561183918447
18.7,98.55,12.2475448447242
18.75,98.55,10.9365943254067
18.8,98.55,6.4841868218103
18.85,98.55,10.5996275750067
18.9,98.55,10.0555966059406
18.95,98.55,7.54675371184877
19,98.55,8.06189625326158
13,98.6,10.4105143098533
13.05,98.6,3.93616567652596
13.1,98.6,5.80340805041975
13.15,98.6,5.64689643646915
13.2,98.6,5.35020269918172
13.25,98.6,9.8752627718996
13.3,98.6,5.3637099986477
13.35,98.6,10.2749317583939
13.4,98.6,8.28220955783214
13.45,98.6,6.10469044192581
13.5,98.6,9.69959233139757
13.55,98.6,9.60905096496717
13.6,98.6,8.41289792650291
13.65,98.6,9.260699258509
13.7,98.6,10.0543393078661
13.75,98.6,12.0722376093365
13.8,98.6,11.5372461935962
13.85,98.6,16.259902454378
13.9,98.6,11.4518928766099
13.95,98.6,9.83446715036328
14,98.6,14.0753278143481
14.05,98.6,14.3210903319621
14.1,98.6,17.8859657075851
14.15,98.6,16.7840297308932
14.2,98.6,15.4994466296818
14.25,98.6,16.911825209665
14.3,98.6,17.745124260796
14.35,98.6,20.7782811406021
14.4,98.6,14.6851825267061
14.45,98.6,16.2085493561159
14.5,98.6,20.9274731390068
14.55,98.6,15.7249902922115
14.6,98.6,21.5694593593125
14.65,98.6,16.1035650213055
14.7,98.6,23.8167450045774
14.75,98.6,19.0772857574319
14.8,98.6,23.2847858754905
14.85,98.6,23.9395509653783
14.9,98.6,22.0899350516117
14.95,98.6,22.8041538780304
15,98.6,23.3292101609354
15.05,98.6,27.1491681019912
15.1,98.6,27.7384017926747
15.15,98.6,29.6365576140789
15.2,98.6,31.30626698666
15.25,98.6,23.6887329165541
15.3,98.6,31.8010005926074
15.35,98.6,36.077393881023
15.4,98.6,26.9868120290023
15.45,98.6,30.329114435971
15.5,98.6,36.3600928812357
15.55,98.6,33.3859832416386
15.6,98.6,30.0259195156612
15.65,98.6,30.4059856050683
15.7,98.6,29.5031363914449
15.75,98.6,35.1313236354864
15.8,98.6,34.0384625415566
15.85,98.6,30.7961653428352
15.9,98.6,35.4955871406607
15.95,98.6,34.7482455726137
16,98.6,33.1127021075025
16.05,98.6,32.5194404956766
16.1,98.6,34.6427747314077
16.15,98.6,35.4624914621213
16.2,98.6,31.9356599137542
16.25,98.6,30.8304620180688
16.3,98.6,29.0524874568216
16.35,98.6,29.0065549511807
16.4,98.6,30.5573160257042
16.45,98.6,33.093202665561
16.5,98.6,30.5541863976424
16.55,98.6,31.7278995509751
16.6,98.6,31.7458986272645
16.65,98.6,30.5609368215853
16.7,98.6,29.851185499131
16.75,98.6,28.2889905756043
16.8,98.6,25.2635151986249
16.85,98.6,25.1516490239275
16.9,98.6,25.7777990799323
16.95,98.6,24.7661807032313
17,98.6,22.2146689871275
17.05,98.6,27.301440546822
17.1,98.6,23.7618592800955
17.15,98.6,25.714364608656
17.2,98.6,23.7267211723466
17.25,98.6,21.2641566440691
17.3,98.6,22.9329417442717
17.35,98.6,25.710595857481
17.4,98.6,21.2059893495839
17.45,98.6,19.9428497539903
17.5,98.6,22.8673038002639
17.55,98.6,16.710551886586
17.6,98.6,16.1944320053443
17.65,98.6,19.9232979132639
17.7,98.6,18.1259591350622
17.75,98.6,17.1784158020091
17.8,98.6,15.9181011041117
17.85,98.6,11.9551636379568
17.9,98.6,14.0051341017442
17.95,98.6,17.192012261066
18,98.6,12.626700943386
18.05,98.6,14.5732135694876
18.1,98.6,10.0367927627335
18.15,98.6,13.8098732117352
18.2,98.6,12.2998419776918
18.25,98.6,11.4661617609945
18.3,98.6,10.4555794652094
18.35,98.6,10.6218433839839
18.4,98.6,9.85054338093228
18.45,98.6,5.76854672769014
18.5,98.6,7.48572306330215
18.55,98.6,12.1201806595914
18.6,98.6,12.1879045707764
18.65,98.6,11.4835432008411
18.7,98.6,9.6323205987451
18.75,98.6,10.7142520446197
18.8,98.6,11.4352090690196
18.85,98.6,11.1026982135048
18.9,98.6,10.7917567258723
18.95,98.6,6.69153719296734
19,98.6,9.42880344103767
13,98.65,7.87837098110799
13.05,98.65,4.02219103342805
13.1,98.65,8.41471533982704
13.15,98.65,7.72157954648351
13.2,98.65,9.62772915320648
13.25,98.65,8.22743182982355
13.3,98.65,7.44600476555589
13.35,98.65,8.18531418196548
13.4,98.65,8.15304933297267
13.45,98.65,8.32672613477169
13.5,98.65,8.05716489625169
13.55,98.65,8.67080635782967
13.6,98.65,7.47259165105003
13.65,98.65,9.37401665662737
13.7,98.65,7.48143795980704
13.75,98.65,12.0731626392511
13.8,98.65,11.0271485155442
13.85,98.65,11.3535123717907
13.9,98.65,14.3927724887805
13.95,98.65,11.4443571582893
14,98.65,14.4944232316133
14.05,98.65,12.9800139085751
14.1,98.65,15.7911204357364
14.15,98.65,14.0052900674919
14.2,98.65,16.0963314972281
14.25,98.65,18.0391610605183
14.3,98.65,18.9910693573464
14.35,98.65,16.091066440605
14.4,98.65,20.72844810349
14.45,98.65,20.9822092127842
14.5,98.65,17.9077386142549
14.55,98.65,18.726997882954
14.6,98.65,20.0343039062653
14.65,98.65,19.9585032507754
14.7,98.65,18.4457728365551
14.75,98.65,21.133741376265
14.8,98.65,25.9980132823624
14.85,98.65,24.0986182682796
14.9,98.65,23.2057658925973
14.95,98.65,26.8152802370421
15,98.65,31.5385472264136
15.05,98.65,27.5594816964573
15.1,98.65,30.2660920947395
15.15,98.65,28.9056331496537
15.2,98.65,30.8104831434803
15.25,98.65,30.5088474533975
15.3,98.65,29.1052166578853
15.35,98.65,35.5744182423234
15.4,98.65,32.9616371376579
15.45,98.65,30.5794200293636
15.5,98.65,33.4775273396551
15.55,98.65,34.2039529057462
15.6,98.65,29.5296730631252
15.65,98.65,32.5806866593256
15.7,98.65,36.874808357343
15.75,98.65,35.5308745741541
15.8,98.65,33.2156258079618
15.85,98.65,34.4983112915602
15.9,98.65,34.3322267595864
15.95,98.65,34.9005241211609
16,98.65,35.3177271290379
16.05,98.65,33.4497079072102
16.1,98.65,36.5211856208606
16.15,98.65,31.5497938437545
16.2,98.65,35.2369355466199
16.25,98.65,34.9330933644238
16.3,98.65,33.4581336418419
16.35,98.65,34.411404778146
16.4,98.65,31.8841321639038
16.45,98.65,34.7391928366646
16.5,98.65,32.1828431852778
16.55,98.65,29.3781499730348
16.6,98.65,29.7407794649315
16.65,98.65,29.8706906408363
16.7,98.65,30.0455781951157
16.75,98.65,25.7117059010077
16.8,98.65,28.8536166951981
16.85,98.65,27.0576474245585
16.9,98.65,29.0598917624891
16.95,98.65,29.6544941932849
17,98.65,27.2528136918435
17.05,98.65,26.0337494945723
17.1,98.65,27.6186857038003
17.15,98.65,22.2717267846793
17.2,98.65,23.8950594307386
17.25,98.65,24.7401355481912
17.3,98.65,23.3267237883733
17.35,98.65,21.8509423920573
17.4,98.65,21.853352690301
17.45,98.65,21.4575873165717
17.5,98.65,21.3931433706833
17.55,98.65,18.3933241725821
17.6,98.65,21.8658729447833
17.65,98.65,19.5948095007229
17.7,98.65,16.9858299838046
17.75,98.65,16.6001668804023
17.8,98.65,15.8184521846449
17.85,98.65,14.2720333202865
17.9,98.65,17.3560308482545
17.95,98.65,17.9221075352065
18,98.65,12.644879710929
18.05,98.65,14.8138343306467
18.1,98.65,13.8827507704131
18.15,98.65,12.4367460626632
18.2,98.65,11.2330163206972
18.25,98.65,11.5298905821529
18.3,98.65,13.6456936114427
18.35,98.65,14.6440885232057
18.4,98.65,11.4840880090097
18.45,98.65,9.92837894378373
18.5,98.65,9.49546499751371
18.55,98.65,12.7344518729748
18.6,98.65,10.8201610059409
18.65,98.65,9.44889217107169
18.7,98.65,8.46572321547192
18.75,98.65,11.2672098199038
18.8,98.65,9.21167648715075
18.85,98.65,7.09575370488883
18.9,98.65,10.4588771305289
18.95,98.65,11.5730343781296
19,98.65,12.2961374775235
13,98.7,6.78535916996626
13.05,98.7,7.59743330674407
13.1,98.7,4.62199601428186
13.15,98.7,5.97895825260146
13.2,98.7,6.11498135258172
13.25,98.7,8.65299089200866
13.3,98.7,10.3882504119232
13.35,98.7,11.2212430037131
13.4,98.7,6.31690034773031
13.45,98.7,12.2366491123046
13.5,98.7,10.308424877447
13.55,98.7,8.19121932973602
13.6,98.7,13.3407689023958
13.65,98.7,8.40051019107111
13.7,98.7,12.0734848124583
13.75,98.7,11.2551007423276
13.8,98.7,11.1852132377094
13.85,98.7,10.4615662720679
13.9,98.7,10.4680265185479
13.95,98.7,12.696509632917
14,98.7,14.4755076288515
14.05,98.7,17.6651074354404
14.1,98.7,14.614853682934
14.15,98.7,12.9150580743795
14.2,98.7,16.0431075921933
14.25,98.7,16.3828465064189
14.3,98.7,18.4950009016868
14.35,98.7,19.7738707789118
14.4,98.7,21.3195273783218
14.45,98.7,18.3626035155414
14.5,98.7,21.1122204425785
14.55,98.7,22.6952871006714
14.6,98.7,24.6249987660026
14.65,98.7,17.7247878187994
14.7,98.7,24.5072956538611
14.75,98.7,21.6513045425478
14.8,98.7,23.4394610648155
14.85,98.7,22.1379569721195
14.9,98.7,28.5691261602755
14.95,98.7,26.656571197769
15,98.7,25.9704298763883
15.05,98.7,29.5238199634105
15.1,98.7,26.2323634050439
15.15,98.7,27.4191465608761
15.2,98.7,33.4248198691505
15.25,98.7,28.8306121598216
15.3,98.7,29.2892644107174
15.35,98.7,33.13295531469
15.4,98.7,32.8085290590814
15.45,98.7,33.8571055720578
15.5,98.7,36.7639552850757
15.55,98.7,32.9114995220912
15.6,98.7,33.666662986237
15.65,98.7,36.502547467708
15.7,98.7,36.2762990636983
15.75,98.7,39.9596486217333
15.8,98.7,34.750936668787
15.85,98.7,39.5822772699024
15.9,98.7,35.5440528538981
15.95,98.7,34.9623724736078
16,98.7,35.5166565473333
16.05,98.7,36.6509603773648
16.1,98.7,32.3008916216013
16.15,98.7,37.3763631999125
16.2,98.7,30.0341765218175
16.25,98.7,40.1020180782934
16.3,98.7,37.8423041022246
16.35,98.7,34.8393794288833
16.4,98.7,33.3018303062397
16.45,98.7,34.2618340878519
16.5,98.7,36.4002176465441
16.55,98.7,33.8223760436425
16.6,98.7,32.6855223350796
16.65,98.7,31.7663300822555
16.7,98.7,29.2826383027764
16.75,98.7,34.2039769920454
16.8,98.7,27.063708491799
16.85,98.7,26.8435442828338
16.9,98.7,31.6450081013978
16.95,98.7,23.9748216717867
17,98.7,29.8171957980863
17.05,98.7,27.03197578091
17.1,98.7,23.346388442731
17.15,98.7,27.4990836367391
17.2,98.7,24.7107126869001
17.25,98.7,25.9187941712855
17.3,98.7,24.3756048052705
17.35,98.7,19.9561863005921
17.4,98.7,23.8789281362971
17.45,98.7,20.0022846034871
17.5,98.7,18.6255026769361
17.55,98.7,16.9428861769899
17.6,98.7,24.8310578536705
17.65,98.7,20.4356242687034
17.7,98.7,17.3965054845891
17.75,98.7,17.3708309696587
17.8,98.7,15.920129370912
17.85,98.7,15.9507721544391
17.9,98.7,16.1289518585574
17.95,98.7,17.1736176591631
18,98.7,15.160454096006
18.05,98.7,13.704634874042
18.1,98.7,16.5579239782182
18.15,98.7,13.118031912176
18.2,98.7,11.819974037957
18.25,98.7,12.4773259262891
18.3,98.7,14.6321499713835
18.35,98.7,10.4804944830613
18.4,98.7,10.9046473240449
18.45,98.7,7.86109509807265
18.5,98.7,9.00053224896851
18.55,98.7,10.2053209287501
18.6,98.7,12.5216355634017
18.65,98.7,8.87112510129491
18.7,98.7,11.4914284344979
18.75,98.7,10.5528595126074
18.8,98.7,10.79772011838
18.85,98.7,9.62564436810788
18.9,98.7,4.41220450139903
18.95,98.7,4.40156432915172
19,98.7,8.76046985101531
13,98.75,7.10066431906408
13.05,98.75,10.6899590601757
13.1,98.75,7.68655274846538
13.15,98.75,10.784277688559
13.2,98.75,7.76612183722334
13.25,98.75,4.69488580247376
13.3,98.75,8.81341966045912
13.35,98.75,8.78843168669828
13.4,98.75,9.46735508068975
13.45,98.75,10.9653385078016
13.5,98.75,11.5607173542169
13.55,98.75,12.0835173295744
13.6,98.75,10.7699958373211
13.65,98.75,12.9672323961861
13.7,98.75,11.1601090266309
13.75,98.75,13.0995817806828
13.8,98.75,13.5891295430602
13.85,98.75,13.0616092696664
13.9,98.75,14.9175818984387
13.95,98.75,9.46218490841905
14,98.75,16.3572011438895
14.05,98.75,15.8973786652342
14.1,98.75,16.2892007949752
14.15,98.75,13.9044577546072
14.2,98.75,15.485659587342
14.25,98.75,16.1412511021567
14.3,98.75,17.6359898146494
14.35,98.75,19.7801862692838
14.4,98.75,20.7711629957936
14.45,98.75,17.0490231949014
14.5,98.75,19.7600347429934
14.55,98.75,22.8437258512926
14.6,98.75,20.2608103135494
14.65,98.75,23.0802793343131
14.7,98.75,20.7480261653705
14.75,98.75,23.7064676273021
14.8,98.75,24.471695415358
14.85,98.75,25.4424606524117
14.9,98.75,25.9527121066448
14.95,98.75,28.1700066836268
15,98.75,26.9992906766653
15.05,98.75,30.7099630412531
15.1,98.75,29.064554320912
15.15,98.75,29.492682631653
15.2,98.75,31.2671584920927
15.25,98.75,29.6600971019163
15.3,98.75,31.4234405054197
15.35,98.75,36.5158646575514
15.4,98.75,37.0570205569444
15.45,98.75,35.9384536200021
15.5,98.75,35.9003130319937
15.55,98.75,37.2379845856372
15.6,98.75,37.9004657878214
15.65,98.75,32.7550121541859
15.7,98.75,34.4345290371288
15.75,98.75,35.4598757358974
15.8,98.75,36.2617184938333
15.85,98.75,37.9833688937442
15.9,98.75,35.737460726413
15.95,98.75,35.5190102531633
16,98.75,37.2241777858326
16.05,98.75,37.6687714006778
16.1,98.75,37.381024333984
16.15,98.75,34.1256104051984
16.2,98.75,36.8656900940271
16.25,98.75,35.3579878584488
16.3,98.75,35.7861758986049
16.35,98.75,35.5084441631276
16.4,98.75,33.1183853441596
16.45,98.75,34.9604339449259
16.5,98.75,35.4569123493496
16.55,98.75,38.8533631798461
16.6,98.75,30.8456576602678
16.65,98.75,32.9708965847661
16.7,98.75,28.9487138582633
16.75,98.75,30.2185635275771
16.8,98.75,31.8516303932709
16.85,98.75,27.9118790695869
16.9,98.75,29.1348526716419
16.95,98.75,28.545870891257
17,98.75,30.5004011853355
17.05,98.75,28.0332219144464
17.1,98.75,28.0901911079413
17.15,98.75,24.2560088543083
17.2,98.75,25.1774552272953
17.25,98.75,25.7258330104777
17.3,98.75,23.3162960885005
17.35,98.75,24.2226560820374
17.4,98.75,23.0928706471921
17.45,98.75,22.1861093947027
17.5,98.75,19.8234745675867
17.55,98.75,25.5456853045482
17.6,98.75,20.3449162710371
17.65,98.75,19.5319168984049
17.7,98.75,15.1539549329068
17.75,98.75,17.9189773049627
17.8,98.75,16.1790370254266
17.85,98.75,15.4112499889739
17.9,98.75,19.5483706788036
17.95,98.75,14.9325721079093
18,98.75,13.8442363648127
18.05,98.75,12.7784784559034
18.1,98.75,17.7605073948752
18.15,98.75,11.8610983403937
18.2,98.75,12.4521217222625
18.25,98.75,13.4886955247931
18.3,98.75,15.3171238076731
18.35,98.75,14.3451424649802
18.4,98.75,9.68587210664893
18.45,98.75,11.9069070025623
18.5,98.75,8.8920476774391
18.55,98.75,12.2255532003029
18.6,98.75,13.6358663476673
18.65,98.75,7.11877539990174
18.7,98.75,9.05531984441562
18.75,98.75,9.31264089168643
18.8,98.75,13.2741715894839
18.85,98.75,7.88030431727758
18.9,98.75,10.9725553399559
18.95,98.75,7.7769371786681
19,98.75,8.5304806712152
13,98.8,8.90170121519637
13.05,98.8,7.10488399319783
13.1,98.8,5.39585867286544
13.15,98.8,7.32089101519068
13.2,98.8,8.83091413894499
13.25,98.8,8.95736191911064
13.3,98.8,11.5024359301916
13.35,98.8,9.90761623583744
13.4,98.8,10.7488588942201
13.45,98.8,9.10166998995353
13.5,98.8,9.37813520951113
13.55,98.8,12.1554113333447
13.6,98.8,10.3149736084499
13.65,98.8,13.2771302971145
13.7,98.8,12.7867519727046
13.75,98.8,10.6731289601701
13.8,98.8,14.0770460421594
13.85,98.8,12.2296144391716
13.9,98.8,13.5809373766632
13.95,98.8,14.5506085411882
14,98.8,13.8711254049476
14.05,98.8,16.7196132576595
14.1,98.8,14.9497740779109
14.15,98.8,13.2619138761385
14.2,98.8,20.4076190983031
14.25,98.8,19.0066157844577
14.3,98.8,20.1837615109057
14.35,98.8,22.9832397186038
14.4,98.8,21.9744426014886
14.45,98.8,19.0721280554335
14.5,98.8,21.9786008877541
14.55,98.8,20.8409541832597
14.6,98.8,26.1218985560416
14.65,98.8,23.0440542287096
14.7,98.8,23.7016788956505
14.75,98.8,21.1570527197799
14.8,98.8,25.5522672421341
14.85,98.8,26.8656425446613
14.9,98.8,26.6749106940273
14.95,98.8,27.9969705284103
15,98.8,27.8349897227928
15.05,98.8,28.5159863533521
15.1,98.8,32.107000654748
15.15,98.8,30.3209866548937
15.2,98.8,32.2209504210088
15.25,98.8,30.9903637941622
15.3,98.8,32.1380115667702
15.35,98.8,35.977800141457
15.4,98.8,36.8157918561904
15.45,98.8,38.1021835164954
15.5,98.8,33.0904520418586
15.55,98.8,37.7501236066
15.6,98.8,37.8884796761152
15.65,98.8,38.6849248016078
15.7,98.8,34.7423547462759
15.75,98.8,37.0565509122445
15.8,98.8,38.2038267273939
15.85,98.8,39.049636448667
15.9,98.8,37.9419196020533
15.95,98.8,37.8196044215235
16,98.8,40.0669916396113
16.05,98.8,39.1540384923267
16.1,98.8,35.7417530332717
16.15,98.8,40.5996261912282
16.2,98.8,37.9004844463695
16.25,98.8,38.8266200577589
16.3,98.8,36.5423332273871
16.35,98.8,34.8465415127562
16.4,98.8,39.5183320396704
16.45,98.8,38.4227337629397
16.5,98.8,35.7491036943767
16.55,98.8,34.2027337979109
16.6,98.8,33.1403697329993
16.65,98.8,33.5817101940157
16.7,98.8,32.4818195051977
16.75,98.8,33.8028519617158
16.8,98.8,36.5220227709659
16.85,98.8,29.2729451902513
16.9,98.8,30.2995367008332
16.95,98.8,30.7080999965115
17,98.8,30.4762085878375
17.05,98.8,29.627600094711
17.1,98.8,32.4808982549668
17.15,98.8,27.0338446140445
17.2,98.8,29.8080983638728
17.25,98.8,24.5942481155756
17.3,98.8,24.4373606495992
17.35,98.8,27.0671289196024
17.4,98.8,21.685201622522
17.45,98.8,22.486511675779
17.5,98.8,24.0031463038254
17.55,98.8,22.2545430047349
17.6,98.8,17.3076380326187
17.65,98.8,21.5660199022704
17.7,98.8,19.4492418546589
17.75,98.8,16.5437716927477
17.8,98.8,19.5536657490318
17.85,98.8,14.5224580770355
17.9,98.8,15.3918447657475
17.95,98.8,17.877929987555
18,98.8,12.9784943111616
18.05,98.8,11.4198239271413
18.1,98.8,16.9488684618897
18.15,98.8,16.5139400768759
18.2,98.8,9.74698823728813
18.25,98.8,9.10979548985776
18.3,98.8,15.6823614237348
18.35,98.8,12.6039098349412
18.4,98.8,11.4855340057218
18.45,98.8,9.86825937473176
18.5,98.8,14.5261618214454
18.55,98.8,11.155244304093
18.6,98.8,10.9154570268482
18.65,98.8,10.2485577759078
18.7,98.8,12.569005775931
18.75,98.8,9.3620164190287
18.8,98.8,10.4160222102936
18.85,98.8,11.71335115489
18.9,98.8,7.85800020905783
18.95,98.8,5.99332505703354
19,98.8,8.12506641856489
13,98.85,9.83932241711397
13.05,98.85,8.42662544290246
13.1,98.85,3.3373116589522
13.15,98.85,8.00780873152318
13.2,98.85,6.75114491374578
13.25,98.85,7.24540354389844
13.3,98.85,6.08303703684251
13.35,98.85,6.90847383483942
13.4,98.85,11.3875934586464
13.45,98.85,6.21093487297313
13.5,98.85,13.1359977427951
13.55,98.85,12.0451533657979
13.6,98.85,14.2656502551775
13.65,98.85,10.1234292522811
13.7,98.85,11.0215346167274
13.75,98.85,16.3909607066698
13.8,98.85,10.3395786800368
13.85,98.85,17.4150591633123
13.9,98.85,10.5195560268905
13.95,98.85,11.7839969796599
14,98.85,14.9028838412868
14.05,98.85,20.0773909603234
14.1,98.85,17.8816026952633
14.15,98.85,14.9680913660824
14.2,98.85,17.4243901121111
14.25,98.85,20.0115693494669
14.3,98.85,20.9735148101497
14.35,98.85,16.3792972598539
14.4,98.85,21.7703864901821
14.45,98.85,20.6893133050701
14.5,98.85,25.4825758271001
14.55,98.85,25.559031078351
14.6,98.85,22.9053447360797
14.65,98.85,22.4967617823356
14.7,98.85,20.9300740321599
14.75,98.85,26.7999724149353
14.8,98.85,31.5432494620564
14.85,98.85,25.730558934505
14.9,98.85,27.5615705157215
14.95,98.85,28.5828888721826
15,98.85,28.2230265095194
15.05,98.85,32.297297747277
15.1,98.85,31.1242092798734
15.15,98.85,34.3114986127061
15.2,98.85,33.0263416741921
15.25,98.85,34.5274380296128
15.3,98.85,35.5352291265082
15.35,98.85,33.9083817888331
15.4,98.85,32.4270162513175
15.45,98.85,33.7404474716795
15.5,98.85,38.6582002217053
15.55,98.85,36.7904172696231
15.6,98.85,35.2181157525352
15.65,98.85,38.8430399465685
15.7,98.85,37.2103729912862
15.75,98.85,40.3195516075496
15.8,98.85,39.3004981037636
15.85,98.85,36.0343754512309
15.9,98.85,39.7033948845552
15.95,98.85,38.8794645012246
16,98.85,41.1079320185188
16.05,98.85,38.6617080251568
16.1,98.85,40.2212281061999
16.15,98.85,34.8554679071886
16.2,98.85,38.3302189926624
16.25,98.85,40.195592731514
16.3,98.85,39.0773823691579
16.35,98.85,35.3117666281252
16.4,98.85,34.7443840560939
16.45,98.85,36.9703834261273
16.5,98.85,37.4360119685477
16.55,98.85,36.1163799624391
16.6,98.85,36.1453212387186
16.65,98.85,35.8104974503292
16.7,98.85,32.4819226646271
16.75,98.85,30.8045194818152
16.8,98.85,33.0763227138247
16.85,98.85,30.7448126542491
16.9,98.85,31.8315170127
16.95,98.85,30.2520848967694
17,98.85,30.7638944584968
17.05,98.85,34.4100983448174
17.1,98.85,27.8820478898446
17.15,98.85,27.4472591525436
17.2,98.85,26.6134364340142
17.25,98.85,28.6726535690759
17.3,98.85,25.5180432943276
17.35,98.85,25.4479680646097
17.4,98.85,23.3750755323419
17.45,98.85,20.7811828281824
17.5,98.85,20.487783493412
17.55,98.85,24.5693032904331
17.6,98.85,20.3345518608495
17.65,98.85,21.7439223944684
17.7,98.85,18.4131313453663
17.75,98.85,19.5577010583144
17.8,98.85,16.5220531052226
17.85,98.85,15.2443830639052
17.9,98.85,17.2418266104431
17.95,98.85,16.3099454743077
18,98.85,15.1947703743665
18.05,98.85,16.5789006443137
18.1,98.85,11.2153837409898
18.15,98.85,14.8345105262837
18.2,98.85,11.5326765151194
18.25,98.85,14.5142275470938
18.3,98.85,15.1796881318537
18.35,98.85,14.5260244595756
18.4,98.85,15.7193907868549
18.45,98.85,15.2983471446384
18.5,98.85,10.5775223210926
18.55,98.85,13.0793714158867
18.6,98.85,14.4611753489448
18.65,98.85,9.79775749144356
18.7,98.85,11.3495347375515
18.75,98.85,6.28167639564968
18.8,98.85,7.81070369460673
18.85,98.85,11.6434481719493
18.9,98.85,9.38556841818999
18.95,98.85,8.86655210982803
19,98.85,7.1528388092269
13,98.9,7.2498307303165
13.05,98.9,6.72500734453121
13.1,98.9,6.26616613811286
13.15,98.9,6.34385633685156
13.2,98.9,5.68551209466426
13.25,98.9,9.0076023673146
13.3,98.9,8.46172626042561
13.35,98.9,12.6018949066895
13.4,98.9,13.2403409579736
13.45,98.9,9.8013930859722
13.5,98.9,12.2720391268728
13.55,98.9,6.35630934477365
13.6,98.9,12.7505694873266
13.65,98.9,11.50840964837
13.7,98.9,13.6014135300715
13.75,98.9,13.0799866682946
13.8,98.9,12.3328447569431
13.85,98.9,13.809101905414
13.9,98.9,14.1979987360033
13.95,98.9,16.0395240467224
14,98.9,13.3828930064905
14.05,98.9,14.4899172681068
14.1,98.9,18.4954807695619
14.15,98.9,17.4333886789467
14.2,98.9,19.6104718337497
14.25,98.9,18.7872030389887
14.3,98.9,19.7011437228491
14.35,98.9,19.0460129563073
14.4,98.9,21.8060279867091
14.45,98.9,22.195399382334
14.5,98.9,22.8157587562328
14.55,98.9,24.4411146409567
14.6,98.9,25.2184487702337
14.65,98.9,22.9745470829218
14.7,98.9,24.038503442261
14.75,98.9,26.680614613757
14.8,98.9,24.4957732339539
14.85,98.9,26.7542710812717
14.9,98.9,29.0577929996002
14.95,98.9,29.374731922311
15,98.9,35.166773246676
15.05,98.9,33.0073099019891
15.1,98.9,33.393783868581
15.15,98.9,35.7185299027535
15.2,98.9,31.5155220368916
15.25,98.9,40.126875683988
15.3,98.9,33.0542109391121
15.35,98.9,37.6173429771582
15.4,98.9,36.9703168969971
15.45,98.9,38.7456210090937
15.5,98.9,40.102824061133
15.55,98.9,38.6941848140473
15.6,98.9,37.5078445088477
15.65,98.9,39.8703999774905
15.7,98.9,40.7440655036028
15.75,98.9,41.1109139590689
15.8,98.9,38.6351717146378
15.85,98.9,39.9670569726843
15.9,98.9,40.6713909008278
15.95,98.9,44.7840676308404
16,98.9,40.2755538398278
16.05,98.9,40.2128793921209
16.1,98.9,39.7552175624258
16.15,98.9,38.5547206345247
16.2,98.9,40.3085608563785
16.25,98.9,41.1550992402582
16.3,98.9,38.8873706102316
16.35,98.9,37.5680532641459
16.4,98.9,38.8425002955837
16.45,98.9,40.0802002127681
16.5,98.9,33.9256160387145
16.55,98.9,36.5399062777974
16.6,98.9,34.7644583584218
16.65,98.9,35.6055188531722
16.7,98.9,36.8271612897164
16.75,98.9,35.0558903410402
16.8,98.9,37.2221018831789
16.85,98.9,30.3222256676121
16.9,98.9,34.8826816626736
16.95,98.9,30.6255455430444
17,98.9,29.1329295904379
17.05,98.9,29.1727954177639
17.1,98.9,28.3626356702154
17.15,98.9,30.4258845505363
17.2,98.9,27.1661177543179
17.25,98.9,28.2692270108773
17.3,98.9,30.3748021694911
17.35,98.9,26.31921654099
17.4,98.9,23.253728316162
17.45,98.9,23.0547073374933
17.5,98.9,22.4932726294383
17.55,98.9,21.7732336233341
17.6,98.9,22.0741575836087
17.65,98.9,14.6583033391609
17.7,98.9,21.2348571163645
17.75,98.9,16.3200326716624
17.8,98.9,19.0561345097852
17.85,98.9,18.4141055991727
17.9,98.9,21.7808463078124
17.95,98.9,14.0446417657688
18,98.9,18.6828056808987
18.05,98.9,17.4395555932353
18.1,98.9,16.6606689886074
18.15,98.9,14.6647751353888
18.2,98.9,19.4150812703627
18.25,98.9,13.4010042689318
18.3,98.9,14.218978703444
18.35,98.9,12.5939553990851
18.4,98.9,12.3032299313093
18.45,98.9,11.3426571383341
18.5,98.9,10.9866642729703
18.55,98.9,13.8610462777908
18.6,98.9,12.9365026476281
18.65,98.9,11.6413302139869
18.7,98.9,12.8712761414781
18.75,98.9,11.5582044267526
18.8,98.9,13.2433447261432
18.85,98.9,7.63206238677255
18.9,98.9,8.39766722189481
18.95,98.9,8.46761105363856
19,98.9,11.2262947377584
13,98.95,6.19481370559746
13.05,98.95,6.96617174456573
13.1,98.95,9.58154555911401
13.15,98.95,6.15835446767315
13.2,98.95,4.61919873370758
13.25,98.95,6.69218412850519
13.3,98.95,6.71697441390563
13.35,98.95,9.10336568115695
13.4,98.95,8.88049724590659
13.45,98.95,9.07127751324243
13.5,98.95,7.44300982586389
13.55,98.95,11.0513229009481
13.6,98.95,12.3120995306206
13.65,98.95,12.4987648748351
13.7,98.95,9.65351923735832
13.75,98.95,14.6354461739147
13.8,98.95,13.3092409810228
13.85,98.95,14.5435174213064
13.9,98.95,14.6573341671431
13.95,98.95,12.5048011565973
14,98.95,15.0217873325569
14.05,98.95,18.0566318170373
14.1,98.95,21.6785974955474
14.15,98.95,22.2266920258893
14.2,98.95,19.2375407378846
14.25,98.95,16.9162739602704
14.3,98.95,20.6901519286517
14.35,98.95,19.1258953240934
14.4,98.95,21.1173806127953
14.45,98.95,20.1070544389065
14.5,98.95,20.8348187498616
14.55,98.95,22.7063829958514
14.6,98.95,22.7476434427461
14.65,98.95,27.6944677800523
14.7,98.95,27.4120431479258
14.75,98.95,29.6453072576497
14.8,98.95,27.5340457417039
14.85,98.95,32.5705427794598
14.9,98.95,31.6376529055186
14.95,98.95,32.1854168114481
15,98.95,35.8347307689532
15.05,98.95,32.8378255699365
15.1,98.95,31.8604622633703
15.15,98.95,32.9239461447126
15.2,98.95,34.2909132293628
15.25,98.95,33.6606545692028
15.3,98.95,39.4571367660207
15.35,98.95,40.50551055977
15.4,98.95,35.1147934053867
15.45,98.95,34.4393824224536
15.5,98.95,38.3912125235863
15.55,98.95,35.809277333716
15.6,98.95,39.3657503457054
15.65,98.95,39.9301176572048
15.7,98.95,37.0413437315875
15.75,98.95,40.8205678528691
15.8,98.95,43.4265037060402
15.85,98.95,40.5183300921829
15.9,98.95,40.1949204010957
15.95,98.95,42.5719302344882
16,98.95,39.8089910861373
16.05,98.95,41.53607352882
16.1,98.95,42.2792836664278
16.15,98.95,37.6348541725633
16.2,98.95,38.9900769292553
16.25,98.95,42.8830507016653
16.3,98.95,39.168160802409
16.35,98.95,38.8675676906537
16.4,98.95,39.0706791936181
16.45,98.95,38.6181403237442
16.5,98.95,38.5449474738958
16.55,98.95,37.3642018444225
16.6,98.95,36.5169269133868
16.65,98.95,38.576960809142
16.7,98.95,34.4247746866276
16.75,98.95,31.4044031711862
16.8,98.95,35.68318630739
16.85,98.95,33.8266004986848
16.9,98.95,33.6772137876063
16.95,98.95,32.887103221775
17,98.95,31.6328435602204
17.05,98.95,29.2024738714413
17.1,98.95,31.7730108269456
17.15,98.95,30.9620545767514
17.2,98.95,27.8646895453055
17.25,98.95,28.4961414796765
17.3,98.95,28.2569735863092
17.35,98.95,25.2008243733374
17.4,98.95,27.0201898184133
17.45,98.95,21.1767191567881
17.5,98.95,24.0925393924528
17.55,98.95,24.1344199762663
17.6,98.95,22.9039629267534
17.65,98.95,20.4087293228394
17.7,98.95,24.1253886748758
17.75,98.95,20.3435254582992
17.8,98.95,18.5841048019896
17.85,98.95,17.7716106587907
17.9,98.95,18.0274539187532
17.95,98.95,17.6844230888437
18,98.95,16.5137707662697
18.05,98.95,17.7076830448784
18.1,98.95,16.6099146853277
18.15,98.95,15.3715414669834
18.2,98.95,15.2888060663418
18.25,98.95,13.7901438785979
18.3,98.95,11.786882381379
18.35,98.95,7.89844837427603
18.4,98.95,11.467444586592
18.45,98.95,11.0522241249582
18.5,98.95,12.181057055224
18.55,98.95,12.0389491315926
18.6,98.95,10.4054608232288
18.65,98.95,9.38487567939789
18.7,98.95,10.5546130065371
18.75,98.95,10.1972392810078
18.8,98.95,8.09889710839803
18.85,98.95,5.81670762131228
18.9,98.95,11.7088838006701
18.95,98.95,11.4809028351901
19,98.95,10.7961337860988
13,99,0.982313269586951
13.05,99,4.61895188060652
13.1,99,8.08665289434707
13.15,99,8.2672444368541
13.2,99,9.07164993041653
13.25,99,10.1342155795889
13.3,99,7.67009561236723
13.35,99,6.87386554316487
13.4,99,11.189464071494
13.45,99,8.4117351760846
13.5,99,12.2082402633878
13.55,99,9.60844501422917
13.6,99,9.42697199239554
13.65,99,7.83105422957596
13.7,99,14.2769059377201
13.75,99,15.1914179580857
13.8,99,11.1946919773644
13.85,99,17.0891570712142
13.9,99,12.5696300142056
13.95,99,14.2406984027248
14,99,13.5125373403443
14.05,99,18.5486841747839
14.1,99,20.8763987443554
14.15,99,17.7243520045916
14.2,99,19.0027043543665
14.25,99,19.0437111625701
14.3,99,18.764840270999
14.35,99,20.9637141054597
14.4,99,22.9216492161134
14.45,99,26.5105231815902
14.5,99,25.887138462246
14.55,99,21.7142613662812
14.6,99,25.3158049237574
14.65,99,31.9379618149045
14.7,99,28.1979009059065
14.75,99,29.2825521529328
14.8,99,30.1475640814792
14.85,99,28.748197558218
14.9,99,32.987517492347
14.95,99,30.8482352273361
15,99,33.3421751297626
15.05,99,29.6045437333397
15.1,99,34.0340059344484
15.15,99,34.4513504507312
15.2,99,33.075790843059
15.25,99,34.4209781848282
15.3,99,35.7970006349688
15.35,99,37.1363116661356
15.4,99,37.3871858962859
15.45,99,36.6797678920548
15.5,99,39.6619911483864
15.55,99,40.6030850525477
15.6,99,39.3597977778495
15.65,99,41.9003659261787
15.7,99,37.3012915733555
15.75,99,43.2237428764452
15.8,99,39.5667140379059
15.85,99,42.7727118815901
15.9,99,44.3912071400242
15.95,99,42.9436199365839
16,99,43.1989329610735
16.05,99,42.6148294365235
16.1,99,42.9296167904924
16.15,99,38.2269778915545
16.2,99,45.0506911584378
16.25,99,43.3085645573832
16.3,99,43.2908588218744
16.35,99,42.4795885658468
16.4,99,40.8593500534325
16.45,99,40.062219790704
16.5,99,43.4831332784811
16.55,99,36.0711378113384
16.6,99,38.9863761624117
16.65,99,38.243748564036
16.7,99,38.3465917642522
16.75,99,35.0340575575989
16.8,99,36.4277682467659
16.85,99,35.7299326996449
16.9,99,36.1789986263982
16.95,99,29.1901306864309
17,99,29.517163681058
17.05,99,35.301733762754
17.1,99,30.7210741994436
17.15,99,25.2076169911994
17.2,99,28.5690518947802
17.25,99,25.9738509693516
17.3,99,27.6975820196091
17.35,99,29.3753593416199
17.4,99,25.017165898772
17.45,99,22.6062861784931
17.5,99,25.316139611696
17.55,99,24.2644060143345
17.6,99,23.7999186092901
17.65,99,19.9288810364338
17.7,99,19.2499811586578
17.75,99,17.0305817858449
17.8,99,22.091716152127
17.85,99,17.1483634050545
17.9,99,20.4020546156049
17.95,99,13.4432689440777
18,99,15.2760111338291
18.05,99,18.1736856848506
18.1,99,18.0795718322064
18.15,99,17.5426520316255
18.2,99,14.6235309745588
18.25,99,17.2404378689579
18.3,99,9.37953276933038
18.35,99,14.3288738512149
18.4,99,11.6648692161155
18.45,99,11.8446862993373
18.5,99,11.9966460570703
18.55,99,15.5097079627561
18.6,99,11.9119170052436
18.65,99,10.9838380890771
18.7,99,9.56853168844588
18.75,99,14.6467808071402
18.8,99,12.6523267869299
18.85,99,10.4066807534079
18.9,99,9.25043929396991
18.95,99,11.8787616987057
19,99,10.0419793517457
13,99.05,6.58972011816107
13.05,99.05,6.77974601572295
13.1,99.05,8.03809956683731
13.15,99.05,8.46580016765184
13.2,99.05,6.84619819823597
13.25,99.05,10.1648920045262
13.3,99.05,9.76930552834951
13.35,99.05,10.6963544724001
13.4,99.05,8.73871744763734
13.45,99.05,11.8769406920618
13.5,99.05,12.5811489681401
13.55,99.05,12.5402170162304
13.6,99.05,9.99051045570387
13.65,99.05,14.7650337035236
13.7,99.05,14.6680657283652
13.75,99.05,16.7677852184049
13.8,99.05,14.0576138299867
13.85,99.05,14.0011221071947
13.9,99.05,16.00001024352
13.95,99.05,15.8553687604554
14,99.05,18.8933079361902
14.05,99.05,15.6467947555535
14.1,99.05,16.0677786556285
14.15,99.05,19.8126144493154
14.2,99.05,22.0871803560816
14.25,99.05,23.9478573819935
14.3,99.05,20.5355026341512
14.35,99.05,20.832124855854
14.4,99.05,22.289309305589
14.45,99.05,24.5279481566873
14.5,99.05,27.028181163641
14.55,99.05,23.8675531608968
14.6,99.05,25.964944484249
14.65,99.05,30.1890157982775
14.7,99.05,31.9463760801823
14.75,99.05,31.4543074275937
14.8,99.05,26.9400588944278
14.85,99.05,33.2103682035309
14.9,99.05,31.9235936090854
14.95,99.05,32.6124261708685
15,99.05,30.5675659671137
15.05,99.05,35.8194423885018
15.1,99.05,34.5157172317617
15.15,99.05,38.791260407064
15.2,99.05,36.1362101697675
15.25,99.05,40.4453831280931
15.3,99.05,38.4654258573977
15.35,99.05,41.6143166823981
15.4,99.05,34.3154392639559
15.45,99.05,39.0143297688113
15.5,99.05,42.4110092729031
15.55,99.05,41.7962048239967
15.6,99.05,40.0541655405519
15.65,99.05,42.7465702232013
15.7,99.05,41.6875255045337
15.75,99.05,41.7469933428418
15.8,99.05,43.3203965747632
15.85,99.05,43.614525178561
15.9,99.05,43.9178653671503
15.95,99.05,46.2358911954352
16,99.05,41.0216082796236
16.05,99.05,42.0910572963486
16.1,99.05,43.5521220990384
16.15,99.05,43.8677687260501
16.2,99.05,45.6440761231071
16.25,99.05,37.1634647941639
16.3,99.05,42.0937142259108
16.35,99.05,40.863036708653
16.4,99.05,40.1403660199058
16.45,99.05,41.2629714871476
16.5,99.05,42.9322333712781
16.55,99.05,43.6868320328029
16.6,99.05,42.7539950013189
16.65,99.05,37.8799446805784
16.7,99.05,37.7700161385777
16.75,99.05,37.2855896143619
16.8,99.05,32.7972586922455
16.85,99.05,35.2402820736157
16.9,99.05,34.1385596528232
16.95,99.05,33.1988043310056
17,99.05,34.1500833906219
17.05,99.05,32.6118656320424
17.1,99.05,29.9579103930225
17.15,99.05,29.2958057735118
17.2,99.05,30.629094356675
17.25,99.05,28.1596514003736
17.3,99.05,25.9834846971098
17.35,99.05,27.1473536136363
17.4,99.05,28.006382095693
17.45,99.05,21.1386525147994
17.5,99.05,23.6648052053842
17.55,99.05,22.9022187721675
17.6,99.05,23.3654337326742
17.65,99.05,21.7324996377501
17.7,99.05,23.5800063433199
17.75,99.05,19.4462854309389
17.8,99.05,17.1716904207342
17.85,99.05,16.6493770482474
17.9,99.05,19.0319625546433
17.95,99.05,15.300531004236
18,99.05,18.1756168456237
18.05,99.05,17.9723241668941
18.1,99.05,19.0705528304569
18.15,99.05,16.4972383957082
18.2,99.05,16.2731884049164
18.25,99.05,13.4453848976513
18.3,99.05,19.4915337036132
18.35,99.05,16.9591718436184
18.4,99.05,9.51063040309306
18.45,99.05,12.5607629747556
18.5,99.05,12.2790614740706
18.55,99.05,12.9191303908479
18.6,99.05,10.5280123484553
18.65,99.05,12.0024136379964
18.7,99.05,11.9454670217778
18.75,99.05,12.9888173113351
18.8,99.05,9.70330175361762
18.85,99.05,10.1303432916955
18.9,99.05,9.18024315362994
18.95,99.05,6.37319117449547
19,99.05,11.0375208990106
13,99.1,7.39184720490836
13.05,99.1,8.88628455978599
13.1,99.1,9.17857496253698
13.15,99.1,8.63517637189899
13.2,99.1,9.93354005492745
13.25,99.1,9.43130094118929
13.3,99.1,10.9037744893948
13.35,99.1,9.34125510386817
13.4,99.1,7.22140312160453
13.45,99.1,7.92000991749094
13.5,99.1,12.562776055952
13.55,99.1,12.4297041059463
13.6,99.1,13.6680181840946
13.65,99.1,9.54126345295542
13.7,99.1,12.4487570005516
13.75,99.1,15.1217842238282
13.8,99.1,16.8390470183067
13.85,99.1,17.2174353853038
13.9,99.1,16.1202837980914
13.95,99.1,16.2916114644041
14,99.1,16.7538391357249
14.05,99.1,17.7023758040702
14.1,99.1,13.5326835765779
14.15,99.1,22.0781235201281
14.2,99.1,20.0948422997345
14.25,99.1,19.0880666837954
14.3,99.1,21.2390540662056
14.35,99.1,22.2864137142812
14.4,99.1,25.1648133806971
14.45,99.1,24.5158215001705
14.5,99.1,23.8585225479426
14.55,99.1,26.559139288171
14.6,99.1,28.5876520475811
14.65,99.1,31.4143978902415
14.7,99.1,24.3578777967079
14.75,99.1,30.289317918871
14.8,99.1,33.1250551355397
14.85,99.1,31.0916730720974
14.9,99.1,33.1070997794437
14.95,99.1,34.5681637375076
15,99.1,36.0308050624357
15.05,99.1,37.5460819694681
15.1,99.1,35.371573880622
15.15,99.1,37.0606844020446
15.2,99.1,38.8046831677638
15.25,99.1,40.7427569204902
15.3,99.1,36.8871647650407
15.35,99.1,42.3363752979009
15.4,99.1,38.1239021168953
15.45,99.1,34.7484194987798
15.5,99.1,41.7066148582661
15.55,99.1,38.8768405884912
15.6,99.1,40.6224813501207
15.65,99.1,42.5818909122289
15.7,99.1,42.6568486237819
15.75,99.1,42.491867212702
15.8,99.1,44.231642872087
15.85,99.1,46.2259676830867
15.9,99.1,43.1633631668032
15.95,99.1,42.1628418145879
16,99.1,44.1727995619021
16.05,99.1,44.2356300828212
16.1,99.1,44.3830609450872
16.15,99.1,43.1964033547984
16.2,99.1,45.1811235694022
16.25,99.1,45.939797993558
16.3,99.1,44.7721151159099
16.35,99.1,42.2642672651681
16.4,99.1,46.2130312495855
16.45,99.1,44.5110412356775
16.5,99.1,42.8962099010794
16.55,99.1,37.6467007379206
16.6,99.1,40.1371032712321
16.65,99.1,41.2487395041654
16.7,99.1,37.8223942865514
16.75,99.1,35.099733918046
16.8,99.1,38.2749104029644
16.85,99.1,37.8860830788492
16.9,99.1,34.4462980928897
16.95,99.1,33.8597041644946
17,99.1,35.023444379235
17.05,99.1,31.2296708836644
17.1,99.1,33.7598759077234
17.15,99.1,28.9505196546442
17.2,99.1,29.2273660861048
17.25,99.1,26.8691039656776
17.3,99.1,28.042101231785
17.35,99.1,29.2361051111209
17.4,99.1,27.0300500113725
17.45,99.1,25.5584172307973
17.5,99.1,24.7455846346629
17.55,99.1,23.7922515539435
17.6,99.1,23.7805357836052
17.65,99.1,22.0226762462606
17.7,99.1,23.656100173445
17.75,99.1,24.6528751154015
17.8,99.1,20.174674480643
17.85,99.1,21.1335615262097
17.9,99.1,15.1230936997982
17.95,99.1,22.6446889074795
18,99.1,15.9391587356265
18.05,99.1,16.618080131991
18.1,99.1,15.916167302114
18.15,99.1,19.0139752755197
18.2,99.1,12.3031570059455
18.25,99.1,17.6078770648902
18.3,99.1,17.1821297402535
18.35,99.1,14.0588350138607
18.4,99.1,11.5391767494166
18.45,99.1,14.504770661386
18.5,99.1,12.7251798300939
18.55,99.1,16.6125964360374
18.6,99.1,13.5134322517543
18.65,99.1,12.4157022985645
18.7,99.1,9.09591431707223
18.75,99.1,7.73930346213384
18.8,99.1,10.3555257549676
18.85,99.1,14.8757283460521
18.9,99.1,8.31861724484105
18.95,99.1,9.65795723732422
19,99.1,6.60687607176213
13,99.15,12.0038854819237
13.05,99.15,8.36959386094945
13.1,99.15,9.41268173512613
13.15,99.15,9.87927511506775
13.2,99.15,7.17591149598515
13.25,99.15,6.99995120676154
13.3,99.15,6.58882802369834
13.35,99.15,11.0823573429234
13.4,99.15,12.5493306514305
13.45,99.15,12.6088063364827
13.5,99.15,11.424587834091
13.55,99.15,12.6838483441095
13.6,99.15,11.6086061917682
13.65,99.15,14.533312298556
13.7,99.15,9.70835471816078
13.75,99.15,13.9832641730277
13.8,99.15,16.775704524718
13.85,99.15,14.3050606113107
13.9,99.15,14.54362893483
13.95,99.15,16.8405269301817
14,99.15,13.1420727964586
14.05,99.15,16.5167405973365
14.1,99.15,20.4398165700523
14.15,99.15,22.7629130684972
14.2,99.15,18.9478820135077
14.25,99.15,21.2550031226629
14.3,99.15,22.750351006685
14.35,99.15,27.1650224625824
14.4,99.15,24.4355519567057
14.45,99.15,25.7918282019469
14.5,99.15,25.5095342806214
14.55,99.15,29.8843591795615
14.6,99.15,27.0752715246359
14.65,99.15,31.7166298266691
14.7,99.15,32.4618372828962
14.75,99.15,31.7407013542617
14.8,99.15,32.1313130452454
14.85,99.15,33.369295716404
14.9,99.15,31.6808830194598
14.95,99.15,35.2630962027201
15,99.15,36.2491572058197
15.05,99.15,35.6578965707187
15.1,99.15,33.5969852894357
15.15,99.15,36.3389857323643
15.2,99.15,32.7337603696367
15.25,99.15,38.8186101416464
15.3,99.15,37.2165374759122
15.35,99.15,40.4746542596351
15.4,99.15,40.316442997992
15.45,99.15,42.4475591693348
15.5,99.15,42.2643264024089
15.55,99.15,44.8242070283632
15.6,99.15,43.3797728361314
15.65,99.15,41.4937798761556
15.7,99.15,44.7542420176798
15.75,99.15,47.1115160913123
15.8,99.15,44.2507290032783
15.85,99.15,44.5574887777713
15.9,99.15,45.5854236556388
15.95,99.15,43.224555414995
16,99.15,45.5319602555635
16.05,99.15,46.5167433584892
16.1,99.15,44.8048074251923
16.15,99.15,46.3755655409086
16.2,99.15,42.8460639605772
16.25,99.15,46.7355245563834
16.3,99.15,43.9853640598773
16.35,99.15,45.4820131084788
16.4,99.15,41.3974773146717
16.45,99.15,43.7611455427889
16.5,99.15,42.4444308795065
16.55,99.15,37.5474043179527
16.6,99.15,39.8504936319768
16.65,99.15,38.4311008408266
16.7,99.15,39.5440001112699
16.75,99.15,38.9779426516663
16.8,99.15,38.9944576445058
16.85,99.15,33.6718974316743
16.9,99.15,34.7838481794706
16.95,99.15,33.2029876224703
17,99.15,32.9386038129874
17.05,99.15,36.269932078955
17.1,99.15,33.4345062159224
17.15,99.15,31.9273760273614
17.2,99.15,28.9607509859876
17.25,99.15,28.7605600528758
17.3,99.15,30.4886183328188
17.35,99.15,27.0164940718837
17.4,99.15,27.675897569958
17.45,99.15,30.6501139852521
17.5,99.15,30.3615394892798
17.55,99.15,26.1899484203365
17.6,99.15,26.128721078885
17.65,99.15,22.0478670562277
17.7,99.15,23.4934386773953
17.75,99.15,16.6984169623335
17.8,99.15,18.1093861359505
17.85,99.15,18.2647367779681
17.9,99.15,20.2445684266133
17.95,99.15,16.6865200526269
18,99.15,15.5501368969647
18.05,99.15,16.6547194935625
18.1,99.15,16.8855098625259
18.15,99.15,18.0257004805579
18.2,99.15,12.3615094876437
18.25,99.15,16.163820125817
18.3,99.15,14.5170219372035
18.35,99.15,16.5570415973461
18.4,99.15,10.0180776793527
18.45,99.15,14.6095964626285
18.5,99.15,13.065010117935
18.55,99.15,12.2144276902779
18.6,99.15,11.1335935760222
18.65,99.15,9.349946958787
18.7,99.15,11.2409977463189
18.75,99.15,10.3268830699256
18.8,99.15,7.78587241392905
18.85,99.15,10.73701656671
18.9,99.15,10.1315437925227
18.95,99.15,7.38545894535814
19,99.15,9.48347147076782
13,99.2,9.17126123610644
13.05,99.2,7.77176694900032
13.1,99.2,6.99333833435682
13.15,99.2,11.2534341533467
13.2,99.2,12.2505562766206
13.25,99.2,9.36162824513042
13.3,99.2,8.07173457216008
13.35,99.2,8.25897986473896
13.4,99.2,11.2626192371813
13.45,99.2,10.5699187799786
13.5,99.2,13.1083356633394
13.55,99.2,15.0042374442005
13.6,99.2,10.5622725646304
13.65,99.2,13.5859057118803
13.7,99.2,17.1951729771362
13.75,99.2,12.5423381367628
13.8,99.2,15.9973201659033
13.85,99.2,19.6566511679497
13.9,99.2,17.3199060693618
13.95,99.2,16.908705760867
14,99.2,16.6772709318733
14.05,99.2,18.0542446984859
14.1,99.2,23.9785731825112
14.15,99.2,25.7729081358192
14.2,99.2,20.3190506434304
14.25,99.2,21.3954377185879
14.3,99.2,23.3599495423891
14.35,99.2,19.8307913069007
14.4,99.2,27.644039145684
14.45,99.2,24.0397018639575
14.5,99.2,30.0546791429071
14.55,99.2,26.4478633266463
14.6,99.2,27.402146955209
14.65,99.2,28.7139885250382
14.7,99.2,31.5204081567731
14.75,99.2,35.5115530177879
14.8,99.2,35.9980082883946
14.85,99.2,32.3934676067364
14.9,99.2,36.4330628989651
14.95,99.2,32.6663497638151
15,99.2,34.9462113181848
15.05,99.2,36.3136982840553
15.1,99.2,35.1754242647971
15.15,99.2,38.9526699650865
15.2,99.2,37.7707265646201
15.25,99.2,39.9183058840792
15.3,99.2,41.761218029989
15.35,99.2,44.0498937877837
15.4,99.2,43.0117449662506
15.45,99.2,43.9420784433925
15.5,99.2,46.5073523979772
15.55,99.2,41.4053600143034
15.6,99.2,39.9343968392979
15.65,99.2,44.414285307726
15.7,99.2,47.3146970178962
15.75,99.2,47.0380636766976
15.8,99.2,44.9452682933224
15.85,99.2,46.1533586754428
15.9,99.2,45.4987152134287
15.95,99.2,46.1875478999212
16,99.2,46.3495277188701
16.05,99.2,45.1398521207589
16.1,99.2,47.6960852922369
16.15,99.2,41.5510384903173
16.2,99.2,46.170559657842
16.25,99.2,46.6165547966941
16.3,99.2,41.9774696599172
16.35,99.2,43.3271523308033
16.4,99.2,39.4372885895683
16.45,99.2,43.181790205994
16.5,99.2,41.3695398785174
16.55,99.2,43.1386170417557
16.6,99.2,40.3882497475929
16.65,99.2,38.286373503767
16.7,99.2,38.7444431128635
16.75,99.2,38.7805528288548
16.8,99.2,42.1171371122833
16.85,99.2,36.3291244994668
16.9,99.2,31.7973537611838
16.95,99.2,34.6385540594426
17,99.2,35.4126814030833
17.05,99.2,29.3785136531517
17.1,99.2,30.810214824584
17.15,99.2,27.3842942769155
17.2,99.2,31.6436088137137
17.25,99.2,31.7712038339036
17.3,99.2,31.6363677860146
17.35,99.2,23.2424906285838
17.4,99.2,28.0054257901325
17.45,99.2,24.2301193169971
17.5,99.2,26.2349589901503
17.55,99.2,24.7628771285714
17.6,99.2,26.0545323271193
17.65,99.2,21.5940386213692
17.7,99.2,26.3606910362655
17.75,99.2,21.6970566630645
17.8,99.2,19.6200916175378
17.85,99.2,18.7246967424169
17.9,99.2,18.6111560878722
17.95,99.2,16.2917000067771
18,99.2,19.5745830684051
18.05,99.2,15.5157652495917
18.1,99.2,16.242295809827
18.15,99.2,16.1504457880417
18.2,99.2,17.4435878444808
18.25,99.2,17.6009670988836
18.3,99.2,11.5632377630589
18.35,99.2,12.8569961635166
18.4,99.2,14.4143825074503
18.45,99.2,15.3133637190837
18.5,99.2,13.6059230043277
18.55,99.2,10.3029918972216
18.6,99.2,10.673911727773
18.65,99.2,10.5254950409919
18.7,99.2,14.0028600668311
18.75,99.2,9.68645290638148
18.8,99.2,10.7178202760047
18.85,99.2,13.0245095871556
18.9,99.2,9.60013529405754
18.95,99.2,8.3146602456442
19,99.2,10.3242467823048
13,99.25,8.43443325587589
13.05,99.25,8.20755258016131
13.1,99.25,7.84959887129678
13.15,99.25,9.54369858537334
13.2,99.25,8.25139005761337
13.25,99.25,10.5365306545276
13.3,99.25,8.15012870939003
13.35,99.25,9.41830515839073
13.4,99.25,12.4797934246773
13.45,99.25,12.3595266751493
13.5,99.25,12.9880248062775
13.55,99.25,14.4628260959252
13.6,99.25,12.9600181324783
13.65,99.25,15.6149370868026
13.7,99.25,16.5258435344372
13.75,99.25,18.1779809728274
13.8,99.25,14.9276534318025
13.85,99.25,15.7731355663736
13.9,99.25,18.3414134003201
13.95,99.25,17.074742795532
14,99.25,20.541550168826
14.05,99.25,19.4031276406568
14.1,99.25,20.6108207500209
14.15,99.25,20.5083836693165
14.2,99.25,20.28056955021
14.25,99.25,24.9557794339566
14.3,99.25,24.9375722088567
14.35,99.25,29.2627808045882
14.4,99.25,24.3839645618405
14.45,99.25,26.3995658403458
14.5,99.25,29.3965239984643
14.55,99.25,28.6873822307356
14.6,99.25,25.4268524344379
14.65,99.25,25.6252175156847
14.7,99.25,26.1252459988957
14.75,99.25,30.9267216610876
14.8,99.25,29.830943476563
14.85,99.25,34.7918039226472
14.9,99.25,34.7780479015413
14.95,99.25,35.7307729378301
15,99.25,39.0192976389694
15.05,99.25,36.1492092381968
15.1,99.25,40.4601634417382
15.15,99.25,38.9435618835941
15.2,99.25,42.3512707836444
15.25,99.25,42.5674397408098
15.3,99.25,41.7379800640803
15.35,99.25,41.8195830861377
15.4,99.25,44.591559431872
15.45,99.25,45.365525588809
15.5,99.25,42.2462126463735
15.55,99.25,46.49460191082
15.6,99.25,46.6275262993015
15.65,99.25,44.2987071921593
15.7,99.25,44.6064071712297
15.75,99.25,44.9348941976301
15.8,99.25,45.2472005642738
15.85,99.25,45.5366157300518
15.9,99.25,46.8675216528705
15.95,99.25,43.4292038276539
16,99.25,46.7971819410713
16.05,99.25,46.5714281473566
16.1,99.25,42.2877312854476
16.15,99.25,45.1977514645734
16.2,99.25,45.0179038130437
16.25,99.25,45.395986680834
16.3,99.25,46.1118938349023
16.35,99.25,45.5364360894825
16.4,99.25,45.3580277555205
16.45,99.25,40.9429631253003
16.5,99.25,40.8312174717564
16.55,99.25,44.828917812885
16.6,99.25,39.0865948381004
16.65,99.25,42.5166651952656
16.7,99.25,41.3495448030174
16.75,99.25,39.4535786913888
16.8,99.25,39.8311250446527
16.85,99.25,39.2476773547877
16.9,99.25,36.5440769744508
16.95,99.25,38.7792557061064
17,99.25,37.9979575645527
17.05,99.25,32.7513668191219
17.1,99.25,32.8701954842557
17.15,99.25,32.6559660779678
17.2,99.25,32.8596685451354
17.25,99.25,30.6858069872048
17.3,99.25,29.2446162666103
17.35,99.25,30.1068144549033
17.4,99.25,27.0818179248733
17.45,99.25,25.9968199599394
17.5,99.25,25.9344715873719
17.55,99.25,23.9865241838251
17.6,99.25,24.2628290457835
17.65,99.25,19.4022531143781
17.7,99.25,21.7638692037007
17.75,99.25,21.2984458953424
17.8,99.25,20.8128027963472
17.85,99.25,19.5445024638492
17.9,99.25,19.9179275947786
17.95,99.25,18.7138954639465
18,99.25,18.607549237997
18.05,99.25,17.0563922464079
18.1,99.25,18.3241698232393
18.15,99.25,18.1752753554155
18.2,99.25,15.1734349937179
18.25,99.25,11.502434552768
18.3,99.25,14.5765340593658
18.35,99.25,15.7900794671094
18.4,99.25,15.0667516170606
18.45,99.25,9.80083270622758
18.5,99.25,15.1994498420636
18.55,99.25,11.3232274568834
18.6,99.25,18.7042815425828
18.65,99.25,13.8404815214452
18.7,99.25,14.3134772712534
18.75,99.25,13.1728815016037
18.8,99.25,11.0209088724315
18.85,99.25,12.3415159207089
18.9,99.25,12.1055895611515
18.95,99.25,7.20747675836244
19,99.25,12.4029543974317
13,99.3,5.69157314674279
13.05,99.3,7.02528741893228
13.1,99.3,5.83812264213395
13.15,99.3,11.5518077168667
13.2,99.3,10.2120075753872
13.25,99.3,10.8118310728025
13.3,99.3,8.56046813067668
13.35,99.3,12.5902004737656
13.4,99.3,10.7877552818606
13.45,99.3,16.6212345175378
13.5,99.3,12.4729933697931
13.55,99.3,13.7771772257153
13.6,99.3,15.2515796423016
13.65,99.3,13.2272221779586
13.7,99.3,13.8399814206644
13.75,99.3,16.2719853359523
13.8,99.3,16.8460232304729
13.85,99.3,17.2445854990035
13.9,99.3,18.382129706931
13.95,99.3,20.4403856660183
14,99.3,19.1032119364383
14.05,99.3,16.4093600639549
14.1,99.3,22.4340567389326
14.15,99.3,26.5274295277811
14.2,99.3,20.8524848465578
14.25,99.3,23.5216709598224
14.3,99.3,26.6550574220547
14.35,99.3,25.2301723074634
14.4,99.3,25.103475006129
14.45,99.3,27.9746991535926
14.5,99.3,25.1943147204738
14.55,99.3,29.6623932286161
14.6,99.3,31.6524194740224
14.65,99.3,29.8620747009875
14.7,99.3,33.842601381665
14.75,99.3,33.3882680424546
14.8,99.3,30.4346827320877
14.85,99.3,33.839720624481
14.9,99.3,34.1481935619741
14.95,99.3,35.2850703554603
15,99.3,37.4247946083153
15.05,99.3,38.6197454733063
15.1,99.3,39.5828224223619
15.15,99.3,38.1377699268212
15.2,99.3,37.6247918297687
15.25,99.3,41.5371254268413
15.3,99.3,43.5329268738211
15.35,99.3,41.2012438662644
15.4,99.3,45.981447443982
15.45,99.3,46.5840719208113
15.5,99.3,42.6447866839642
15.55,99.3,49.809228996949
15.6,99.3,43.3470929521036
15.65,99.3,46.7964333038518
15.7,99.3,47.5165400594507
15.75,99.3,42.9174888400139
15.8,99.3,48.5217195328345
15.85,99.3,47.6917799594304
15.9,99.3,49.0249067719369
15.95,99.3,47.7147758606868
16,99.3,45.1657786387315
16.05,99.3,46.2460708461572
16.1,99.3,49.976426881674
16.15,99.3,44.7745201768605
16.2,99.3,44.715628916394
16.25,99.3,47.6103180720264
16.3,99.3,43.9002089966431
16.35,99.3,47.4277530661463
16.4,99.3,46.1004896988067
16.45,99.3,42.0991456269231
16.5,99.3,45.8099761978593
16.55,99.3,43.9039114033444
16.6,99.3,41.7704451648119
16.65,99.3,42.1090346757054
16.7,99.3,39.6653233712182
16.75,99.3,41.2482421622256
16.8,99.3,42.078089045392
16.85,99.3,37.8220294205606
16.9,99.3,38.4544554975844
16.95,99.3,37.560834479794
17,99.3,35.2335554496659
17.05,99.3,38.5140966096286
17.1,99.3,32.0461822768493
17.15,99.3,32.1976823081158
17.2,99.3,28.7720367067496
17.25,99.3,31.4082928010638
17.3,99.3,30.7503956372888
17.35,99.3,28.5195373959595
17.4,99.3,26.8177421144708
17.45,99.3,29.9854123159108
17.5,99.3,25.7128150658916
17.55,99.3,27.4321183455295
17.6,99.3,23.7186477037552
17.65,99.3,22.1463131363764
17.7,99.3,22.6191865310984
17.75,99.3,20.3436152868471
17.8,99.3,17.543599495735
17.85,99.3,19.1249886652155
17.9,99.3,14.814375597681
17.95,99.3,18.0339923169316
18,99.3,17.2115563673496
18.05,99.3,17.0794400282979
18.1,99.3,12.973205179061
18.15,99.3,14.9976781008488
18.2,99.3,17.9454485742822
18.25,99.3,12.4114130967435
18.3,99.3,13.1771717711636
18.35,99.3,14.6800741721819
18.4,99.3,14.9282217634404
18.45,99.3,13.0938185131002
18.5,99.3,11.0309598331253
18.55,99.3,9.4681523758427
18.6,99.3,15.6590520396751
18.65,99.3,12.1701480724018
18.7,99.3,12.0004105860924
18.75,99.3,11.0038648307586
18.8,99.3,9.90213066105822
18.85,99.3,14.6009837605964
18.9,99.3,10.6820602166729
18.95,99.3,11.1331804900695
19,99.3,7.07860326906737
13,99.35,6.53477680178186
13.05,99.35,10.7157627653876
13.1,99.35,8.36618474159418
13.15,99.35,13.0640682562093
13.2,99.35,8.94117542239183
13.25,99.35,6.86026406922469
13.3,99.35,8.69250470553067
13.35,99.35,11.2151643155506
13.4,99.35,10.6230151440646
13.45,99.35,10.4036255965027
13.5,99.35,12.8444103683608
13.55,99.35,12.4765946052494
13.6,99.35,12.7128350171233
13.65,99.35,15.1566553049167
13.7,99.35,15.9510281027928
13.75,99.35,16.6306305573294
13.8,99.35,15.1005444946168
13.85,99.35,16.2400902298681
13.9,99.35,19.1515736820676
13.95,99.35,17.8432048105674
14,99.35,15.1918507028377
14.05,99.35,16.9924660497687
14.1,99.35,21.2837080295384
14.15,99.35,22.3539136798089
14.2,99.35,23.2856362779482
14.25,99.35,24.7089667715258
14.3,99.35,24.2885978302356
14.35,99.35,24.3740138490305
14.4,99.35,24.7553540119974
14.45,99.35,23.9448125434648
14.5,99.35,31.3204525377263
14.55,99.35,29.4390769284466
14.6,99.35,28.5668012479517
14.65,99.35,30.3342643781556
14.7,99.35,33.768680258029
14.75,99.35,35.6468179414036
14.8,99.35,32.1550102009962
14.85,99.35,32.3892855044276
14.9,99.35,31.9250879386483
14.95,99.35,34.6579784737236
15,99.35,36.0296144773395
15.05,99.35,37.1782191194489
15.1,99.35,35.3588817895083
15.15,99.35,38.3713741501867
15.2,99.35,43.6087114921068
15.25,99.35,39.5275149573818
15.3,99.35,42.6848484629836
15.35,99.35,42.4044642203868
15.4,99.35,43.3441408671196
15.45,99.35,45.8175107102157
15.5,99.35,43.3732385149655
15.55,99.35,44.3778723146366
15.6,99.35,47.7970574300192
15.65,99.35,48.7888178784858
15.7,99.35,44.7217649691089
15.75,99.35,44.4399819447021
15.8,99.35,50.3732327766584
15.85,99.35,50.8038416507332
15.9,99.35,51.7293641527738
15.95,99.35,45.3763282983263
16,99.35,48.9618233232317
16.05,99.35,45.0166019202535
16.1,99.35,50.3336557352521
16.15,99.35,44.6636587698676
16.2,99.35,49.9487733435741
16.25,99.35,44.1786957822916
16.3,99.35,45.0837371517394
16.35,99.35,43.6354538102036
16.4,99.35,40.7774238024434
16.45,99.35,45.3924935590348
16.5,99.35,46.8038452823847
16.55,99.35,43.0391107597344
16.6,99.35,37.8013300035534
16.65,99.35,44.7062254220171
16.7,99.35,42.8592093632978
16.75,99.35,41.4101676185464
16.8,99.35,39.2335758115194
16.85,99.35,38.7554477199519
16.9,99.35,34.9702530284486
16.95,99.35,36.838858978249
17,99.35,35.8138630537198
17.05,99.35,37.1965679234151
17.1,99.35,37.1103071571858
17.15,99.35,31.4806847114579
17.2,99.35,30.623460592558
17.25,99.35,29.6662825650105
17.3,99.35,30.8642382007317
17.35,99.35,27.1819162958802
17.4,99.35,27.194212218656
17.45,99.35,23.6261060737879
17.5,99.35,26.6109769850924
17.55,99.35,23.8756436370095
17.6,99.35,24.8637031315136
17.65,99.35,26.5318852012321
17.7,99.35,24.6360638540435
17.75,99.35,21.7159237924855
17.8,99.35,21.5739378926515
17.85,99.35,15.8048183332953
17.9,99.35,16.4479703332348
17.95,99.35,19.8598374515362
18,99.35,17.6633078448937
18.05,99.35,16.3418741229555
18.1,99.35,13.6975280900224
18.15,99.35,17.3198961510979
18.2,99.35,17.4796104865535
18.25,99.35,12.893323379233
18.3,99.35,15.3928654582818
18.35,99.35,17.0258531687135
18.4,99.35,15.9821039365579
18.45,99.35,9.48903168871603
18.5,99.35,15.4109306434234
18.55,99.35,7.25493210744007
18.6,99.35,10.8665372964301
18.65,99.35,11.8220556954306
18.7,99.35,8.6107532719027
18.75,99.35,10.2385458322886
18.8,99.35,6.80044740428829
18.85,99.35,11.9991600066405
18.9,99.35,9.30401200766165
18.95,99.35,12.3376724724948
19,99.35,9.58915061939988
13,99.4,5.33251377449473
13.05,99.4,6.4144809269408
13.1,99.4,8.40173601547763
13.15,99.4,11.4590163310413
13.2,99.4,10.3641968835242
13.25,99.4,11.3624500551534
13.3,99.4,12.5859529332471
13.35,99.4,7.89407886417643
13.4,99.4,11.385051773991
13.45,99.4,11.7897317482416
13.5,99.4,11.9771866002186
13.55,99.4,12.6225968397958
13.6,99.4,14.7112257896245
13.65,99.4,14.5096580912416
13.7,99.4,16.2102267863902
13.75,99.4,15.6486133316442
13.8,99.4,17.1350452189994
13.85,99.4,18.3568843347288
13.9,99.4,14.6316328937957
13.95,99.4,20.6746107119663
14,99.4,21.3023813363808
14.05,99.4,22.2228332541734
14.1,99.4,22.2188711705332
14.15,99.4,23.0390614666813
14.2,99.4,24.0738824185279
14.25,99.4,26.0262343401808
14.3,99.4,22.8067854877416
14.35,99.4,25.2645956083168
14.4,99.4,28.3706797351658
14.45,99.4,26.9244613528782
14.5,99.4,29.1655227227976
14.55,99.4,29.0502065450613
14.6,99.4,30.9931550945193
14.65,99.4,31.6804351331237
14.7,99.4,33.4042341412425
14.75,99.4,37.8956352705153
14.8,99.4,33.8253484532452
14.85,99.4,37.1101631648014
14.9,99.4,37.3725888772442
14.95,99.4,34.9266284000095
15,99.4,38.8925098752477
15.05,99.4,39.0641011850531
15.1,99.4,43.4622669858125
15.15,99.4,38.9855878016133
15.2,99.4,41.2169802565868
15.25,99.4,40.7059217039049
15.3,99.4,45.2834605336527
15.35,99.4,43.2079021586203
15.4,99.4,44.239929102347
15.45,99.4,44.0836027259547
15.5,99.4,45.9004100148365
15.55,99.4,46.227481279562
15.6,99.4,47.639546412622
15.65,99.4,49.0679673960538
15.7,99.4,51.4249582558965
15.75,99.4,46.7900757878505
15.8,99.4,46.7092071618734
15.85,99.4,47.2820445918473
15.9,99.4,45.3362663393819
15.95,99.4,49.1607882788767
16,99.4,48.9095357868199
16.05,99.4,47.8293130470471
16.1,99.4,46.8458833904813
16.15,99.4,45.8308173365871
16.2,99.4,46.2122535620712
16.25,99.4,46.792579434337
16.3,99.4,47.1981182437103
16.35,99.4,48.8062950735597
16.4,99.4,43.0026278958212
16.45,99.4,46.2006878132762
16.5,99.4,42.2278676296094
16.55,99.4,42.5918365484005
16.6,99.4,42.7656658065314
16.65,99.4,40.2306192751323
16.7,99.4,41.7227392124114
16.75,99.4,40.3402517651203
16.8,99.4,41.7909985749432
16.85,99.4,40.9873844972029
16.9,99.4,38.0678658142737
16.95,99.4,32.8085083335851
17,99.4,34.1988527965067
17.05,99.4,35.4389471590904
17.1,99.4,31.8056134453271
17.15,99.4,32.8802504667741
17.2,99.4,33.9949653510164
17.25,99.4,31.356739328395
17.3,99.4,29.2003632594483
17.35,99.4,24.7098197212914
17.4,99.4,27.7017596773455
17.45,99.4,26.9578572734162
17.5,99.4,23.519335854303
17.55,99.4,27.5599999895672
17.6,99.4,24.4011730723504
17.65,99.4,23.0655978357937
17.7,99.4,25.9490817430941
17.75,99.4,22.8927513698476
17.8,99.4,21.6073177921719
17.85,99.4,18.4477986693368
17.9,99.4,19.1565714032619
17.95,99.4,20.0610980651702
18,99.4,15.5608078064651
18.05,99.4,17.0137585957603
18.1,99.4,17.5680988854329
18.15,99.4,15.4337362434341
18.2,99.4,14.9980400384049
18.25,99.4,16.3483357788568
18.3,99.4,14.5710626544225
18.35,99.4,15.059547603929
18.4,99.4,15.0765084772695
18.45,99.4,14.398005300128
18.5,99.4,5.74153725993434
18.55,99.4,12.2004303972072
18.6,99.4,12.0323678145847
18.65,99.4,13.5345992432284
18.7,99.4,7.47108696259059
18.75,99.4,12.343615402829
18.8,99.4,9.76354524139002
18.85,99.4,7.60699643771745
18.9,99.4,13.7559451311916
18.95,99.4,9.44396223528157
19,99.4,8.10864635847085
13,99.45,9.40105796695111
13.05,99.45,10.7191821575399
13.1,99.45,8.58826018139991
13.15,99.45,9.6666372701599
13.2,99.45,11.3333763660692
13.25,99.45,10.986098261388
13.3,99.45,7.98293225993977
13.35,99.45,13.3930391731214
13.4,99.45,11.5528041402462
13.45,99.45,14.7228467511487
13.5,99.45,14.1265897952219
13.55,99.45,11.6858018065647
13.6,99.45,12.3006564520808
13.65,99.45,11.5735919762882
13.7,99.45,13.7718143687817
13.75,99.45,14.577798461584
13.8,99.45,20.4084675957051
13.85,99.45,15.7550817756504
13.9,99.45,19.4737775153293
13.95,99.45,20.999735796744
14,99.45,22.6770770310914
14.05,99.45,21.2490537514847
14.1,99.45,22.5373304265574
14.15,99.45,22.7409158064014
14.2,99.45,26.1429894973463
14.25,99.45,27.3460369497389
14.3,99.45,28.8755182501608
14.35,99.45,25.8699267840048
14.4,99.45,26.0154096740447
14.45,99.45,28.5700414129545
14.5,99.45,31.562532267305
14.55,99.45,29.3828616563723
14.6,99.45,31.1382136318759
14.65,99.45,30.9229126713266
14.7,99.45,33.1791972518003
14.75,99.45,34.1664623249027
14.8,99.45,38.0796877455977
14.85,99.45,38.4557392432072
14.9,99.45,38.0132390439185
14.95,99.45,37.9531279279342
15,99.45,41.3941783494478
15.05,99.45,40.1347624449152
15.1,99.45,44.6301347708117
15.15,99.45,38.5401190924079
15.2,99.45,41.4064422055553
15.25,99.45,41.7356945965927
15.3,99.45,39.8325891294026
15.35,99.45,41.158317160645
15.4,99.45,45.9288738179275
15.45,99.45,45.5795382706141
15.5,99.45,47.5725868730221
15.55,99.45,47.7018413538252
15.6,99.45,45.0819856583037
15.65,99.45,43.3997573009731
15.7,99.45,46.0353241310636
15.75,99.45,48.4961568449377
15.8,99.45,50.0797228249667
15.85,99.45,45.4360120255008
15.9,99.45,46.6326730358856
15.95,99.45,45.744402816186
16,99.45,48.2913902672824
16.05,99.45,48.3722871354297
16.1,99.45,46.0805802719631
16.15,99.45,51.3104983869675
16.2,99.45,49.2493929545944
16.25,99.45,44.7139693837754
16.3,99.45,47.7680624872454
16.35,99.45,47.1839416517082
16.4,99.45,47.0689807093574
16.45,99.45,42.9460268631526
16.5,99.45,43.2854948437869
16.55,99.45,45.5816843569482
16.6,99.45,38.5194080687955
16.65,99.45,43.5901867528152
16.7,99.45,40.6792668577365
16.75,99.45,40.1450678937474
16.8,99.45,41.303059184424
16.85,99.45,37.6807731141915
16.9,99.45,36.1141253017475
16.95,99.45,35.0281957165682
17,99.45,38.6850093342361
17.05,99.45,36.1005323017241
17.1,99.45,37.2306883540959
17.15,99.45,32.5814534664093
17.2,99.45,32.1748570292339
17.25,99.45,31.8302444421886
17.3,99.45,29.5497515040722
17.35,99.45,30.6271975174266
17.4,99.45,31.2361216309641
17.45,99.45,27.6173891903993
17.5,99.45,23.8825647981679
17.55,99.45,22.9318681908395
17.6,99.45,26.1695984060731
17.65,99.45,19.2226989351339
17.7,99.45,24.0663647676566
17.75,99.45,24.195144166484
17.8,99.45,19.3087655854978
17.85,99.45,21.7301141571527
17.9,99.45,17.6030404044427
17.95,99.45,19.813349489755
18,99.45,17.7474932763468
18.05,99.45,18.7379015185429
18.1,99.45,14.0040824689166
18.15,99.45,18.0741632901923
18.2,99.45,18.1508215010939
18.25,99.45,14.309734448324
18.3,99.45,12.914723338722
18.35,99.45,16.131673279141
18.4,99.45,14.212170399328
18.45,99.45,12.101949197948
18.5,99.45,10.5716051797534
18.55,99.45,13.7215617788742
18.6,99.45,11.3608675571569
18.65,99.45,13.5351042954903
18.7,99.45,14.7080689595037
18.75,99.45,13.4018814441626
18.8,99.45,10.1975520287057
18.85,99.45,5.02201504830638
18.9,99.45,9.20960621175582
18.95,99.45,12.5016705895956
19,99.45,9.45240116671942
13,99.5,11.6614680453603
13.05,99.5,10.723604011899
13.1,99.5,6.55701098926898
13.15,99.5,10.3293325876254
13.2,99.5,7.37000953914173
13.25,99.5,8.16102524256203
13.3,99.5,12.4362487042462
13.35,99.5,11.8555171528549
13.4,99.5,11.791055638616
13.45,99.5,14.7322781726414
13.5,99.5,12.8061015533771
13.55,99.5,11.5144119986258
13.6,99.5,13.5304660684752
13.65,99.5,16.6123596230823
13.7,99.5,17.0546590422312
13.75,99.5,16.6453542256598
13.8,99.5,18.076203662473
13.85,99.5,19.2399855527239
13.9,99.5,16.9280912434176
13.95,99.5,20.8740155601701
14,99.5,20.9378970892019
14.05,99.5,21.3908247360274
14.1,99.5,21.422189367083
14.15,99.5,28.490888624621
14.2,99.5,26.4213579378487
14.25,99.5,27.9980417489802
14.3,99.5,25.2676429692475
14.35,99.5,29.1684320516681
14.4,99.5,31.6677081377219
14.45,99.5,29.1101306677417
14.5,99.5,30.5426287857933
14.55,99.5,33.1938212175817
14.6,99.5,33.4112728877876
14.65,99.5,34.261047396278
14.7,99.5,34.1132035978774
14.75,99.5,32.9563502207282
14.8,99.5,34.7174148159323
14.85,99.5,38.7405310436904
14.9,99.5,35.4272058612269
14.95,99.5,35.6282623663978
15,99.5,38.6740847533559
15.05,99.5,39.5103886252248
15.1,99.5,42.1098108705561
15.15,99.5,39.3490056713889
15.2,99.5,43.2685008263743
15.25,99.5,43.0015806333825
15.3,99.5,42.4718299678201
15.35,99.5,45.8098340334609
15.4,99.5,46.0421583297754
15.45,99.5,43.3988989183251
15.5,99.5,46.3340899356622
15.55,99.5,48.1881300872005
15.6,99.5,47.4288806872316
15.65,99.5,46.987826918567
15.7,99.5,51.0817827520203
15.75,99.5,48.7415960807975
15.8,99.5,47.7437551314853
15.85,99.5,48.5655138948359
15.9,99.5,46.8474050440091
15.95,99.5,48.4354348756148
16,99.5,47.4366159524587
16.05,99.5,48.0573774037588
16.1,99.5,48.0269691416648
16.15,99.5,46.7724018190662
16.2,99.5,47.8917122523784
16.25,99.5,46.5772977202454
16.3,99.5,45.3032372127048
16.35,99.5,45.9590877004492
16.4,99.5,43.2806002114823
16.45,99.5,44.3902997088233
16.5,99.5,43.630156639224
16.55,99.5,42.4316106436844
16.6,99.5,41.8255382797505
16.65,99.5,48.0386375613087
16.7,99.5,40.4067182841371
16.75,99.5,37.3717238134384
16.8,99.5,40.0149590514403
16.85,99.5,40.2602453805406
16.9,99.5,39.7957508129169
16.95,99.5,39.6169654972726
17,99.5,40.2878272621853
17.05,99.5,37.9538418738408
17.1,99.5,34.4448402010916
17.15,99.5,32.9674662628867
17.2,99.5,32.2500793213472
17.25,99.5,32.4438589961419
17.3,99.5,31.4471883717471
17.35,99.5,23.9053464991719
17.4,99.5,30.5483798479714
17.45,99.5,27.9911353875706
17.5,99.5,24.4256364322075
17.55,99.5,26.4775134444817
17.6,99.5,23.1568853167835
17.65,99.5,22.6989311429549
17.7,99.5,21.2292181834353
17.75,99.5,20.8194155547245
17.8,99.5,19.2973124175699
17.85,99.5,18.7489512166676
17.9,99.5,21.5995902347549
17.95,99.5,20.4038830541824
18,99.5,19.9222271758386
18.05,99.5,20.7654920623521
18.1,99.5,15.2498718964573
18.15,99.5,15.5200634004229
18.2,99.5,14.121434438516
18.25,99.5,16.8838236852397
18.3,99.5,15.7230945442998
18.35,99.5,13.7139114905302
18.4,99.5,11.0061450625148
18.45,99.5,12.9759407866664
18.5,99.5,14.1381705209135
18.55,99.5,11.6467969579458
18.6,99.5,9.01162860793019
18.65,99.5,9.3691498725327
18.7,99.5,13.2047120846306
18.75,99.5,11.4549500661988
18.8,99.5,13.2272172077661
18.85,99.5,10.2919728606758
18.9,99.5,13.2442605840967
18.95,99.5,9.46107780407963
19,99.5,8.95436108116696
13,99.55,7.88226352093244
13.05,99.55,7.47062665835239
13.1,99.55,11.8946720741111
13.15,99.55,9.76593752623597
13.2,99.55,13.3434672546077
13.25,99.55,13.5480671170557
13.3,99.55,13.9079738847944
13.35,99.55,12.1326113438742
13.4,99.55,8.24121214243135
13.45,99.55,11.7805261471722
13.5,99.55,8.89448104480936
13.55,99.55,11.8314513453743
13.6,99.55,14.7399547434263
13.65,99.55,17.3585989735276
13.7,99.55,12.6923122078536
13.75,99.55,19.6543955160037
13.8,99.55,16.8941958952683
13.85,99.55,19.9801854889345
13.9,99.55,20.7902327334224
13.95,99.55,18.0832886833982
14,99.55,18.8843959537364
14.05,99.55,23.8399985544242
14.1,99.55,21.861622975773
14.15,99.55,23.6976189455526
14.2,99.55,22.9896820651462
14.25,99.55,26.0444294730871
14.3,99.55,25.9495390514247
14.35,99.55,30.2747160889352
14.4,99.55,31.8935785994815
14.45,99.55,31.262898141578
14.5,99.55,31.3792370524413
14.55,99.55,37.7030731042752
14.6,99.55,27.5182074894649
14.65,99.55,33.7985454441438
14.7,99.55,36.2056114208662
14.75,99.55,35.8760908486193
14.8,99.55,36.0970790320163
14.85,99.55,37.923094633691
14.9,99.55,36.7646344014381
14.95,99.55,40.4882769843296
15,99.55,41.127848625103
15.05,99.55,44.9667470895672
15.1,99.55,40.3419602398897
15.15,99.55,42.6598707188505
15.2,99.55,46.3823551343461
15.25,99.55,45.3142363563678
15.3,99.55,45.3015574880165
15.35,99.55,46.441574143273
15.4,99.55,44.7740296249258
15.45,99.55,46.4045270302887
15.5,99.55,44.2600630716899
15.55,99.55,46.0024847410111
15.6,99.55,47.6037071547192
15.65,99.55,50.1164093960044
15.7,99.55,52.1604976779174
15.75,99.55,50.1035454547001
15.8,99.55,47.0931312816901
15.85,99.55,46.523003996519
15.9,99.55,45.1899165149571
15.95,99.55,48.532537247733
16,99.55,47.0479466240471
16.05,99.55,52.7890444213605
16.1,99.55,45.1271897969611
16.15,99.55,45.0416253948176
16.2,99.55,50.0971498649502
16.25,99.55,49.0435619833793
16.3,99.55,43.2122670231026
16.35,99.55,42.9463365753651
16.4,99.55,41.7847377304889
16.45,99.55,45.8411374274135
16.5,99.55,44.804818938911
16.55,99.55,45.1163280509721
16.6,99.55,45.229402682544
16.65,99.55,43.945754251187
16.7,99.55,42.2976712557602
16.75,99.55,39.939309393365
16.8,99.55,42.484466228756
16.85,99.55,39.5294780736913
16.9,99.55,40.3207626842833
16.95,99.55,37.2937540295036
17,99.55,36.7640920968746
17.05,99.55,32.4797795057007
17.1,99.55,33.9778614954757
17.15,99.55,33.3917229821273
17.2,99.55,28.4270408106086
17.25,99.55,30.3880269212227
17.3,99.55,31.8156461232286
17.35,99.55,29.3257539222067
17.4,99.55,28.3139566696318
17.45,99.55,27.5312102446674
17.5,99.55,27.5524597107558
17.55,99.55,20.7973016389019
17.6,99.55,25.6734158761235
17.65,99.55,22.5205543673303
17.7,99.55,21.3019639312068
17.75,99.55,22.3479465945425
17.8,99.55,21.5924565017383
17.85,99.55,21.1980871134084
17.9,99.55,15.9889005646941
17.95,99.55,20.1325285567734
18,99.55,18.3749946520582
18.05,99.55,15.3353498439021
18.1,99.55,14.9128610888676
18.15,99.55,14.9568397325542
18.2,99.55,16.4799343486352
18.25,99.55,16.5104872017379
18.3,99.55,16.8810622998848
18.35,99.55,15.6763453817942
18.4,99.55,15.0803143755556
18.45,99.55,14.3110828411439
18.5,99.55,16.2040730764105
18.55,99.55,12.2161600291202
18.6,99.55,7.38128839019473
18.65,99.55,10.3775525880969
18.7,99.55,13.4110267660688
18.75,99.55,12.3848098396571
18.8,99.55,9.7983976025146
18.85,99.55,8.54775834175953
18.9,99.55,8.09411498016428
18.95,99.55,10.5569875604139
19,99.55,9.95964263044694
13,99.6,9.72030010721554
13.05,99.6,9.46016872030671
13.1,99.6,9.8786902999386
13.15,99.6,8.68827317087845
13.2,99.6,11.6454377731992
13.25,99.6,11.2089647452786
13.3,99.6,14.0256046138586
13.35,99.6,10.500364160467
13.4,99.6,12.6370145768544
13.45,99.6,15.3949727507455
13.5,99.6,16.7403524205544
13.55,99.6,16.9982808944201
13.6,99.6,11.8347495126703
13.65,99.6,15.0200739982054
13.7,99.6,17.4169263969575
13.75,99.6,14.515790078261
13.8,99.6,20.4141399626566
13.85,99.6,17.5220777525154
13.9,99.6,20.3394371503842
13.95,99.6,22.6816828336005
14,99.6,26.8730326274408
14.05,99.6,22.4231997389198
14.1,99.6,23.7334978896194
14.15,99.6,24.5713896086928
14.2,99.6,20.7639284217351
14.25,99.6,25.1540285089476
14.3,99.6,26.8215331366922
14.35,99.6,28.8544728524706
14.4,99.6,27.3441205048552
14.45,99.6,26.9055859475216
14.5,99.6,32.8055058782246
14.55,99.6,33.1308080782524
14.6,99.6,36.0337399356047
14.65,99.6,34.703454978026
14.7,99.6,40.2820952225601
14.75,99.6,37.9220377632192
14.8,99.6,35.2037374426149
14.85,99.6,36.5604147404751
14.9,99.6,38.0939541457104
14.95,99.6,37.1949405340622
15,99.6,41.016377108637
15.05,99.6,41.8662311667786
15.1,99.6,42.8933731089239
15.15,99.6,40.7400684860029
15.2,99.6,43.6128515500637
15.25,99.6,45.9629318530242
15.3,99.6,45.2966608353863
15.35,99.6,46.4293854508253
15.4,99.6,47.3232198778243
15.45,99.6,48.7055432855523
15.5,99.6,46.9367502368605
15.55,99.6,42.77515554458
15.6,99.6,47.4434688860795
15.65,99.6,47.4528229404033
15.7,99.6,47.3572926692157
15.75,99.6,51.1709467171755
15.8,99.6,46.6840371069182
15.85,99.6,50.8683291204929
15.9,99.6,47.5911991180082
15.95,99.6,48.1529694399073
16,99.6,50.0260445751855
16.05,99.6,52.1320976338958
16.1,99.6,47.4688395374666
16.15,99.6,45.7984376131066
16.2,99.6,50.3807450885112
16.25,99.6,46.5843623636672
16.3,99.6,48.5702192595857
16.35,99.6,43.0653972048583
16.4,99.6,42.3119067883588
16.45,99.6,44.879036771726
16.5,99.6,44.5589083320626
16.55,99.6,45.3621504212519
16.6,99.6,42.6032156044465
16.65,99.6,41.958029858547
16.7,99.6,40.5565479630599
16.75,99.6,39.6820870014772
16.8,99.6,40.0943852020175
16.85,99.6,37.623204168976
16.9,99.6,34.1917493724881
16.95,99.6,36.1957142744561
17,99.6,34.976364720368
17.05,99.6,36.0124911699001
17.1,99.6,35.2256725115595
17.15,99.6,32.3475605496254
17.2,99.6,33.0133913536314
17.25,99.6,30.4730793541966
17.3,99.6,27.5676853885811
17.35,99.6,30.3728063203146
17.4,99.6,26.5331861475565
17.45,99.6,26.1049205998637
17.5,99.6,24.7499592840296
17.55,99.6,24.4738896572121
17.6,99.6,23.9982851324138
17.65,99.6,22.469162090578
17.7,99.6,20.4506411061562
17.75,99.6,20.7703421233399
17.8,99.6,18.5072466997252
17.85,99.6,20.7343237482505
17.9,99.6,17.3332065282317
17.95,99.6,14.8502396914406
18,99.6,18.2971524330284
18.05,99.6,14.5626406981355
18.1,99.6,16.4000898465398
18.15,99.6,19.6909774235156
18.2,99.6,14.7903977071746
18.25,99.6,18.9562585160251
18.3,99.6,12.0387232042727
18.35,99.6,12.3909432604053
18.4,99.6,13.3396762847912
18.45,99.6,9.71343050800435
18.5,99.6,11.4128215533602
18.55,99.6,14.1440375238478
18.6,99.6,10.0449919045929
18.65,99.6,13.4499564071893
18.7,99.6,7.64930919876315
18.75,99.6,12.3244300641614
18.8,99.6,10.9658566628701
18.85,99.6,11.5357412463937
18.9,99.6,5.24969239325629
18.95,99.6,10.4531084557269
19,99.6,10.3477082831759
13,99.65,10.6212127425107
13.05,99.65,11.7906674655223
13.1,99.65,12.0189951178528
13.15,99.65,9.61576150898612
13.2,99.65,9.80690415377781
13.25,99.65,10.812206867059
13.3,99.65,11.4877452219756
13.35,99.65,13.249315544796
13.4,99.65,12.2049054186229
13.45,99.65,14.8781640400094
13.5,99.65,11.2014480469896
13.55,99.65,10.740346840943
13.6,99.65,16.7514057773527
13.65,99.65,16.4732674821625
13.7,99.65,14.1762542915093
13.75,99.65,17.6084912028629
13.8,99.65,19.5148539792402
13.85,99.65,20.9636630529873
13.9,99.65,20.6371703255067
13.95,99.65,20.5690139058124
14,99.65,20.1660136997859
14.05,99.65,22.5431475417253
14.1,99.65,24.412884242172
14.15,99.65,25.9472866804163
14.2,99.65,22.8032838686729
14.25,99.65,29.4784219085262
14.3,99.65,27.2899345999839
14.35,99.65,30.9435957805995
14.4,99.65,30.9779033893029
14.45,99.65,29.6142754684083
14.5,99.65,31.0235752205062
14.55,99.65,31.5198961779733
14.6,99.65,32.6857309761656
14.65,99.65,33.6871710952023
14.7,99.65,32.8832435460315
14.75,99.65,38.453725625888
14.8,99.65,42.9105001017961
14.85,99.65,41.3867531542135
14.9,99.65,39.3536361991846
14.95,99.65,41.6602728772014
15,99.65,39.7754688103296
15.05,99.65,42.1612264456478
15.1,99.65,41.7148051872205
15.15,99.65,46.2275391166892
15.2,99.65,40.131299310257
15.25,99.65,45.2812975264013
15.3,99.65,46.0174684639688
15.35,99.65,43.872892083398
15.4,99.65,48.2595741498145
15.45,99.65,48.5007424050991
15.5,99.65,46.0667713833787
15.55,99.65,44.8694949070837
15.6,99.65,47.0940909667435
15.65,99.65,48.2983608687363
15.7,99.65,49.3453491389335
15.75,99.65,44.180652081508
15.8,99.65,47.5074344253206
15.85,99.65,51.1076317336256
15.9,99.65,47.7403827693747
15.95,99.65,49.5083448977715
16,99.65,50.5827356079676
16.05,99.65,49.1811812165595
16.1,99.65,50.5082697165363
16.15,99.65,45.5082196389332
16.2,99.65,50.1222903975238
16.25,99.65,48.9423009069974
16.3,99.65,44.4738996621939
16.35,99.65,47.9121971010444
16.4,99.65,45.9012870560972
16.45,99.65,45.5245562617111
16.5,99.65,43.2951230262266
16.55,99.65,41.8208678282458
16.6,99.65,43.916573535558
16.65,99.65,43.8132278226241
16.7,99.65,39.7576863233179
16.75,99.65,42.4875587458843
16.8,99.65,38.7621052699505
16.85,99.65,41.703764824863
16.9,99.65,36.3358215193911
16.95,99.65,35.5064310222064
17,99.65,36.5029812279603
17.05,99.65,35.8178891406573
17.1,99.65,34.2275931629913
17.15,99.65,32.0770568847307
17.2,99.65,31.3558888728669
17.25,99.65,27.1777031578646
17.3,99.65,27.7457371202956
17.35,99.65,28.1614327052892
17.4,99.65,27.3670719095498
17.45,99.65,28.9486402047318
17.5,99.65,26.1230457339749
17.55,99.65,28.2030591177532
17.6,99.65,21.7783196609447
17.65,99.65,22.9122647911075
17.7,99.65,21.1622406466712
17.75,99.65,19.742942995171
17.8,99.65,18.4770401852216
17.85,99.65,20.5343524588814
17.9,99.65,20.7192780849352
17.95,99.65,20.5711765634545
18,99.65,18.2791725505075
18.05,99.65,16.0719652916871
18.1,99.65,15.4705805725701
18.15,99.65,19.0131405475259
18.2,99.65,13.2406137030945
18.25,99.65,15.6082752095849
18.3,99.65,12.7351520769396
18.35,99.65,12.777641295645
18.4,99.65,13.3094609361914
18.45,99.65,15.0038217514515
18.5,99.65,14.3077962590002
18.55,99.65,11.4425847560468
18.6,99.65,6.78629980787481
18.65,99.65,13.1768393176671
18.7,99.65,6.59480026717688
18.75,99.65,9.14753625587962
18.8,99.65,8.01738896777205
18.85,99.65,8.93721156674562
18.9,99.65,12.3670583692725
18.95,99.65,11.9900821035054
19,99.65,10.4346337501825
13,99.7,8.42809329804456
13.05,99.7,11.5139474748449
13.1,99.7,11.3214953441001
13.15,99.7,8.07284555907935
13.2,99.7,12.0854273429087
13.25,99.7,11.9625659363075
13.3,99.7,15.3159878494859
13.35,99.7,10.2038349810075
13.4,99.7,13.0363947970669
13.45,99.7,14.9369381830083
13.5,99.7,13.7441538025815
13.55,99.7,18.1617275931035
13.6,99.7,17.9488471898848
13.65,99.7,18.3374151745016
13.7,99.7,17.3500388214529
13.75,99.7,18.0161955256675
13.8,99.7,16.3696221842156
13.85,99.7,15.7615460180108
13.9,99.7,26.1023192621217
13.95,99.7,21.2466757277596
14,99.7,25.3281402537372
14.05,99.7,25.4082078632768
14.1,99.7,21.0927394535067
14.15,99.7,27.1257052093447
14.2,99.7,24.579455901933
14.25,99.7,24.7075582570521
14.3,99.7,25.4798558111998
14.35,99.7,31.1434244901848
14.4,99.7,29.4159580403134
14.45,99.7,28.5653027062395
14.5,99.7,32.2727926227789
14.55,99.7,34.628125835902
14.6,99.7,29.4420308846541
14.65,99.7,31.9466915221685
14.7,99.7,34.8299161471779
14.75,99.7,33.5167421396769
14.8,99.7,36.3485171873049
14.85,99.7,40.1917768623209
14.9,99.7,39.1943970811641
14.95,99.7,40.6898746244355
15,99.7,41.1275101356474
15.05,99.7,40.9626602586503
15.1,99.7,42.8820718724375
15.15,99.7,41.9370214784742
15.2,99.7,46.4779136870864
15.25,99.7,42.8994012582436
15.3,99.7,44.8040448143453
15.35,99.7,48.4431365420002
15.4,99.7,45.2771407660303
15.45,99.7,45.892988396378
15.5,99.7,48.0656907501879
15.55,99.7,46.4754899152042
15.6,99.7,46.3299353155313
15.65,99.7,49.6958680138462
15.7,99.7,49.4163498075954
15.75,99.7,51.3892656711884
15.8,99.7,49.1499649569078
15.85,99.7,49.9490967182556
15.9,99.7,45.0210038994287
15.95,99.7,48.2507655176323
16,99.7,49.043300527531
16.05,99.7,46.9364612499176
16.1,99.7,47.5876315608038
16.15,99.7,43.1098120723399
16.2,99.7,46.3682518874442
16.25,99.7,46.2742901183848
16.3,99.7,48.7795363835834
16.35,99.7,45.6571105350784
16.4,99.7,44.4839557680004
16.45,99.7,46.3232100384345
16.5,99.7,40.8886447894168
16.55,99.7,42.4824176879083
16.6,99.7,42.6198636286023
16.65,99.7,46.0288827828564
16.7,99.7,40.2527860749678
16.75,99.7,37.3944569461728
16.8,99.7,40.7446985987318
16.85,99.7,39.8778938287491
16.9,99.7,38.046736287635
16.95,99.7,37.4154112314131
17,99.7,39.3707034065071
17.05,99.7,34.6131179083033
17.1,99.7,32.7937768470407
17.15,99.7,31.6694116916334
17.2,99.7,27.8336894961841
17.25,99.7,28.8903495379075
17.3,99.7,29.9531711289589
17.35,99.7,28.3764456654458
17.4,99.7,24.2361957526621
17.45,99.7,26.9780580109075
17.5,99.7,20.7228678060302
17.55,99.7,24.7303177287567
17.6,99.7,23.6749211535377
17.65,99.7,27.1695875821581
17.7,99.7,24.8769604822599
17.75,99.7,13.3525781234239
17.8,99.7,22.5978627872997
17.85,99.7,23.2368799978759
17.9,99.7,20.3254889311463
17.95,99.7,15.9488492551342
18,99.7,19.7064025768502
18.05,99.7,16.3354802597666
18.1,99.7,20.3393115428103
18.15,99.7,15.1142729309024
18.2,99.7,14.4425818123835
18.25,99.7,18.7648856594916
18.3,99.7,13.2037581382499
18.35,99.7,10.1156879672661
18.4,99.7,13.6990403237267
18.45,99.7,14.8550392940291
18.5,99.7,14.9765938696894
18.55,99.7,11.2752124653327
18.6,99.7,17.3303511093513
18.65,99.7,14.4144670743989
18.7,99.7,9.30200506061363
18.75,99.7,15.5266242955495
18.8,99.7,10.7198645936694
18.85,99.7,13.0567831718641
18.9,99.7,9.88332935406694
18.95,99.7,13.5595396526463
19,99.7,9.19503257078068
13,99.75,8.47661497072779
13.05,99.75,11.6382634516361
13.1,99.75,9.55665323719688
13.15,99.75,10.2858783479782
13.2,99.75,12.6721117982588
13.25,99.75,9.61605029774843
13.3,99.75,12.593764453523
13.35,99.75,11.193428697698
13.4,99.75,15.4638767743674
13.45,99.75,12.5982422196173
13.5,99.75,20.1074005635891
13.55,99.75,15.9652595277344
13.6,99.75,14.7611317262074
13.65,99.75,16.621999978644
13.7,99.75,17.3054908264796
13.75,99.75,21.5133949464004
13.8,99.75,17.8174470046691
13.85,99.75,16.1557434267874
13.9,99.75,23.9434842841971
13.95,99.75,23.5153723073218
14,99.75,25.0637812141098
14.05,99.75,27.8674191204453
14.1,99.75,23.7882176590079
14.15,99.75,27.0625557062496
14.2,99.75,30.3249698950154
14.25,99.75,24.4860303865119
14.3,99.75,29.5316219137085
14.35,99.75,32.9124662142026
14.4,99.75,31.3123129821831
14.45,99.75,31.9176499389245
14.5,99.75,30.6341090547494
14.55,99.75,34.2293568300172
14.6,99.75,35.3450920802157
14.65,99.75,31.5386287856309
14.7,99.75,36.1140482190142
14.75,99.75,36.5562447892178
14.8,99.75,39.472500084339
14.85,99.75,34.6237537637549
14.9,99.75,41.6456945609697
14.95,99.75,40.0696918517399
15,99.75,42.1989854792364
15.05,99.75,39.1110279984312
15.1,99.75,44.200850176516
15.15,99.75,40.6969101606386
15.2,99.75,50.5741682491213
15.25,99.75,41.0487735836054
15.3,99.75,44.0443220105722
15.35,99.75,43.6743780341699
15.4,99.75,43.6167554287164
15.45,99.75,45.5710652045192
15.5,99.75,49.4529913865018
15.55,99.75,46.4711454570971
15.6,99.75,49.7063020387764
15.65,99.75,51.4777424412673
15.7,99.75,49.5565417243109
15.75,99.75,47.9010889765885
15.8,99.75,47.80538725294
15.85,99.75,49.880378931564
15.9,99.75,52.5943215496024
15.95,99.75,47.0102154191098
16,99.75,47.120769092244
16.05,99.75,49.5576954105625
16.1,99.75,49.0995037902635
16.15,99.75,49.3870227092584
16.2,99.75,46.6814866014194
16.25,99.75,45.5604452244838
16.3,99.75,49.2476502251629
16.35,99.75,41.5084239591838
16.4,99.75,44.7567322177977
16.45,99.75,44.2119493586198
16.5,99.75,43.4391854909078
16.55,99.75,45.3217307111028
16.6,99.75,43.0900695335862
16.65,99.75,39.1107968197278
16.7,99.75,40.2979800978931
16.75,99.75,36.8716108290114
16.8,99.75,39.0783581337012
16.85,99.75,35.2670073053479
16.9,99.75,39.5154960115223
16.95,99.75,34.6281174032134
17,99.75,35.9406493315408
17.05,99.75,33.7376581017407
17.1,99.75,36.145177290457
17.15,99.75,33.6502474840538
17.2,99.75,31.8065876830885
17.25,99.75,29.1913226053648
17.3,99.75,30.8877266752309
17.35,99.75,26.2289164538897
17.4,99.75,25.8721066541556
17.45,99.75,28.3784996602843
17.5,99.75,25.9901268513703
17.55,99.75,22.7447918258709
17.6,99.75,23.1117723818631
17.65,99.75,23.7016572087154
17.7,99.75,25.4255295634088
17.75,99.75,20.7687383349055
17.8,99.75,19.7196967542234
17.85,99.75,21.621214504428
17.9,99.75,21.0898188968255
17.95,99.75,22.0521945811753
18,99.75,22.0867618951534
18.05,99.75,16.7959677846877
18.1,99.75,21.000005388569
18.15,99.75,18.4403975059852
18.2,99.75,14.6493477878352
18.25,99.75,14.9129833670307
18.3,99.75,12.1556153319446
18.35,99.75,13.9364473602189
18.4,99.75,14.2227222834009
18.45,99.75,13.0841829573412
18.5,99.75,8.63095579051302
18.55,99.75,16.1723891381353
18.6,99.75,10.3704666248529
18.65,99.75,12.3998603735972
18.7,99.75,12.1264892512045
18.75,99.75,13.6557079279882
18.8,99.75,11.1434415947923
18.85,99.75,9.62116200389705
18.9,99.75,8.70743012332464
18.95,99.75,6.1447992137967
19,99.75,9.82073424980876
13,99.8,9.62376232622198
13.05,99.8,12.8688083790125
13.1,99.8,8.20610310879858
13.15,99.8,13.2865850956697
13.2,99.8,11.1357215336599
13.25,99.8,12.8279096112799
13.3,99.8,12.808738165848
13.35,99.8,12.9069845759726
13.4,99.8,17.611178120433
13.45,99.8,12.633511821198
13.5,99.8,16.5675719085338
13.55,99.8,19.1173394141621
13.6,99.8,20.1664707356247
13.65,99.8,18.3686842125126
13.7,99.8,17.3317312033185
13.75,99.8,21.1347583681418
13.8,99.8,20.2998683884353
13.85,99.8,20.5738508711529
13.9,99.8,20.245749693685
13.95,99.8,24.9640399731302
14,99.8,24.6262488724352
14.05,99.8,26.1882942951317
14.1,99.8,24.7021759606314
14.15,99.8,29.8444280311066
14.2,99.8,24.9094076366808
14.25,99.8,27.7106240526465
14.3,99.8,26.6006260326185
14.35,99.8,31.4836353329619
14.4,99.8,32.4370455808616
14.45,99.8,31.7271806141581
14.5,99.8,34.4418154773729
14.55,99.8,34.8863771286218
14.6,99.8,34.1851582809921
14.65,99.8,35.1106225555143
14.7,99.8,33.5820153039916
14.75,99.8,37.2122647022674
14.8,99.8,36.0607801454365
14.85,99.8,41.2278130344617
14.9,99.8,38.5803930873698
14.95,99.8,40.6286653024296
15,99.8,42.0814131914575
15.05,99.8,43.8988077697863
15.1,99.8,42.4303357010235
15.15,99.8,41.2827390052377
15.2,99.8,45.1450478291514
15.25,99.8,44.6393897332729
15.3,99.8,44.5723769656551
15.35,99.8,46.5162628510032
15.4,99.8,49.0350521344061
15.45,99.8,46.8982030046061
15.5,99.8,48.3533804483943
15.55,99.8,47.1037722018739
15.6,99.8,48.030347303215
15.65,99.8,49.0150573298942
15.7,99.8,45.0217172293421
15.75,99.8,50.6926723924232
15.8,99.8,47.8008190465343
15.85,99.8,49.6573439727979
15.9,99.8,46.7727635225089
15.95,99.8,49.8439287852294
16,99.8,46.2625564775323
16.05,99.8,48.074466007485
16.1,99.8,45.6865462107213
16.15,99.8,45.2985263968432
16.2,99.8,49.5397162399657
16.25,99.8,43.8224484223151
16.3,99.8,48.6982999287688
16.35,99.8,45.5443960891036
16.4,99.8,44.5751122307931
16.45,99.8,44.7468242200605
16.5,99.8,39.7354790150681
16.55,99.8,44.7174921694113
16.6,99.8,41.6047933466673
16.65,99.8,42.0971869214718
16.7,99.8,39.8190888829336
16.75,99.8,41.2331086335705
16.8,99.8,40.0661038277505
16.85,99.8,36.6585052853973
16.9,99.8,35.3958458248566
16.95,99.8,34.7594357627105
17,99.8,37.9711351919111
17.05,99.8,31.9429768795066
17.1,99.8,33.1271212667304
17.15,99.8,34.7702707877315
17.2,99.8,28.3153971498748
17.25,99.8,26.2209098898769
17.3,99.8,28.936794239443
17.35,99.8,27.0347643778026
17.4,99.8,27.961182963716
17.45,99.8,27.363700579857
17.5,99.8,25.9805252536239
17.55,99.8,23.0931592267896
17.6,99.8,23.0526417374825
17.65,99.8,24.0507062373902
17.7,99.8,25.7815384875603
17.75,99.8,23.5592451799359
17.8,99.8,17.0269662423851
17.85,99.8,18.8791124791361
17.9,99.8,19.308573211462
17.95,99.8,17.1158889531961
18,99.8,20.6688339738044
18.05,99.8,11.1646006639341
18.1,99.8,16.5738930488505
18.15,99.8,14.4292460397153
18.2,99.8,16.3676760012081
18.25,99.8,17.0421963192604
18.3,99.8,14.7783860537663
18.35,99.8,13.8900159444252
18.4,99.8,13.0426951489004
18.45,99.8,16.9044521567125
18.5,99.8,12.6401229640329
18.55,99.8,11.1822441561921
18.6,99.8,14.7754892020838
18.65,99.8,10.0268179154272
18.7,99.8,14.7289466078836
18.75,99.8,11.4705205181746
18.8,99.8,7.89719413772159
18.85,99.8,5.33510462504687
18.9,99.8,7.41845908645908
18.95,99.8,13.6231251183256
19,99.8,6.72940532273552
13,99.85,10.4360801522179
13.05,99.85,11.12165952044
13.1,99.85,10.4301372145819
13.15,99.85,13.6428730781898
13.2,99.85,9.22481260931687
13.25,99.85,12.8618759824601
13.3,99.85,14.638080807862
13.35,99.85,12.8495911147969
13.4,99.85,13.9340264384992
13.45,99.85,16.8750637438463
13.5,99.85,19.7547248417771
13.55,99.85,14.1485299499792
13.6,99.85,23.1271128484044
13.65,99.85,19.1177189141614
13.7,99.85,19.6961156181244
13.75,99.85,21.9789537228116
13.8,99.85,16.4886831069196
13.85,99.85,23.1120559450815
13.9,99.85,19.625115142384
13.95,99.85,27.8334467481534
14,99.85,24.3702127353891
14.05,99.85,25.6486096710102
14.1,99.85,26.810408754271
14.15,99.85,29.9960373914309
14.2,99.85,28.2885115404065
14.25,99.85,33.4701554432682
14.3,99.85,30.682478271578
14.35,99.85,30.4061131304476
14.4,99.85,27.7020019585502
14.45,99.85,32.8907265409358
14.5,99.85,34.155067480789
14.55,99.85,34.3824511343245
14.6,99.85,38.6905762883625
14.65,99.85,38.040934153878
14.7,99.85,38.6212434078061
14.75,99.85,40.6038902151675
14.8,99.85,39.8285523164892
14.85,99.85,39.2402877990849
14.9,99.85,39.6453345894464
14.95,99.85,40.9953824287667
15,99.85,46.6850932455548
15.05,99.85,42.7617941220044
15.1,99.85,46.034877989958
15.15,99.85,44.4842437182571
15.2,99.85,43.7332141663365
15.25,99.85,46.2925584576529
15.3,99.85,48.7772335474679
15.35,99.85,47.1593826346959
15.4,99.85,47.1695374035704
15.45,99.85,46.4885221965379
15.5,99.85,45.9674232707114
15.55,99.85,50.2274785835482
15.6,99.85,50.5929958828974
15.65,99.85,47.1603103755034
15.7,99.85,52.0178340000828
15.75,99.85,50.2211995827831
15.8,99.85,48.1937042534055
15.85,99.85,47.615036180524
15.9,99.85,48.9369292717182
15.95,99.85,47.9190083539686
16,99.85,49.5196690717519
16.05,99.85,48.6407016191608
16.1,99.85,46.9498423788929
16.15,99.85,50.8140827664473
16.2,99.85,47.2615651437301
16.25,99.85,44.1457463313857
16.3,99.85,44.5128218520017
16.35,99.85,43.6205336695403
16.4,99.85,48.5689934932719
16.45,99.85,42.0006501668061
16.5,99.85,44.8019849532616
16.55,99.85,43.2179685784018
16.6,99.85,44.5965046915638
16.65,99.85,37.4212015860415
16.7,99.85,38.5954958280525
16.75,99.85,38.3201711535896
16.8,99.85,38.3115281585478
16.85,99.85,41.3092293938883
16.9,99.85,34.5481451306983
16.95,99.85,35.8034868847887
17,99.85,32.5364421351376
17.05,99.85,33.8870820313406
17.1,99.85,32.4305582789026
17.15,99.85,33.109307076604
17.2,99.85,33.8360700903718
17.25,99.85,29.6037140647179
17.3,99.85,31.3820957816731
17.35,99.85,28.3723992692657
17.4,99.85,27.4213727981068
17.45,99.85,28.6908979343811
17.5,99.85,26.2091547994869
17.55,99.85,26.1269870156531
17.6,99.85,21.775720808136
17.65,99.85,20.6361902852609
17.7,99.85,22.9102783351198
17.75,99.85,22.3236524287527
17.8,99.85,23.1600489297718
17.85,99.85,20.8435881077081
17.9,99.85,17.9845125498515
17.95,99.85,17.475636261627
18,99.85,17.7985419948898
18.05,99.85,12.8600295718353
18.1,99.85,18.4048632661349
18.15,99.85,14.7852824702481
18.2,99.85,12.1432028311182
18.25,99.85,12.3556445793303
18.3,99.85,15.8174164776983
18.35,99.85,11.1829948268398
18.4,99.85,12.8213806333667
18.45,99.85,14.8278904273519
18.5,99.85,14.6032548257914
18.55,99.85,11.8756297570054
18.6,99.85,14.4211929417657
18.65,99.85,9.17283996573938
18.7,99.85,11.6939803190178
18.75,99.85,9.25225167927562
18.8,99.85,10.8518130718288
18.85,99.85,9.79993624092462
18.9,99.85,10.874176429457
18.95,99.85,7.2595443731868
19,99.85,7.23994861537427
13,99.9,9.51815717650894
13.05,99.9,10.2406511898573
13.1,99.9,10.5972182688656
13.15,99.9,12.4300879803085
13.2,99.9,12.7312780421444
13.25,99.9,13.5227632094014
13.3,99.9,10.3378852867285
13.35,99.9,18.1451514724253
13.4,99.9,14.2604508552713
13.45,99.9,12.5260427516225
13.5,99.9,16.6038190396561
13.55,99.9,18.0539322284973
13.6,99.9,16.5629430863433
13.65,99.9,21.5800312004632
13.7,99.9,16.9805009089823
13.75,99.9,14.6475810772177
13.8,99.9,21.6140982876761
13.85,99.9,22.8302062865222
13.9,99.9,23.7803034419624
13.95,99.9,24.7490301047141
14,99.9,23.0423312369498
14.05,99.9,25.2607034576455
14.1,99.9,27.6681016439624
14.15,99.9,31.8271418133117
14.2,99.9,29.8331797783859
14.25,99.9,28.150557344659
14.3,99.9,32.4061591616102
14.35,99.9,29.911782527076
14.4,99.9,34.109648271403
14.45,99.9,36.7504204959001
14.5,99.9,34.220947134431
14.55,99.9,38.0411653119463
14.6,99.9,32.8979083472416
14.65,99.9,38.26030874909
14.7,99.9,37.2517439136382
14.75,99.9,40.8742296165253
14.8,99.9,40.6024942661763
14.85,99.9,40.5460472141485
14.9,99.9,42.7128610049762
14.95,99.9,38.3627828281276
15,99.9,43.1803025332779
15.05,99.9,42.1633005940484
15.1,99.9,41.9900904079765
15.15,99.9,43.8224735016105
15.2,99.9,42.9580005673689
15.25,99.9,44.3846430169433
15.3,99.9,44.463079239812
15.35,99.9,46.1852034749911
15.4,99.9,48.9010038543202
15.45,99.9,44.8527340693048
15.5,99.9,49.1807587699715
15.55,99.9,49.0204985228423
15.6,99.9,46.2041464898654
15.65,99.9,48.2302401061502
15.7,99.9,48.434562981711
15.75,99.9,47.1461780454773
15.8,99.9,45.6947517117765
15.85,99.9,47.8623787737159
15.9,99.9,47.9154096229955
15.95,99.9,46.552875242734
16,99.9,45.2524593569191
16.05,99.9,46.2681740646891
16.1,99.9,43.0971748990622
16.15,99.9,45.0320334003788
16.2,99.9,46.1100815148322
16.25,99.9,46.1495922566411
16.3,99.9,47.620942770739
16.35,99.9,42.9164010683102
16.4,99.9,41.4260487138971
16.45,99.9,44.1242089804439
16.5,99.9,42.2730860700646
16.55,99.9,40.1414331865276
16.6,99.9,44.9792541425013
16.65,99.9,38.896323436678
16.7,99.9,38.1672187576072
16.75,99.9,41.9584927879368
16.8,99.9,39.8292116181363
16.85,99.9,36.485095649673
16.9,99.9,35.9247533234663
16.95,99.9,34.7596959675868
17,99.9,35.0531182410943
17.05,99.9,32.827616610111
17.1,99.9,32.5653774740074
17.15,99.9,33.7685786064253
17.2,99.9,28.9061976979105
17.25,99.9,27.9875673001211
17.3,99.9,29.0535597882492
17.35,99.9,27.2598959089999
17.4,99.9,27.5848098868416
17.45,99.9,26.1856125213736
17.5,99.9,27.5375254323464
17.55,99.9,26.0651637805942
17.6,99.9,24.7400857905232
17.65,99.9,20.8403253112761
17.7,99.9,20.8050285017677
17.75,99.9,17.8676590687019
17.8,99.9,16.9925547774979
17.85,99.9,20.0791267839014
17.9,99.9,18.448556501524
17.95,99.9,20.4131726545528
18,99.9,18.4986519484953
18.05,99.9,15.7004116034482
18.1,99.9,15.7666074111444
18.15,99.9,16.4415166451164
18.2,99.9,14.9446574261955
18.25,99.9,16.0071452307446
18.3,99.9,15.8314243100538
18.35,99.9,15.5075474023272
18.4,99.9,13.4782428984644
18.45,99.9,12.6035303329419
18.5,99.9,11.8562695909078
18.55,99.9,10.7616872606632
18.6,99.9,14.4423933229063
18.65,99.9,6.91283066166246
18.7,99.9,8.04129449114744
18.75,99.9,9.24423767654078
18.8,99.9,11.3343361107304
18.85,99.9,11.5537620551404
18.9,99.9,5.48962373754679
18.95,99.9,12.4622057841534
19,99.9,7.53970894026445
13,99.95,14.5820802005799
13.05,99.95,10.0116905001939
13.1,99.95,14.6834226808619
13.15,99.95,12.2313919753064
13.2,99.95,14.4986584260087
13.25,99.95,12.9557107669819
13.3,99.95,14.8088046974507
13.35,99.95,13.7675013860712
13.4,99.95,14.2324209258952
13.45,99.95,17.6995041776805
13.5,99.95,17.3562029426901
13.55,99.95,17.6761694381773
13.6,99.95,18.0081898511252
13.65,99.95,19.2930755352076
13.7,99.95,17.6757931490635
13.75,99.95,20.3418493643669
13.8,99.95,23.6572187537214
13.85,99.95,22.9671860938317
13.9,99.95,24.9391554830195
13.95,99.95,24.4515778849391
14,99.95,27.0778816544816
14.05,99.95,25.69009566176
14.1,99.95,28.589821627764
14.15,99.95,31.2770091540298
14.2,99.95,29.329219052637
14.25,99.95,31.2712245134075
14.3,99.95,30.6454287492426
14.35,99.95,33.197616312424
14.4,99.95,33.9876936123009
14.45,99.95,35.0130610555816
14.5,99.95,34.0476384298342
14.55,99.95,35.3687540696342
14.6,99.95,37.7432553283653
14.65,99.95,36.8730532781926
14.7,99.95,38.205402211849
14.75,99.95,37.5085519909178
14.8,99.95,42.0134998870641
14.85,99.95,39.5334153099642
14.9,99.95,40.2109488369064
14.95,99.95,39.8217771673931
15,99.95,42.3651316738867
15.05,99.95,43.8604972817135
15.1,99.95,44.1065488466169
15.15,99.95,41.7986315927037
15.2,99.95,42.9271920532694
15.25,99.95,42.9042110934851
15.3,99.95,41.497659985175
15.35,99.95,49.533389994819
15.4,99.95,45.4417108248238
15.45,99.95,45.24900806864
15.5,99.95,46.4023235567069
15.55,99.95,47.3880252229769
15.6,99.95,48.4148309640704
15.65,99.95,44.3182632687264
15.7,99.95,48.258732154223
15.75,99.95,44.5745540442602
15.8,99.95,44.0758606161247
15.85,99.95,46.5534336554415
15.9,99.95,48.7610374242516
15.95,99.95,46.0907283611115
16,99.95,49.4924225175712
16.05,99.95,46.7049507847342
16.1,99.95,45.5664947887775
16.15,99.95,46.4590311445068
16.2,99.95,43.9079127647971
16.25,99.95,45.5785777767865
16.3,99.95,44.7571020118039
16.35,99.95,42.5061384772821
16.4,99.95,39.0301326118119
16.45,99.95,44.2163351605586
16.5,99.95,42.5079215256616
16.55,99.95,43.9023218650498
16.6,99.95,39.9517782014775
16.65,99.95,37.5335476506779
16.7,99.95,36.2562388147819
16.75,99.95,39.9392043421438
16.8,99.95,33.5159286824064
16.85,99.95,38.2825833293119
16.9,99.95,33.8652078822386
16.95,99.95,33.0340352994391
17,99.95,29.1195946302037
17.05,99.95,32.1771775978363
17.1,99.95,31.3846884935282
17.15,99.95,34.4342982127439
17.2,99.95,32.1665474808838
17.25,99.95,31.7652929771177
17.3,99.95,24.4544943964773
17.35,99.95,26.354650425244
17.4,99.95,23.8449222806458
17.45,99.95,22.2961082627583
17.5,99.95,26.3261603519069
17.55,99.95,18.8252600634413
17.6,99.95,27.2688724237249
17.65,99.95,19.8333002610199
17.7,99.95,22.9830064584034
17.75,99.95,18.4350435352896
17.8,99.95,18.7603861761832
17.85,99.95,19.1565618197801
17.9,99.95,18.6829531715335
17.95,99.95,16.3240048023718
18,99.95,19.3692585137779
18.05,99.95,17.4266049633691
18.1,99.95,17.0840519330883
18.15,99.95,14.3295592217975
18.2,99.95,14.2974522002074
18.25,99.95,11.8813124596489
18.3,99.95,10.2452421140346
18.35,99.95,13.1747808055924
18.4,99.95,17.4869271606426
18.45,99.95,9.56117139637085
18.5,99.95,13.9278148872545
18.55,99.95,12.2253889570208
18.6,99.95,11.9990759224393
18.65,99.95,13.1925404592738
18.7,99.95,8.91992529907115
18.75,99.95,11.1760815488221
18.8,99.95,10.627271358617
18.85,99.95,7.26545459103116
18.9,99.95,11.8187731763024
18.95,99.95,8.49997669352403
19,99.95,7.60914075666509
13,100,14.6682817914948
13.05,100,10.1060240270806
13.1,100,14.2520792330658
13.15,100,9.08140337836921
13.2,100,10.4876620845479
13.25,100,12.6654591931399
13.3,100,16.212688602395
13.35,100,13.7768023834443
13.4,100,13.1235817429563
13.45,100,15.4780821411037
13.5,100,15.6761866854156
13.55,100,21.5707260114248
13.6,100,19.7726319509936
13.65,100,22.9684710306327
13.7,100,24.7107390607015
13.75,100,23.4878999445717
13.8,100,21.5908597816904
13.85,100,20.9948256636488
13.9,100,24.8853744336037
13.95,100,22.8714276881935
14,100,25.8822306146556
14.05,100,26.4424046624791
14.1,100,28.0174913430962
14.15,100,25.5702359341558
14.2,100,26.7781739376949
14.25,100,29.2810798471677
14.3,100,30.7685298716839
14.35,100,33.3424384597433
14.4,100,29.1747639728996
14.45,100,32.6193452959681
14.5,100,33.1653604174741
14.55,100,34.9477856637862
14.6,100,36.8483189807695
14.65,100,39.5818453465054
14.7,100,37.9357078588075
14.75,100,42.2035097149427
14.8,100,42.3468976478205
14.85,100,38.6520744134135
14.9,100,37.6839893059854
14.95,100,38.679918230105
15,100,40.2096206201468
15.05,100,43.1214553342881
15.1,100,44.6575216115218
15.15,100,42.8371128815756
15.2,100,45.8056876643715
15.25,100,44.705591955626
15.3,100,46.7915939456632
15.35,100,45.7889147059088
15.4,100,46.1587580928209
15.45,100,47.9655422525771
15.5,100,45.4579374468432
15.55,100,45.6307860344249
15.6,100,47.9282104480312
15.65,100,50.358534965795
15.7,100,45.7488742991603
15.75,100,49.6760965745408
15.8,100,46.5478672282517
15.85,100,48.7440435459374
15.9,100,48.6558276092084
15.95,100,44.2241010188738
16,100,44.4657262007736
16.05,100,48.9830557203491
16.1,100,45.6819072481227
16.15,100,48.4581870723699
16.2,100,43.0173401108724
16.25,100,44.9355307028476
16.3,100,44.9463314165602
16.35,100,43.849874168788
16.4,100,40.5492206783887
16.45,100,41.9793867050176
16.5,100,38.9677940291299
16.55,100,39.3387472709902
16.6,100,37.3620124828116
16.65,100,36.7170426782205
16.7,100,40.1531702309649
16.75,100,39.6959356656431
16.8,100,35.860404435311
16.85,100,39.7123511333276
16.9,100,32.4460016189075
16.95,100,35.6510714676612
17,100,36.8593479987287
17.05,100,29.0853756799452
17.1,100,32.4439101696317
17.15,100,32.2739935654842
17.2,100,26.7504182141869
17.25,100,28.3792216950542
17.3,100,26.0503345264124
17.35,100,28.1803138242158
17.4,100,29.0142203984095
17.45,100,24.7010692050898
17.5,100,22.8278938099214
17.55,100,23.8156299719862
17.6,100,24.3796725290646
17.65,100,21.3579177851625
17.7,100,18.9907493494266
17.75,100,22.5686391747928
17.8,100,19.4050007778718
17.85,100,18.6928544405354
17.9,100,15.8043632680802
17.95,100,15.5661335654932
18,100,17.0758287466062
18.05,100,18.3653496939006
18.1,100,20.7202196430813
18.15,100,14.5769650488485
18.2,100,13.9846487835179
18.25,100,13.0446647945217
18.3,100,11.4952901476561
18.35,100,14.5277026914986
18.4,100,12.6551025423755
18.45,100,15.0372104086934
18.5,100,11.6425595100393
18.55,100,10.7597841464765
18.6,100,14.0715012759769
18.65,100,11.3252474083722
18.7,100,12.2846813129578
18.75,100,9.24073367196185
18.8,100,10.891649116982
18.85,100,12.8862733622534
18.9,100,7.29287282420742
18.95,100,6.93104185747052
19,100,6.36845252473895
13,100.05,11.2977745996121
13.05,100.05,12.1890753576715
13.1,100.05,13.2945463609407
13.15,100.05,10.2681990731223
13.2,100.05,16.2388913466746
13.25,100.05,17.8557151866439
13.3,100.05,13.893966872151
13.35,100.05,12.7451838382099
13.4,100.05,15.8382385966464
13.45,100.05,16.0063682901894
13.5,100.05,19.3364354616527
13.55,100.05,18.906557616906
13.6,100.05,18.4033532257679
13.65,100.05,20.1462578903684
13.7,100.05,24.354155183745
13.75,100.05,18.6673947167454
13.8,100.05,25.8296911404727
13.85,100.05,22.6595908591359
13.9,100.05,25.0163111888832
13.95,100.05,30.5144820835139
14,100.05,26.553902764685
14.05,100.05,29.2273770941114
14.1,100.05,28.6143643315775
14.15,100.05,27.5237792912098
14.2,100.05,28.1156204631909
14.25,100.05,29.2046919245798
14.3,100.05,33.7298742390232
14.35,100.05,30.8976121222582
14.4,100.05,34.33010349242
14.45,100.05,35.2186834626701
14.5,100.05,34.8562767780048
14.55,100.05,35.7469595393117
14.6,100.05,35.6854174584327
14.65,100.05,38.2391984793447
14.7,100.05,38.4028706922844
14.75,100.05,38.8324074457158
14.8,100.05,43.4538474171889
14.85,100.05,40.849120894145
14.9,100.05,39.4709505630723
14.95,100.05,42.9663356104162
15,100.05,40.1789741123722
15.05,100.05,42.1757439696331
15.1,100.05,43.893042015461
15.15,100.05,43.6765305015112
15.2,100.05,43.7292771354861
15.25,100.05,47.7363781777213
15.3,100.05,43.4229469600715
15.35,100.05,41.3253060940309
15.4,100.05,43.9946510743541
15.45,100.05,45.7174200242987
15.5,100.05,45.5538806503531
15.55,100.05,45.3910026474134
15.6,100.05,46.5419239029941
15.65,100.05,46.6594092756085
15.7,100.05,44.674802282102
15.75,100.05,47.509187991139
15.8,100.05,46.1578594245797
15.85,100.05,49.0882537871174
15.9,100.05,51.4716604568145
15.95,100.05,42.1470999293733
16,100.05,43.8346085416717
16.05,100.05,42.71008249997
16.1,100.05,42.9998605955373
16.15,100.05,44.1543043971415
16.2,100.05,41.8963684067959
16.25,100.05,42.8783564036219
16.3,100.05,45.0747865554461
16.35,100.05,44.9033161381773
16.4,100.05,40.0732643464454
16.45,100.05,42.9250679889159
16.5,100.05,38.9114274386199
16.55,100.05,40.7034483453449
16.6,100.05,43.0109730215327
16.65,100.05,35.8063878288155
16.7,100.05,39.3099632994419
16.75,100.05,35.8713973352123
16.8,100.05,29.5201368513652
16.85,100.05,35.6892434123926
16.9,100.05,34.1630720788278
16.95,100.05,30.9773957533557
17,100.05,30.7324664691255
17.05,100.05,29.6297769677501
17.1,100.05,32.6412985949887
17.15,100.05,28.2114936906477
17.2,100.05,31.6980080278609
17.25,100.05,28.441123804833
17.3,100.05,26.9268283963055
17.35,100.05,25.1631584364147
17.4,100.05,20.843877450828
17.45,100.05,25.9652806472655
17.5,100.05,22.556799761807
17.55,100.05,29.0881248347218
17.6,100.05,24.8248078761884
17.65,100.05,22.7481745508982
17.7,100.05,21.01342275775
17.75,100.05,18.4544960901286
17.8,100.05,19.8194312286708
17.85,100.05,20.3041280150635
17.9,100.05,16.2498245704477
17.95,100.05,20.2781165227459
18,100.05,14.520662011328
18.05,100.05,18.9694614314726
18.1,100.05,18.0478740968677
18.15,100.05,12.1283830439168
18.2,100.05,14.6897517346771
18.25,100.05,13.4342380965423
18.3,100.05,14.7641705717432
18.35,100.05,12.8662520602353
18.4,100.05,14.8400240134991
18.45,100.05,12.7633732046466
18.5,100.05,12.7918601203867
18.55,100.05,13.1497245341177
18.6,100.05,11.9970174221252
18.65,100.05,10.5688284389244
18.7,100.05,12.0461213015881
18.75,100.05,9.93655723196591
18.8,100.05,12.1097371891407
18.85,100.05,11.4369098915318
18.9,100.05,10.8275352237499
18.95,100.05,14.171677325167
19,100.05,6.93448704683472
13,100.1,14.445003316901
13.05,100.1,13.313259796144
13.1,100.1,11.5592649423667
13.15,100.1,14.5320350546054
13.2,100.1,14.1813440220837
13.25,100.1,12.5350897268952
13.3,100.1,13.8701951999811
13.35,100.1,16.9132902061274
13.4,100.1,15.1710817477383
13.45,100.1,16.0952379613102
13.5,100.1,18.0310019222848
13.55,100.1,17.4935317213774
13.6,100.1,22.7598461309718
13.65,100.1,21.6909574390353
13.7,100.1,22.8080861962676
13.75,100.1,24.636837853187
13.8,100.1,21.2908518877828
13.85,100.1,26.3056683481724
13.9,100.1,27.0777689901389
13.95,100.1,28.4519664012089
14,100.1,28.0937230366512
14.05,100.1,26.6026168760501
14.1,100.1,29.5982976385826
14.15,100.1,31.3352365808214
14.2,100.1,31.1707335428542
14.25,100.1,31.7319329046165
14.3,100.1,32.6631015562799
14.35,100.1,33.543903506337
14.4,100.1,33.5503019813488
14.45,100.1,38.1908876313482
14.5,100.1,36.5474328849997
14.55,100.1,35.5293221929158
14.6,100.1,38.990071552836
14.65,100.1,41.2206016522326
14.7,100.1,41.6712956557186
14.75,100.1,39.5994174817322
14.8,100.1,39.3785338574167
14.85,100.1,41.0290570956544
14.9,100.1,40.6919405614742
14.95,100.1,45.1642324324728
15,100.1,45.1989552414135
15.05,100.1,43.3098668478112
15.1,100.1,40.8521838832567
15.15,100.1,45.9129977931884
15.2,100.1,48.1401824237753
15.25,100.1,45.1647221113927
15.3,100.1,44.0195573733626
15.35,100.1,41.8234949271596
15.4,100.1,48.1412441983036
15.45,100.1,48.96082348639
15.5,100.1,42.7562855534554
15.55,100.1,47.8032867486338
15.6,100.1,42.5240175537904
15.65,100.1,46.7816969969579
15.7,100.1,47.5647422903495
15.75,100.1,43.9504100486371
15.8,100.1,48.0117844088508
15.85,100.1,46.7102482632598
15.9,100.1,44.2683923134988
15.95,100.1,45.3338775768767
16,100.1,42.5469992418327
16.05,100.1,43.9613852760805
16.1,100.1,44.2288171871564
16.15,100.1,46.3523542287989
16.2,100.1,43.1875626153999
16.25,100.1,45.9145436179949
16.3,100.1,39.9276258855169
16.35,100.1,42.6105713737292
16.4,100.1,39.5028821489145
16.45,100.1,41.4820607258774
16.5,100.1,36.9963789447481
16.55,100.1,39.8161725634512
16.6,100.1,38.8468052314619
16.65,100.1,36.959777709165
16.7,100.1,35.7556952131577
16.75,100.1,37.5656989839569
16.8,100.1,38.1332993365178
16.85,100.1,31.8795120903668
16.9,100.1,30.8787696574636
16.95,100.1,32.2710170453897
17,100.1,35.1177534635805
17.05,100.1,31.2773698624547
17.1,100.1,28.3220551555533
17.15,100.1,28.1188869388144
17.2,100.1,28.998619421971
17.25,100.1,30.8646599055042
17.3,100.1,28.2067358045026
17.35,100.1,25.4143747800592
17.4,100.1,24.243320403884
17.45,100.1,20.2245469003787
17.5,100.1,22.7646115558265
17.55,100.1,22.351036119211
17.6,100.1,25.1935026397607
17.65,100.1,19.7064723305722
17.7,100.1,21.6734284045746
17.75,100.1,19.7528336243558
17.8,100.1,20.6200012258085
17.85,100.1,16.2541961220249
17.9,100.1,15.999395463698
17.95,100.1,14.6299377858296
18,100.1,19.9712254433129
18.05,100.1,16.1219392451586
18.1,100.1,11.6389452557019
18.15,100.1,15.10484652613
18.2,100.1,11.9024608612043
18.25,100.1,13.7329072711607
18.3,100.1,13.2875287625271
18.35,100.1,11.4230811152114
18.4,100.1,8.88722089641972
18.45,100.1,12.8129071188577
18.5,100.1,8.72402909033537
18.55,100.1,13.1177774018407
18.6,100.1,9.56470849040886
18.65,100.1,10.3706088940041
18.7,100.1,11.2441932927236
18.75,100.1,10.4555732309965
18.8,100.1,12.0507520808099
18.85,100.1,8.92871260696041
18.9,100.1,10.8055651867272
18.95,100.1,7.850401398458
19,100.1,7.31355011542847
13,100.15,12.123811154378
13.05,100.15,13.5654538671416
13.1,100.15,7.9891637672692
13.15,100.15,13.1111381666911
13.2,100.15,18.0099255599713
13.25,100.15,12.9266221204706
13.3,100.15,15.079044376146
13.35,100.15,16.5385990438636
13.4,100.15,19.4826037696
13.45,100.15,17.0758268732283
13.5,100.15,20.3787029625013
13.55,100.15,21.5885994085563
13.6,100.15,23.3913598704084
13.65,100.15,21.253194423019
13.7,100.15,25.5340987279639
13.75,100.15,23.8946187503866
13.8,100.15,17.6384061208098
13.85,100.15,23.044466059054
13.9,100.15,22.0194504294622
13.95,100.15,27.2145714606202
14,100.15,26.7700434321942
14.05,100.15,29.5643536231329
14.1,100.15,28.7539334547464
14.15,100.15,33.9929344964382
14.2,100.15,31.5361950467662
14.25,100.15,33.9179233740461
14.3,100.15,33.8591679991292
14.35,100.15,34.6654891387387
14.4,100.15,34.6682771226285
14.45,100.15,35.2211312490572
14.5,100.15,37.0565067806061
14.55,100.15,35.5434869296777
14.6,100.15,38.9480322131102
14.65,100.15,40.6307801138349
14.7,100.15,40.4190722034361
14.75,100.15,36.3700808468837
14.8,100.15,39.394013257052
14.85,100.15,39.9054882968302
14.9,100.15,40.4599222593333
14.95,100.15,46.7582487729121
15,100.15,41.94742209331
15.05,100.15,44.099963126358
15.1,100.15,41.3419527354561
15.15,100.15,44.7824811455852
15.2,100.15,45.2095635367924
15.25,100.15,44.6414022592323
15.3,100.15,45.0436837815171
15.35,100.15,44.3547162968567
15.4,100.15,46.8202875352443
15.45,100.15,44.1868942406849
15.5,100.15,46.3644257321046
15.55,100.15,46.4441405274837
15.6,100.15,49.6304448413127
15.65,100.15,43.0834817751923
15.7,100.15,45.8754542561124
15.75,100.15,45.4885232421143
15.8,100.15,47.6256137172548
15.85,100.15,46.090948510681
15.9,100.15,44.7107835261252
15.95,100.15,46.9850476591499
16,100.15,40.1372018849098
16.05,100.15,42.2040144768513
16.1,100.15,44.9188522967611
16.15,100.15,46.7619008718023
16.2,100.15,44.848138965047
16.25,100.15,42.476025864777
16.3,100.15,43.844492162874
16.35,100.15,41.636892558056
16.4,100.15,39.3908200115598
16.45,100.15,36.260514360461
16.5,100.15,36.5425158798106
16.55,100.15,34.8599963734089
16.6,100.15,37.9490445151705
16.65,100.15,33.8062099230144
16.7,100.15,35.8150478660349
16.75,100.15,35.072229347421
16.8,100.15,34.1683951212128
16.85,100.15,34.9362028082363
16.9,100.15,32.8861862586213
16.95,100.15,32.8622727273496
17,100.15,32.4169147647768
17.05,100.15,28.2296661590083
17.1,100.15,33.4917551315288
17.15,100.15,26.5324161309736
17.2,100.15,28.2236458811861
17.25,100.15,30.9763200759686
17.3,100.15,24.8214536283252
17.35,100.15,24.9849282055918
17.4,100.15,20.0842471610345
17.45,100.15,22.1031808836194
17.5,100.15,22.9118633194246
17.55,100.15,25.7534326653122
17.6,100.15,20.581839857369
17.65,100.15,17.1236109619283
17.7,100.15,17.3492202899034
17.75,100.15,17.0274088377603
17.8,100.15,22.1525110351857
17.85,100.15,15.3184940287566
17.9,100.15,18.3698312214211
17.95,100.15,11.041965535303
18,100.15,10.8903348641478
18.05,100.15,19.1927252883006
18.1,100.15,14.8851785479278
18.15,100.15,15.0869137482659
18.2,100.15,12.7537412404877
18.25,100.15,13.262308264634
18.3,100.15,14.9631830502517
18.35,100.15,12.9661696680671
18.4,100.15,14.4259778410041
18.45,100.15,8.55517821186648
18.5,100.15,8.19512321159064
18.55,100.15,12.5911742004931
18.6,100.15,10.2546984793986
18.65,100.15,9.35447333901897
18.7,100.15,12.0650638453216
18.75,100.15,10.8946564821494
18.8,100.15,6.53517155588623
18.85,100.15,10.0864911036007
18.9,100.15,11.7107724985488
18.95,100.15,13.5935650252348
19,100.15,8.70984992594867
13,100.2,15.7720575532989
13.05,100.2,13.3022047850079
13.1,100.2,14.7869509202747
13.15,100.2,19.1650739531461
13.2,100.2,14.4393553460864
13.25,100.2,16.3253424592677
13.3,100.2,16.1894375326168
13.35,100.2,19.5087568854187
13.4,100.2,15.9107734907689
13.45,100.2,18.8887484283726
13.5,100.2,20.9985520062765
13.55,100.2,20.8667457118113
13.6,100.2,23.3612106144541
13.65,100.2,22.0796614494955
13.7,100.2,21.7545202742414
13.75,100.2,22.034010800558
13.8,100.2,25.7529221187248
13.85,100.2,26.3790612538144
13.9,100.2,25.9214308308372
13.95,100.2,27.6740737459732
14,100.2,28.4964891041626
14.05,100.2,29.3873954953972
14.1,100.2,29.8756838359773
14.15,100.2,27.728856800444
14.2,100.2,34.3520915291315
14.25,100.2,33.6986275519732
14.3,100.2,33.1526719972193
14.35,100.2,35.4708563575948
14.4,100.2,36.6502432854546
14.45,100.2,36.7257313830211
14.5,100.2,39.322912389882
14.55,100.2,38.7981532994253
14.6,100.2,36.1968674241274
14.65,100.2,36.7834605255312
14.7,100.2,38.7628823025073
14.75,100.2,43.2770741889946
14.8,100.2,41.7812354785566
14.85,100.2,42.8196679294643
14.9,100.2,42.734696873352
14.95,100.2,39.7688054001382
15,100.2,41.5040207972279
15.05,100.2,40.3914560505295
15.1,100.2,44.6243164497501
15.15,100.2,44.8671660592896
15.2,100.2,44.4864206979493
15.25,100.2,45.6456843640587
15.3,100.2,44.4397654912456
15.35,100.2,45.6937241288372
15.4,100.2,43.5265332941439
15.45,100.2,46.4125002937787
15.5,100.2,47.76715441868
15.55,100.2,43.1351623804465
15.6,100.2,49.5263012280536
15.65,100.2,42.2197124156129
15.7,100.2,41.9449597494798
15.75,100.2,44.1585235226249
15.8,100.2,45.3378232196551
15.85,100.2,44.9122104758612
15.9,100.2,45.1773776681382
15.95,100.2,43.1719619178468
16,100.2,39.6730566695793
16.05,100.2,41.0160777739537
16.1,100.2,44.0729478760263
16.15,100.2,44.4426007578535
16.2,100.2,42.9447153685662
16.25,100.2,40.989965633746
16.3,100.2,41.1114848518761
16.35,100.2,38.9606312283708
16.4,100.2,39.4656001396971
16.45,100.2,41.962617420581
16.5,100.2,37.9961138628272
16.55,100.2,38.6715780870852
16.6,100.2,34.8022238447793
16.65,100.2,36.4297635721585
16.7,100.2,34.4197637078498
16.75,100.2,32.4746091958528
16.8,100.2,32.7598923036577
16.85,100.2,37.5977558069967
16.9,100.2,31.5896907305235
16.95,100.2,28.5818998232192
17,100.2,32.1191411529208
17.05,100.2,28.8499621852419
17.1,100.2,30.8086477690971
17.15,100.2,22.4359576966799
17.2,100.2,24.9353272567632
17.25,100.2,24.5949617074882
17.3,100.2,22.985758766797
17.35,100.2,24.4531521992215
17.4,100.2,24.865725099158
17.45,100.2,20.8996757916485
17.5,100.2,26.0618894912299
17.55,100.2,21.2239073532811
17.6,100.2,19.5989312910043
17.65,100.2,21.0151464821909
17.7,100.2,18.9449645082572
17.75,100.2,12.748235420189
17.8,100.2,19.1670060717721
17.85,100.2,18.2779832883663
17.9,100.2,16.5588925971619
17.95,100.2,15.6438867842519
18,100.2,14.2963741578079
18.05,100.2,16.2637181060925
18.1,100.2,12.6799242412768
18.15,100.2,12.0462539080162
18.2,100.2,14.1905438366097
18.25,100.2,14.2159914664062
18.3,100.2,14.1991163190799
18.35,100.2,11.0004680267544
18.4,100.2,12.3844524327843
18.45,100.2,11.2010419134551
18.5,100.2,14.0213201939666
18.55,100.2,7.54805992652712
18.6,100.2,13.9762589512579
18.65,100.2,12.6776984012646
18.7,100.2,12.271296450966
18.75,100.2,8.56018847537219
18.8,100.2,10.9998337707287
18.85,100.2,9.32802865446879
18.9,100.2,13.211360901129
18.95,100.2,6.13067037293701
19,100.2,11.2954484840363
13,100.25,13.7129002514346
13.05,100.25,13.8633070769289
13.1,100.25,11.4098874026782
13.15,100.25,16.642394935342
13.2,100.25,15.4842997984963
13.25,100.25,13.9854529091564
13.3,100.25,16.7229308788785
13.35,100.25,16.7701957188502
13.4,100.25,19.6620282045997
13.45,100.25,17.9256241366074
13.5,100.25,21.8170691589818
13.55,100.25,17.8860019117668
13.6,100.25,23.6814837709721
13.65,100.25,21.9430684625645
13.7,100.25,26.5562730693383
13.75,100.25,20.6227111358653
13.8,100.25,25.7888230887968
13.85,100.25,26.8955292599596
13.9,100.25,26.8192607033869
13.95,100.25,28.9349075268006
14,100.25,30.4611277139697
14.05,100.25,26.5804101719946
14.1,100.25,30.4032920706613
14.15,100.25,28.4881292902258
14.2,100.25,30.9620133612141
14.25,100.25,36.0517518112994
14.3,100.25,33.9588316116423
14.35,100.25,33.4308671972579
14.4,100.25,32.6556631315392
14.45,100.25,35.3281147628248
14.5,100.25,36.0189744373398
14.55,100.25,36.2665932354767
14.6,100.25,40.0399749834823
14.65,100.25,36.8854366178039
14.7,100.25,39.7404202736242
14.75,100.25,43.0990711093296
14.8,100.25,40.4555880234499
14.85,100.25,39.2248488838237
14.9,100.25,41.2877168538181
14.95,100.25,43.2743782249563
15,100.25,40.1515657457853
15.05,100.25,48.0290831641204
15.1,100.25,43.5610443229426
15.15,100.25,39.949866296292
15.2,100.25,46.4296179054957
15.25,100.25,44.1368630728758
15.3,100.25,45.976696329234
15.35,100.25,43.007807744639
15.4,100.25,46.3175707741548
15.45,100.25,43.4221992801885
15.5,100.25,41.6816622818022
15.55,100.25,46.888068453604
15.6,100.25,43.1122781692554
15.65,100.25,42.3757632482573
15.7,100.25,44.0635175273979
15.75,100.25,43.6131416137432
15.8,100.25,42.2948525888569
15.85,100.25,42.5815337746324
15.9,100.25,43.370499771629
15.95,100.25,43.3670937646164
16,100.25,42.178099731437
16.05,100.25,43.8108173573505
16.1,100.25,40.6037769373627
16.15,100.25,41.8222343474144
16.2,100.25,41.7519645347139
16.25,100.25,39.4105279773855
16.3,100.25,37.7141124808162
16.35,100.25,38.2212818395242
16.4,100.25,39.9853040287528
16.45,100.25,38.8773854514588
16.5,100.25,37.3784675284427
16.55,100.25,33.1572651446515
16.6,100.25,38.7760863069545
16.65,100.25,35.1739349720341
16.7,100.25,36.3871267630119
16.75,100.25,27.9513201331121
16.8,100.25,28.6708703248746
16.85,100.25,31.1288861027973
16.9,100.25,31.8325682885675
16.95,100.25,31.873638750139
17,100.25,30.5234610986361
17.05,100.25,28.9406529246762
17.1,100.25,29.9825027902124
17.15,100.25,30.7273949622568
17.2,100.25,25.7392443610204
17.25,100.25,27.3372654898297
17.3,100.25,23.8511764048865
17.35,100.25,25.6434350082246
17.4,100.25,23.9787668665817
17.45,100.25,20.9451389156138
17.5,100.25,22.5141855336985
17.55,100.25,19.6418745041599
17.6,100.25,19.5881493700501
17.65,100.25,18.2562063917075
17.7,100.25,17.0448973799295
17.75,100.25,16.7588224314669
17.8,100.25,19.0704943994119
17.85,100.25,15.5575058544382
17.9,100.25,14.1523836324409
17.95,100.25,15.06189136712
18,100.25,17.8419313347148
18.05,100.25,14.092492610155
18.1,100.25,14.6906724224474
18.15,100.25,16.0713240395459
18.2,100.25,12.3830513437587
18.25,100.25,15.127994028523
18.3,100.25,12.2671360683877
18.35,100.25,12.4836304007545
18.4,100.25,16.3503446801213
18.45,100.25,12.281935446611
18.5,100.25,8.8879164366906
18.55,100.25,11.2797991988295
18.6,100.25,7.66616444463022
18.65,100.25,9.03571172026546
18.7,100.25,9.17565962106074
18.75,100.25,9.64005383209234
18.8,100.25,9.067733223013
18.85,100.25,12.6928062751212
18.9,100.25,7.42050905404115
18.95,100.25,12.8755856892644
19,100.25,9.6325140449692
13,100.3,10.0733754352955
13.05,100.3,14.9821755607401
13.1,100.3,16.8700138573927
13.15,100.3,11.4090197603929
13.2,100.3,14.2518632894055
13.25,100.3,13.8475365329815
13.3,100.3,16.4168815784568
13.35,100.3,18.5710590227497
13.4,100.3,18.2073558036861
13.45,100.3,17.5488005283102
13.5,100.3,19.0914233220329
13.55,100.3,20.511920515581
13.6,100.3,20.0960352095437
13.65,100.3,21.9075767268424
13.7,100.3,22.3518240731989
13.75,100.3,22.6574573275362
13.8,100.3,22.0827544505693
13.85,100.3,25.7562977514898
13.9,100.3,28.0395167851854
13.95,100.3,25.9800891207355
14,100.3,25.4418392405347
14.05,100.3,29.4819112081676
14.1,100.3,30.0127215992698
14.15,100.3,30.1011214744299
14.2,100.3,31.2901427419336
14.25,100.3,31.5063059536223
14.3,100.3,35.8078934824806
14.35,100.3,31.6182977575894
14.4,100.3,36.0300720062977
14.45,100.3,36.3896866780793
14.5,100.3,40.6220426684456
14.55,100.3,43.1910981748088
14.6,100.3,39.481224584846
14.65,100.3,40.4509215008225
14.7,100.3,42.4217280541992
14.75,100.3,40.3594927751594
14.8,100.3,41.0954645966194
14.85,100.3,45.6031073428013
14.9,100.3,44.0982005280729
14.95,100.3,41.1064646864819
15,100.3,43.6215250147236
15.05,100.3,42.1127549490822
15.1,100.3,42.5084993551574
15.15,100.3,44.1536222706923
15.2,100.3,45.3036374184161
15.25,100.3,39.628317518816
15.3,100.3,42.9476425566106
15.35,100.3,44.2606079002342
15.4,100.3,46.1521670489033
15.45,100.3,43.6722911703153
15.5,100.3,43.0976801347316
15.55,100.3,42.9837010507014
15.6,100.3,41.4018288614762
15.65,100.3,40.8255780861345
15.7,100.3,41.6628668647472
15.75,100.3,41.6295803643467
15.8,100.3,42.1990681278656
15.85,100.3,43.9709341960541
15.9,100.3,43.6499935174445
15.95,100.3,42.5035724130927
16,100.3,42.4169454452696
16.05,100.3,41.3804383737509
16.1,100.3,39.3592190590164
16.15,100.3,39.8041965846811
16.2,100.3,39.9032619687867
16.25,100.3,38.4489984750197
16.3,100.3,37.7655402258139
16.35,100.3,35.886307630985
16.4,100.3,37.3218214919581
16.45,100.3,37.0992327922349
16.5,100.3,36.8719183355262
16.55,100.3,34.7534097068814
16.6,100.3,34.2924828986392
16.65,100.3,35.4113583484402
16.7,100.3,31.804923610751
16.75,100.3,32.6666476357359
16.8,100.3,30.7217285236203
16.85,100.3,32.2496369393932
16.9,100.3,27.7461838914319
16.95,100.3,26.3051617157195
17,100.3,28.7249186793012
17.05,100.3,25.042445506242
17.1,100.3,28.3686771759593
17.15,100.3,26.022288997916
17.2,100.3,24.145267669454
17.25,100.3,23.6282520862509
17.3,100.3,24.4567224462039
17.35,100.3,22.9818783483065
17.4,100.3,19.7311392901758
17.45,100.3,24.7547741327672
17.5,100.3,22.252605829408
17.55,100.3,23.3042436954063
17.6,100.3,20.5362863661329
17.65,100.3,18.3540614234014
17.7,100.3,20.7072646073866
17.75,100.3,20.4607809879097
17.8,100.3,16.6626396414405
17.85,100.3,19.0667018059669
17.9,100.3,12.6286337339632
17.95,100.3,17.1787142468861
18,100.3,15.6508642670779
18.05,100.3,15.2163122562543
18.1,100.3,14.7979758725313
18.15,100.3,16.2249049559869
18.2,100.3,12.5683215312614
18.25,100.3,13.1823225478326
18.3,100.3,11.4696624347865
18.35,100.3,14.0203036338422
18.4,100.3,13.3555613791119
18.45,100.3,11.5844071229689
18.5,100.3,13.5181063858608
18.55,100.3,10.9714646627078
18.6,100.3,10.0266735538987
18.65,100.3,7.06853397124319
18.7,100.3,10.1061598467983
18.75,100.3,7.96432974495665
18.8,100.3,9.98300077413002
18.85,100.3,11.3434301204023
18.9,100.3,12.9681746868509
18.95,100.3,9.83877174408304
19,100.3,12.3588398801142
13,100.35,17.1399420960562
13.05,100.35,14.6509496399726
13.1,100.35,12.3617957220126
13.15,100.35,17.7043416719585
13.2,100.35,18.4833569482757
13.25,100.35,16.2277879136718
13.3,100.35,15.4106553948388
13.35,100.35,18.2685864946402
13.4,100.35,21.0528558169242
13.45,100.35,18.8776551956186
13.5,100.35,20.1368741315489
13.55,100.35,19.8604340864626
13.6,100.35,25.4984829802837
13.65,100.35,23.7535876159989
13.7,100.35,24.9783488699057
13.75,100.35,27.8471032318077
13.8,100.35,25.3575542412256
13.85,100.35,27.8963045112291
13.9,100.35,30.012286533073
13.95,100.35,26.8198067176445
14,100.35,27.4309382919465
14.05,100.35,30.7802159051896
14.1,100.35,32.9166051065541
14.15,100.35,33.8048784425703
14.2,100.35,31.3892285975506
14.25,100.35,33.5448044557987
14.3,100.35,38.2414724670818
14.35,100.35,35.8281690150932
14.4,100.35,36.1251609310481
14.45,100.35,36.8258543336943
14.5,100.35,36.9256851549281
14.55,100.35,40.5571772893144
14.6,100.35,38.2113335465483
14.65,100.35,36.1439184070048
14.7,100.35,42.7513893724371
14.75,100.35,38.4038094106774
14.8,100.35,40.4606670827743
14.85,100.35,42.1359103886908
14.9,100.35,41.642858748274
14.95,100.35,40.3960667693703
15,100.35,47.3522108632295
15.05,100.35,43.4517030487344
15.1,100.35,40.2123256804015
15.15,100.35,44.9145378850603
15.2,100.35,42.5202796622476
15.25,100.35,43.5404942227657
15.3,100.35,44.4179405408096
15.35,100.35,41.7871737203183
15.4,100.35,44.0474478347404
15.45,100.35,43.8787919306333
15.5,100.35,44.3546735370142
15.55,100.35,43.4371351705787
15.6,100.35,43.9539310414353
15.65,100.35,46.5897782926948
15.7,100.35,44.1045795111888
15.75,100.35,41.1933473064222
15.8,100.35,40.537610459725
15.85,100.35,39.0317811225106
15.9,100.35,37.3820061404407
15.95,100.35,41.4356413020912
16,100.35,40.0402167467118
16.05,100.35,43.2319223601914
16.1,100.35,38.8804478230821
16.15,100.35,37.2459090930367
16.2,100.35,44.301934052788
16.25,100.35,32.8672382127321
16.3,100.35,36.4734816959707
16.35,100.35,34.7051416624307
16.4,100.35,35.812730270772
16.45,100.35,35.0121120683323
16.5,100.35,35.6539431055747
16.55,100.35,32.4279163957137
16.6,100.35,33.362492714249
16.65,100.35,33.3452811483135
16.7,100.35,33.9239005865093
16.75,100.35,33.1978324966961
16.8,100.35,28.4999847758218
16.85,100.35,29.6206131449453
16.9,100.35,32.2396885821354
16.95,100.35,28.8192778462122
17,100.35,28.0799793015031
17.05,100.35,23.7448385362141
17.1,100.35,28.0783179617458
17.15,100.35,24.6436831776754
17.2,100.35,21.442799765194
17.25,100.35,19.4842973622188
17.3,100.35,23.3326579129329
17.35,100.35,23.2516980934108
17.4,100.35,20.6515172512616
17.45,100.35,23.502112244553
17.5,100.35,23.6125216906045
17.55,100.35,19.2685060494381
17.6,100.35,19.6957592327417
17.65,100.35,20.1177063539453
17.7,100.35,16.9156840425747
17.75,100.35,19.3840723970918
17.8,100.35,17.1039721803662
17.85,100.35,18.5933412738462
17.9,100.35,16.7271863844007
17.95,100.35,14.769013878369
18,100.35,14.5734510118537
18.05,100.35,16.3922582590805
18.1,100.35,15.387242738815
18.15,100.35,12.2286689888204
18.2,100.35,11.2380283690197
18.25,100.35,12.4452717178948
18.3,100.35,11.139320551052
18.35,100.35,10.9024581247798
18.4,100.35,11.4471788821613
18.45,100.35,9.87979151080885
18.5,100.35,9.62390478906206
18.55,100.35,11.9643998579346
18.6,100.35,11.1456519171836
18.65,100.35,10.0172890326465
18.7,100.35,8.07285903626436
18.75,100.35,9.53295228489671
18.8,100.35,12.6150517968403
18.85,100.35,11.8229396254152
18.9,100.35,8.7474992993409
18.95,100.35,6.52360478807963
19,100.35,8.81257736000673
13,100.4,12.017918355931
13.05,100.4,11.4435626484597
13.1,100.4,17.1750502104871
13.15,100.4,15.9374211058662
13.2,100.4,17.5812260874001
13.25,100.4,17.7661069887765
13.3,100.4,17.5904595468849
13.35,100.4,19.1283763369786
13.4,100.4,18.4497962073023
13.45,100.4,21.95340249836
13.5,100.4,20.1533633266477
13.55,100.4,20.6233812667915
13.6,100.4,25.3297710580585
13.65,100.4,22.7922017580482
13.7,100.4,21.4395331840994
13.75,100.4,26.134119158275
13.8,100.4,30.4540200489265
13.85,100.4,26.5341243974431
13.9,100.4,26.1888293038771
13.95,100.4,28.8761057540631
14,100.4,32.8039316168837
14.05,100.4,30.4889367178123
14.1,100.4,32.1421517214299
14.15,100.4,33.145326876726
14.2,100.4,35.7484414406622
14.25,100.4,29.8863267908329
14.3,100.4,38.6859725477689
14.35,100.4,40.6939665482058
14.4,100.4,34.0073144437996
14.45,100.4,34.1575186878361
14.5,100.4,36.788482101549
14.55,100.4,40.1195996109413
14.6,100.4,43.7161792802448
14.65,100.4,40.5081194183093
14.7,100.4,40.8007350408205
14.75,100.4,43.690500411534
14.8,100.4,41.8461144666491
14.85,100.4,41.653193284039
14.9,100.4,41.1662716055258
14.95,100.4,44.7320857647216
15,100.4,45.868214474714
15.05,100.4,41.1757017014006
15.1,100.4,42.2027537517126
15.15,100.4,42.0294520418347
15.2,100.4,41.707948540808
15.25,100.4,42.7055946769645
15.3,100.4,41.2005303421749
15.35,100.4,43.9893246051508
15.4,100.4,42.3849428984221
15.45,100.4,44.1216654686841
15.5,100.4,43.3360871917827
15.55,100.4,44.529932511767
15.6,100.4,41.1677284818134
15.65,100.4,41.3758742899433
15.7,100.4,43.0581482871685
15.75,100.4,41.8568011717511
15.8,100.4,41.0521203573331
15.85,100.4,38.5896818825747
15.9,100.4,41.6712291023718
15.95,100.4,42.122522677277
16,100.4,40.1492276384443
16.05,100.4,38.7681570116159
16.1,100.4,38.7496464424401
16.15,100.4,39.4187938214328
16.2,100.4,37.881546871932
16.25,100.4,36.9307909489202
16.3,100.4,36.2370724370801
16.35,100.4,36.1107592977088
16.4,100.4,35.2608778024542
16.45,100.4,37.9038945207406
16.5,100.4,35.5519958188788
16.55,100.4,34.0920885276097
16.6,100.4,29.6805621442922
16.65,100.4,32.8219359108335
16.7,100.4,31.0392238272797
16.75,100.4,33.1614671555884
16.8,100.4,31.3429851329187
16.85,100.4,33.921976076545
16.9,100.4,27.4209068847715
16.95,100.4,32.1238441356657
17,100.4,25.5857426708371
17.05,100.4,27.9482852824244
17.1,100.4,27.0906593387749
17.15,100.4,20.1526581133869
17.2,100.4,23.78948147562
17.25,100.4,20.8184077663989
17.3,100.4,23.7031301859338
17.35,100.4,20.8312707083841
17.4,100.4,22.6332759747643
17.45,100.4,22.1770880669581
17.5,100.4,19.0932219558054
17.55,100.4,18.4777549820078
17.6,100.4,19.6706594678169
17.65,100.4,16.7146006369153
17.7,100.4,18.9453826346696
17.75,100.4,16.8053737837503
17.8,100.4,16.0120747932354
17.85,100.4,14.2701893215665
17.9,100.4,14.3968553969352
17.95,100.4,13.5550441137267
18,100.4,13.671015032829
18.05,100.4,14.5483590542003
18.1,100.4,14.8242798832911
18.15,100.4,10.4731834212159
18.2,100.4,11.1447534346337
18.25,100.4,15.5242633407974
18.3,100.4,11.6907253230911
18.35,100.4,11.320534431633
18.4,100.4,14.2014830739601
18.45,100.4,10.0637102365815
18.5,100.4,10.225955099789
18.55,100.4,10.2461629292323
18.6,100.4,10.1309603835743
18.65,100.4,15.1552104024463
18.7,100.4,10.9577700159008
18.75,100.4,12.3707839913567
18.8,100.4,7.22470135953269
18.85,100.4,10.5804178734909
18.9,100.4,9.17798062597104
18.95,100.4,8.80463254960386
19,100.4,11.2897569860488
13,100.45,15.8164809678499
13.05,100.45,11.5854866414438
13.1,100.45,16.5786898681494
13.15,100.45,12.7911670844088
13.2,100.45,16.558098958116
13.25,100.45,16.998549616342
13.3,100.45,18.1464650837243
13.35,100.45,16.6844831475994
13.4,100.45,15.553968313907
13.45,100.45,24.0233983970936
13.5,100.45,23.1838990322997
13.55,100.45,21.7966340446823
13.6,100.45,23.1270506674038
13.65,100.45,23.843576726932
13.7,100.45,21.6336147156851
13.75,100.45,29.1106504819898
13.8,100.45,26.0795781764777
13.85,100.45,27.1869934314947
13.9,100.45,30.6459119296646
13.95,100.45,32.812205333987
14,100.45,30.5582765239983
14.05,100.45,30.551225218503
14.1,100.45,30.4509146604174
14.15,100.45,33.2364382179974
14.2,100.45,30.8248526080049
14.25,100.45,31.0203303386866
14.3,100.45,31.9678634956772
14.35,100.45,33.2168011746553
14.4,100.45,36.5829631091596
14.45,100.45,37.4746801347286
14.5,100.45,37.8838251208945
14.55,100.45,41.0741686852704
14.6,100.45,38.9566058058103
14.65,100.45,40.8465142083206
14.7,100.45,37.8956154141309
14.75,100.45,44.2045213320855
14.8,100.45,40.9979946614897
14.85,100.45,39.9459518723418
14.9,100.45,40.9795366933437
14.95,100.45,41.86890508318
15,100.45,40.9486990501082
15.05,100.45,40.5644773772114
15.1,100.45,41.6166573171411
15.15,100.45,41.5217344894048
15.2,100.45,39.5043463292438
15.25,100.45,39.5428106819314
15.3,100.45,41.4996877697049
15.35,100.45,39.3771847230076
15.4,100.45,40.0342747927298
15.45,100.45,38.4584173602721
15.5,100.45,39.0364316545177
15.55,100.45,42.8571646075739
15.6,100.45,46.0736484415841
15.65,100.45,39.479560703369
15.7,100.45,43.6886450966705
15.75,100.45,35.811772586188
15.8,100.45,40.6446079611598
15.85,100.45,41.065165918621
15.9,100.45,36.2116458900178
15.95,100.45,42.9438034426567
16,100.45,38.4940324590449
16.05,100.45,35.1846049083905
16.1,100.45,36.6260705055186
16.15,100.45,37.2564472952296
16.2,100.45,35.534694805223
16.25,100.45,35.3048431381568
16.3,100.45,38.9022672130445
16.35,100.45,29.3883797751092
16.4,100.45,36.0748490324195
16.45,100.45,33.3234992229177
16.5,100.45,32.0135784976265
16.55,100.45,30.423841298706
16.6,100.45,28.7097192002579
16.65,100.45,32.4626093296979
16.7,100.45,31.3077148790402
16.75,100.45,31.6473908955228
16.8,100.45,26.5109803628838
16.85,100.45,29.7995449445446
16.9,100.45,25.8447019433564
16.95,100.45,25.8346845645151
17,100.45,28.7990508641614
17.05,100.45,25.9897726212879
17.1,100.45,26.6282143609494
17.15,100.45,23.4561245028234
17.2,100.45,24.6999523278484
17.25,100.45,21.1521183340744
17.3,100.45,19.9548145670171
17.35,100.45,23.4467741195672
17.4,100.45,21.2729106422888
17.45,100.45,17.8321110219946
17.5,100.45,17.2294429938405
17.55,100.45,17.9611819157661
17.6,100.45,19.9648464685173
17.65,100.45,15.9413712079221
17.7,100.45,17.5072410755481
17.75,100.45,17.7056361730442
17.8,100.45,15.7589122282714
17.85,100.45,17.0643283209789
17.9,100.45,14.5159127728476
17.95,100.45,14.5068668983832
18,100.45,12.4578211196463
18.05,100.45,20.0811905548105
18.1,100.45,12.4767959950556
18.15,100.45,16.1231218332065
18.2,100.45,12.2153713628872
18.25,100.45,13.2257289275449
18.3,100.45,11.9804852798409
18.35,100.45,11.9702174646458
18.4,100.45,9.88666173709903
18.45,100.45,12.9027372194427
18.5,100.45,9.76275641454405
18.55,100.45,11.2069787077449
18.6,100.45,9.28360090161168
18.65,100.45,9.18543363391546
18.7,100.45,11.4153033082899
18.75,100.45,9.69521793965253
18.8,100.45,9.61794296246829
18.85,100.45,11.6124659551408
18.9,100.45,8.20826426019448
18.95,100.45,8.50078277198738
19,100.45,11.9122870602984
13,100.5,12.1754537849324
13.05,100.5,15.672613138164
13.1,100.5,13.7898461560733
13.15,100.5,14.8499595470648
13.2,100.5,17.6301691479011
13.25,100.5,14.2309192542907
13.3,100.5,18.1736981645678
13.35,100.5,18.5001284697308
13.4,100.5,19.244866826197
13.45,100.5,19.2270823870813
13.5,100.5,19.2654846955157
13.55,100.5,20.1821366195565
13.6,100.5,23.9797178226501
13.65,100.5,26.7737703072295
13.7,100.5,24.552178790008
13.75,100.5,23.4128973083409
13.8,100.5,25.7732054558932
13.85,100.5,28.6326652056487
13.9,100.5,30.4401176645714
13.95,100.5,32.7171940223929
14,100.5,30.3069133886935
14.05,100.5,33.1122144144863
14.1,100.5,30.079733984642
14.15,100.5,33.3107722312265
14.2,100.5,32.6718514964068
14.25,100.5,33.550415018276
14.3,100.5,38.5581004852689
14.35,100.5,38.1397167807511
14.4,100.5,36.257904500298
14.45,100.5,39.7765333225686
14.5,100.5,40.768846912094
14.55,100.5,35.2004911364072
14.6,100.5,38.4636856737403
14.65,100.5,41.5615716395965
14.7,100.5,41.9539534974534
14.75,100.5,43.1579220438607
14.8,100.5,43.0880083582896
14.85,100.5,40.9567601787309
14.9,100.5,42.2119123205808
14.95,100.5,46.0532510307054
15,100.5,41.8350117422409
15.05,100.5,43.3950215825462
15.1,100.5,38.7226161809724
15.15,100.5,42.1995912925562
15.2,100.5,44.4086191188339
15.25,100.5,42.8857649444593
15.3,100.5,43.2740629604491
15.35,100.5,42.4926027935094
15.4,100.5,39.9335562810853
15.45,100.5,40.4321796316597
15.5,100.5,41.0249623499494
15.55,100.5,39.9688275319026
15.6,100.5,45.5917283343344
15.65,100.5,40.8758568476501
15.7,100.5,37.7692889193084
15.75,100.5,42.1305659465914
15.8,100.5,42.3536370202052
15.85,100.5,37.5843246816944
15.9,100.5,39.441563607325
15.95,100.5,35.8640287553769
16,100.5,36.5157341245336
16.05,100.5,38.1963440179133
16.1,100.5,35.1948371741768
16.15,100.5,34.6237136171474
16.2,100.5,29.8010395173243
16.25,100.5,32.9623324592364
16.3,100.5,42.6817958936655
16.35,100.5,32.2454270198291
16.4,100.5,29.4697751918659
16.45,100.5,33.4203541140406
16.5,100.5,31.88927811038
16.55,100.5,32.8651450496737
16.6,100.5,27.5973675057713
16.65,100.5,28.5866517837004
16.7,100.5,32.4620040512242
16.75,100.5,25.2833887252819
16.8,100.5,26.4276779968988
16.85,100.5,24.6128367945929
16.9,100.5,26.5195200513345
16.95,100.5,22.2734177581118
17,100.5,29.3943131438812
17.05,100.5,23.0035561812956
17.1,100.5,26.1965455254175
17.15,100.5,22.6126718803613
17.2,100.5,22.6992217087541
17.25,100.5,23.6566703850295
17.3,100.5,21.8733216813823
17.35,100.5,18.6878008146356
17.4,100.5,18.9093018572915
17.45,100.5,23.1551263871671
17.5,100.5,19.5760441776295
17.55,100.5,19.8383491151109
17.6,100.5,18.4009618670695
17.65,100.5,18.1544551168588
17.7,100.5,17.6374743526061
17.75,100.5,18.4500880651467
17.8,100.5,15.5472193513776
17.85,100.5,13.7141146019113
17.9,100.5,11.2122147910921
17.95,100.5,17.7134609363108
18,100.5,14.319241042516
18.05,100.5,13.5621409216711
18.1,100.5,15.4578870384259
18.15,100.5,14.4636890730362
18.2,100.5,12.7140802095377
18.25,100.5,9.4727568839194
18.3,100.5,10.8945968985394
18.35,100.5,12.3824568544142
18.4,100.5,10.8872951309809
18.45,100.5,15.1964537898417
18.5,100.5,11.4988824255253
18.55,100.5,10.0743217374124
18.6,100.5,12.6856831731371
18.65,100.5,11.1975721508067
18.7,100.5,12.5853211947904
18.75,100.5,10.7511125886111
18.8,100.5,6.78352022108351
18.85,100.5,4.9247688231241
18.9,100.5,10.5713272126843
18.95,100.5,9.74484386550033
19,100.5,8.63741575751514
13,100.55,16.2873345079096
13.05,100.55,12.3215043631485
13.1,100.55,15.3144567088858
13.15,100.55,14.2656965842938
13.2,100.55,14.3312339338607
13.25,100.55,14.0406702754468
13.3,100.55,19.1003226843521
13.35,100.55,19.6084982473771
13.4,100.55,19.224020904507
13.45,100.55,21.9923850941647
13.5,100.55,24.2880189254959
13.55,100.55,24.5800106621444
13.6,100.55,24.609330660354
13.65,100.55,24.2657842362075
13.7,100.55,23.3897239696156
13.75,100.55,28.9561148138135
13.8,100.55,30.3540446422522
13.85,100.55,28.6669274557742
13.9,100.55,28.8658805090927
13.95,100.55,30.6220889800178
14,100.55,30.9478960473933
14.05,100.55,29.8624587113172
14.1,100.55,35.2697573393511
14.15,100.55,33.183906597843
14.2,100.55,34.9177967721001
14.25,100.55,30.2996629299959
14.3,100.55,36.4396243031242
14.35,100.55,36.7928986849801
14.4,100.55,38.2802292983777
14.45,100.55,41.7840362189107
14.5,100.55,38.6208681045801
14.55,100.55,38.0587110690333
14.6,100.55,41.0460342400508
14.65,100.55,39.1387330933541
14.7,100.55,35.4926385528245
14.75,100.55,39.9925085360867
14.8,100.55,38.1745617968069
14.85,100.55,41.6562701744386
14.9,100.55,39.1427934349728
14.95,100.55,42.7686940186453
15,100.55,43.0110926517687
15.05,100.55,42.2660583592797
15.1,100.55,39.8968106089113
15.15,100.55,40.2637458634651
15.2,100.55,40.8369763190876
15.25,100.55,42.2167746511182
15.3,100.55,39.2011102665002
15.35,100.55,42.4708358793111
15.4,100.55,42.1884897920311
15.45,100.55,38.9594554959511
15.5,100.55,41.1497576556922
15.55,100.55,41.3492376949818
15.6,100.55,42.9182884734744
15.65,100.55,41.2839150958849
15.7,100.55,38.1166938966367
15.75,100.55,35.6950458002017
15.8,100.55,38.8331592057935
15.85,100.55,38.0083739071156
15.9,100.55,39.636854720275
15.95,100.55,38.2560399009994
16,100.55,37.5558695122161
16.05,100.55,37.174986996105
16.1,100.55,34.8942962814898
16.15,100.55,36.5238116910554
16.2,100.55,34.3601591239857
16.25,100.55,32.985273088252
16.3,100.55,32.6441574250257
16.35,100.55,31.6834598798084
16.4,100.55,33.1545117967518
16.45,100.55,31.7665429428995
16.5,100.55,30.8404804058599
16.55,100.55,31.7430012225175
16.6,100.55,32.6863229555881
16.65,100.55,27.5909785348332
16.7,100.55,31.6285717721689
16.75,100.55,27.9000414456671
16.8,100.55,29.2558259754791
16.85,100.55,27.7076422890784
16.9,100.55,22.0041258762972
16.95,100.55,23.4588778915967
17,100.55,26.1080608325709
17.05,100.55,20.0381674608669
17.1,100.55,23.021174446678
17.15,100.55,22.9533275946745
17.2,100.55,19.2624355678777
17.25,100.55,20.6644470504685
17.3,100.55,21.1236326538996
17.35,100.55,18.4446478676754
17.4,100.55,18.8470180304146
17.45,100.55,16.53726751206
17.5,100.55,15.8078994578994
17.55,100.55,17.365850532297
17.6,100.55,17.3359683338724
17.65,100.55,16.7398181318955
17.7,100.55,14.9479022169194
17.75,100.55,14.209160740281
17.8,100.55,15.9843009261357
17.85,100.55,16.1061291562756
17.9,100.55,12.9186294632466
17.95,100.55,15.0722389938101
18,100.55,16.3154625127718
18.05,100.55,10.9957451318723
18.1,100.55,12.2601317075385
18.15,100.55,10.9076104657256
18.2,100.55,12.8175741504088
18.25,100.55,8.56112529904583
18.3,100.55,10.924971938241
18.35,100.55,11.4272880235496
18.4,100.55,9.56958605402386
18.45,100.55,8.94615625606371
18.5,100.55,13.4301987394431
18.55,100.55,11.5456032574642
18.6,100.55,9.79500086117688
18.65,100.55,10.3064653606271
18.7,100.55,9.74324733799499
18.75,100.55,10.9951054739926
18.8,100.55,7.46816262142675
18.85,100.55,7.22689417112069
18.9,100.55,11.4328436985491
18.95,100.55,4.62899694256725
19,100.55,9.6390253143369
13,100.6,9.73658528209274
13.05,100.6,12.8172355784841
13.1,100.6,13.4525889496341
13.15,100.6,16.2950774688559
13.2,100.6,12.9578672167741
13.25,100.6,19.6573055963688
13.3,100.6,18.9325753474362
13.35,100.6,18.1587954893774
13.4,100.6,20.6057370831633
13.45,100.6,16.4690970098028
13.5,100.6,19.7159204458202
13.55,100.6,25.1764048378183
13.6,100.6,20.5325103225474
13.65,100.6,19.8483588187508
13.7,100.6,25.8539815621937
13.75,100.6,25.3947963617302
13.8,100.6,27.6739019529795
13.85,100.6,27.281712363632
13.9,100.6,27.8382376034176
13.95,100.6,35.2982283907808
14,100.6,30.6862402303346
14.05,100.6,35.3428187268254
14.1,100.6,31.3614443967227
14.15,100.6,34.6676939360135
14.2,100.6,32.1202993655266
14.25,100.6,34.9874767552411
14.3,100.6,38.6815386396271
14.35,100.6,38.3442624863702
14.4,100.6,37.2755906240364
14.45,100.6,34.4182611952714
14.5,100.6,38.8315399400738
14.55,100.6,42.9365706084887
14.6,100.6,37.9876566056826
14.65,100.6,41.3920666429054
14.7,100.6,41.3253855243044
14.75,100.6,38.6827462685779
14.8,100.6,43.2993228525373
14.85,100.6,43.1031560609931
14.9,100.6,43.7026228310895
14.95,100.6,45.5787695998135
15,100.6,43.040873724293
15.05,100.6,40.7867059919692
15.1,100.6,41.9226502842405
15.15,100.6,44.661886908751
15.2,100.6,43.5769117441469
15.25,100.6,39.531718313135
15.3,100.6,37.5817732687578
15.35,100.6,43.5064068705694
15.4,100.6,39.4738568051762
15.45,100.6,39.5756303550577
15.5,100.6,38.8783030734353
15.55,100.6,38.7529511724415
15.6,100.6,39.3884753092077
15.65,100.6,40.3153031884124
15.7,100.6,37.835446825263
15.75,100.6,40.6789488843874
15.8,100.6,37.938786477029
15.85,100.6,39.2399501197546
15.9,100.6,38.0736182013177
15.95,100.6,36.6071998889717
16,100.6,35.3450295706568
16.05,100.6,33.3988373691295
16.1,100.6,36.3977135267407
16.15,100.6,35.7855940375164
16.2,100.6,31.5611198901964
16.25,100.6,30.5411465402183
16.3,100.6,30.5788227958909
16.35,100.6,34.3349585085451
16.4,100.6,32.082444434345
16.45,100.6,29.8549880764637
16.5,100.6,30.4877594926071
16.55,100.6,30.6215305466684
16.6,100.6,30.6409278885182
16.65,100.6,32.2094693207655
16.7,100.6,24.7368816403629
16.75,100.6,27.9244236512624
16.8,100.6,25.6823606885318
16.85,100.6,22.1428490456279
16.9,100.6,23.9927082140277
16.95,100.6,24.9281589159494
17,100.6,22.7744983285614
17.05,100.6,25.9535315882169
17.1,100.6,19.0037449722037
17.15,100.6,22.6369244438953
17.2,100.6,19.9856921225186
17.25,100.6,17.4486837732565
17.3,100.6,25.9855430630082
17.35,100.6,19.2043753730628
17.4,100.6,18.2540221888706
17.45,100.6,17.3873380875307
17.5,100.6,17.7698064490605
17.55,100.6,21.7819626551499
17.6,100.6,16.5917761161045
17.65,100.6,18.2310179384993
17.7,100.6,17.9823855287897
17.75,100.6,11.6842856840982
17.8,100.6,15.6878274012765
17.85,100.6,13.280351724647
17.9,100.6,16.206191829727
17.95,100.6,13.97788240522
18,100.6,13.5617226369197
18.05,100.6,18.1699824337254
18.1,100.6,12.8165958997771
18.15,100.6,10.8859529983078
18.2,100.6,9.30969107762885
18.25,100.6,9.90076380968458
18.3,100.6,11.3936293642105
18.35,100.6,10.940198625318
18.4,100.6,15.0417883863806
18.45,100.6,13.7821874495213
18.5,100.6,10.7608499139857
18.55,100.6,14.7212717016948
18.6,100.6,10.8517390429501
18.65,100.6,11.1377785394926
18.7,100.6,12.4740433335135
18.75,100.6,9.68806674236558
18.8,100.6,10.7107485215368
18.85,100.6,8.90270807957792
18.9,100.6,8.86397808255143
18.95,100.6,11.4882079519674
19,100.6,9.4926481225085
13,100.65,14.0506595177698
13.05,100.65,13.2328789954486
13.1,100.65,16.5543510582632
13.15,100.65,16.78310656473
13.2,100.65,14.9087432122237
13.25,100.65,17.5649673201937
13.3,100.65,18.900702622841
13.35,100.65,20.0640979498621
13.4,100.65,21.7827078181664
13.45,100.65,19.5365459305498
13.5,100.65,19.3152491927742
13.55,100.65,25.3497156495894
13.6,100.65,23.6616192874465
13.65,100.65,22.8942577623487
13.7,100.65,28.944551877077
13.75,100.65,25.2064823186133
13.8,100.65,25.8341148993133
13.85,100.65,27.8664016362823
13.9,100.65,29.9030771330914
13.95,100.65,31.9681772062836
14,100.65,29.5074233541262
14.05,100.65,31.0668715105286
14.1,100.65,31.7332275467227
14.15,100.65,32.8300149826383
14.2,100.65,34.594951667648
14.25,100.65,36.7946631967502
14.3,100.65,35.6905254299397
14.35,100.65,38.647651018641
14.4,100.65,36.9122024155045
14.45,100.65,39.8340506047475
14.5,100.65,36.5992914716844
14.55,100.65,38.2329729686542
14.6,100.65,40.0003367270626
14.65,100.65,39.078595334265
14.7,100.65,42.5124823600887
14.75,100.65,43.2979128310011
14.8,100.65,41.2286403389805
14.85,100.65,44.328585806857
14.9,100.65,40.4379711646872
14.95,100.65,42.8423485962318
15,100.65,39.6462918375985
15.05,100.65,41.6702289362794
15.1,100.65,38.7056904177349
15.15,100.65,37.5650042065012
15.2,100.65,39.4635926450234
15.25,100.65,40.4541800211706
15.3,100.65,42.2835987383629
15.35,100.65,43.3060897960199
15.4,100.65,39.2840689776057
15.45,100.65,39.3711069591126
15.5,100.65,39.3718836402164
15.55,100.65,35.027876211775
15.6,100.65,40.4589618753373
15.65,100.65,37.5279408863114
15.7,100.65,35.8923531380595
15.75,100.65,36.8542142649144
15.8,100.65,36.3690794081514
15.85,100.65,39.4490739376391
15.9,100.65,36.7047598518507
15.95,100.65,32.3784409287904
16,100.65,34.7799855510226
16.05,100.65,34.2588409142495
16.1,100.65,33.9022748091803
16.15,100.65,32.5051300280752
16.2,100.65,33.6785880546286
16.25,100.65,32.4923450152761
16.3,100.65,27.3834303254058
16.35,100.65,28.7681078578928
16.4,100.65,32.8826567834381
16.45,100.65,30.6667696353564
16.5,100.65,29.7572399245005
16.55,100.65,25.8852107841239
16.6,100.65,29.3917842962378
16.65,100.65,27.7498330090555
16.7,100.65,26.3724970892771
16.75,100.65,24.7105423876748
16.8,100.65,23.888855254252
16.85,100.65,27.8482060313975
16.9,100.65,24.8112997396411
16.95,100.65,21.9545079361409
17,100.65,23.6048631434048
17.05,100.65,25.5361124952615
17.1,100.65,21.6145742895901
17.15,100.65,21.5775921021516
17.2,100.65,19.3165306138387
17.25,100.65,17.6191126797705
17.3,100.65,16.3067296196501
17.35,100.65,19.0737000095741
17.4,100.65,18.2056978180574
17.45,100.65,14.9956168046591
17.5,100.65,12.7889016260915
17.55,100.65,20.0920042112951
17.6,100.65,14.4853173441285
17.65,100.65,21.0062684742227
17.7,100.65,14.0138264857442
17.75,100.65,13.5712253928836
17.8,100.65,13.0306835071436
17.85,100.65,13.9865105165739
17.9,100.65,10.6140372118459
17.95,100.65,14.3616684561742
18,100.65,14.6548610248922
18.05,100.65,13.1043540710033
18.1,100.65,12.8967853092817
18.15,100.65,11.5399655215301
18.2,100.65,11.0933250266628
18.25,100.65,12.8873876326181
18.3,100.65,10.7535565555181
18.35,100.65,10.317998384043
18.4,100.65,12.6445173711953
18.45,100.65,12.164576577818
18.5,100.65,12.8226461740619
18.55,100.65,12.3564324321764
18.6,100.65,9.01671429878418
18.65,100.65,8.39967813694471
18.7,100.65,7.44170054335975
18.75,100.65,6.96932848962588
18.8,100.65,13.3824045339773
18.85,100.65,8.17557924415051
18.9,100.65,10.5206529817519
18.95,100.65,7.82731296328482
19,100.65,9.84228672955408
13,100.7,14.4634266158794
13.05,100.7,9.61857419486775
13.1,100.7,15.2615381203566
13.15,100.7,15.8218173849308
13.2,100.7,18.0673766492588
13.25,100.7,17.2527544058531
13.3,100.7,17.8757689423282
13.35,100.7,20.3240724178584
13.4,100.7,21.0519016574739
13.45,100.7,20.7154555466926
13.5,100.7,22.3254125828646
13.55,100.7,24.6374319282388
13.6,100.7,25.6306423274368
13.65,100.7,24.6833782109721
13.7,100.7,27.1241109941173
13.75,100.7,27.2448766432852
13.8,100.7,27.0702090393972
13.85,100.7,25.3219868409654
13.9,100.7,29.4468761025067
13.95,100.7,30.4173964866051
14,100.7,29.7065328994228
14.05,100.7,32.9813247761398
14.1,100.7,35.8445800187071
14.15,100.7,32.9069222756564
14.2,100.7,36.4994011233302
14.25,100.7,33.7630887797671
14.3,100.7,36.1111561535504
14.35,100.7,36.1467467100999
14.4,100.7,37.1431850236291
14.45,100.7,35.0379136137932
14.5,100.7,42.1654643444249
14.55,100.7,39.1104373199898
14.6,100.7,41.5733408158251
14.65,100.7,37.3615287550831
14.7,100.7,39.5803192558966
14.75,100.7,39.7811129910897
14.8,100.7,41.0470292921719
14.85,100.7,37.7020219468262
14.9,100.7,46.8873081789687
14.95,100.7,41.8311008915211
15,100.7,38.7020495531916
15.05,100.7,39.8534739515465
15.1,100.7,38.5905588386354
15.15,100.7,39.1190547610509
15.2,100.7,39.2093027026304
15.25,100.7,41.6379089146724
15.3,100.7,39.4461301334956
15.35,100.7,37.7163954859158
15.4,100.7,40.0662241461092
15.45,100.7,43.6596051811955
15.5,100.7,35.2373819223456
15.55,100.7,40.1191399561001
15.6,100.7,36.8222223595801
15.65,100.7,34.8799296175773
15.7,100.7,38.7539975190755
15.75,100.7,33.8093740050303
15.8,100.7,36.0613974256386
15.85,100.7,37.262358364489
15.9,100.7,36.1190370575965
15.95,100.7,36.2408150365967
16,100.7,32.6504533101398
16.05,100.7,32.163929981597
16.1,100.7,28.5661301205536
16.15,100.7,34.4143918702738
16.2,100.7,32.9029516927596
16.25,100.7,32.225369187573
16.3,100.7,28.7759313982006
16.35,100.7,29.7527607279143
16.4,100.7,26.6171805874782
16.45,100.7,30.314053542087
16.5,100.7,31.0049995860714
16.55,100.7,30.7708315330466
16.6,100.7,21.9997453843775
16.65,100.7,28.7681335766366
16.7,100.7,22.8365147659644
16.75,100.7,25.2479310677296
16.8,100.7,26.6339645156623
16.85,100.7,27.5142796191951
16.9,100.7,20.7840760302604
16.95,100.7,24.9329493033519
17,100.7,19.4112127738442
17.05,100.7,17.1097312880959
17.1,100.7,20.3932733638151
17.15,100.7,20.1755110586199
17.2,100.7,17.0842021044824
17.25,100.7,17.7647913269137
17.3,100.7,21.6165355834277
17.35,100.7,15.5976246262173
17.4,100.7,15.4166308481113
17.45,100.7,19.2414127297071
17.5,100.7,16.7217035739733
17.55,100.7,19.2435288571879
17.6,100.7,18.6243929065181
17.65,100.7,13.2069681546353
17.7,100.7,18.4818889306122
17.75,100.7,10.3931097494906
17.8,100.7,12.3785230225493
17.85,100.7,13.58900740973
17.9,100.7,12.7263184218428
17.95,100.7,15.1999464370681
18,100.7,12.3569654529948
18.05,100.7,14.4458113822028
18.1,100.7,10.6594834157084
18.15,100.7,14.1556303729211
18.2,100.7,12.4092991521122
18.25,100.7,9.43428452696571
18.3,100.7,11.1776978501129
18.35,100.7,11.4384326613503
18.4,100.7,10.229191742075
18.45,100.7,11.9397072508583
18.5,100.7,10.4587129022931
18.55,100.7,12.3545347544034
18.6,100.7,8.61296335810268
18.65,100.7,9.20408244128272
18.7,100.7,11.7680940111997
18.75,100.7,12.0341784477382
18.8,100.7,9.95523364234051
18.85,100.7,9.21883104575817
18.9,100.7,9.39414993923257
18.95,100.7,7.56816653967949
19,100.7,9.36077834868056
13,100.75,12.251720362284
13.05,100.75,12.9191400064958
13.1,100.75,13.4028953130841
13.15,100.75,15.6865840087211
13.2,100.75,14.467328407322
13.25,100.75,17.6318353324923
13.3,100.75,20.0823718411959
13.35,100.75,19.1050788048397
13.4,100.75,16.3635550674675
13.45,100.75,24.4658010105191
13.5,100.75,24.8117401140159
13.55,100.75,19.4698124675815
13.6,100.75,20.8491372257518
13.65,100.75,23.8908695338862
13.7,100.75,27.1950059558913
13.75,100.75,27.1199284525559
13.8,100.75,30.1871215512583
13.85,100.75,26.9979451886066
13.9,100.75,31.1515283148447
13.95,100.75,34.19279472796
14,100.75,32.6462790088019
14.05,100.75,29.8870858099177
14.1,100.75,33.5869966529786
14.15,100.75,34.312634138989
14.2,100.75,32.3248241735581
14.25,100.75,37.6906709954792
14.3,100.75,38.5215910327874
14.35,100.75,37.4049677406545
14.4,100.75,41.9897975708254
14.45,100.75,39.082459395863
14.5,100.75,36.6964927908048
14.55,100.75,37.5196286466014
14.6,100.75,39.4256833938335
14.65,100.75,40.8326511119791
14.7,100.75,36.9211398619124
14.75,100.75,40.3383771312746
14.8,100.75,39.0655440404703
14.85,100.75,38.7568722416436
14.9,100.75,38.9108907988949
14.95,100.75,41.2355474112109
15,100.75,42.9538224794389
15.05,100.75,38.0454955920128
15.1,100.75,41.2186181654712
15.15,100.75,39.3109007938276
15.2,100.75,40.9689557406603
15.25,100.75,37.841741970198
15.3,100.75,40.4093016483371
15.35,100.75,40.6665751500672
15.4,100.75,37.1984462645356
15.45,100.75,37.1627029504414
15.5,100.75,35.4631132396293
15.55,100.75,38.2535639056263
15.6,100.75,37.3866561232913
15.65,100.75,36.0464213118521
15.7,100.75,38.0673189439044
15.75,100.75,37.7396241423663
15.8,100.75,35.719745161596
15.85,100.75,37.199609214578
15.9,100.75,32.4206030845912
15.95,100.75,34.6595545413306
16,100.75,28.9324809870549
16.05,100.75,31.5403671258576
16.1,100.75,32.3064417033052
16.15,100.75,34.1805319634643
16.2,100.75,29.0722334785675
16.25,100.75,32.0730560306653
16.3,100.75,31.8923535612478
16.35,100.75,31.0221934433553
16.4,100.75,27.778610892231
16.45,100.75,28.4443697235438
16.5,100.75,19.7963691265645
16.55,100.75,27.197378556328
16.6,100.75,25.7395826650626
16.65,100.75,25.7998542593785
16.7,100.75,23.878874888158
16.75,100.75,22.1892005433571
16.8,100.75,25.24078158488
16.85,100.75,21.4577856798729
16.9,100.75,23.6607050795967
16.95,100.75,25.8232842488057
17,100.75,21.6438371025209
17.05,100.75,18.5966537966682
17.1,100.75,19.3305458322856
17.15,100.75,18.9040784577054
17.2,100.75,18.5389347471275
17.25,100.75,15.7419087511895
17.3,100.75,18.147185112111
17.35,100.75,17.7827011594068
17.4,100.75,16.8471273567819
17.45,100.75,14.4813747291545
17.5,100.75,15.7704600559709
17.55,100.75,15.9912553962982
17.6,100.75,16.8519853370305
17.65,100.75,16.2985590608253
17.7,100.75,15.2234244163541
17.75,100.75,14.6072771925716
17.8,100.75,15.1358604290286
17.85,100.75,13.2579056917852
17.9,100.75,16.3457546425228
17.95,100.75,12.9671959858554
18,100.75,15.773499006393
18.05,100.75,11.591617056544
18.1,100.75,11.1350947390364
18.15,100.75,9.34966808425504
18.2,100.75,10.9113256465042
18.25,100.75,9.87602101096557
18.3,100.75,7.80752820233272
18.35,100.75,10.5921218340787
18.4,100.75,11.8003066539255
18.45,100.75,7.83418897183405
18.5,100.75,11.8893808333694
18.55,100.75,9.84646204594041
18.6,100.75,13.3194275917979
18.65,100.75,9.28219353532864
18.7,100.75,10.2760812704389
18.75,100.75,9.30285881870362
18.8,100.75,8.16541609912586
18.85,100.75,11.9882518175559
18.9,100.75,7.52606026475852
18.95,100.75,5.01338670748566
19,100.75,10.3030187060143
13,100.8,17.6442571882721
13.05,100.8,13.2233195939694
13.1,100.8,15.4775743663423
13.15,100.8,16.5824116751035
13.2,100.8,16.0866129731097
13.25,100.8,19.9217755652648
13.3,100.8,14.401138388466
13.35,100.8,18.8363277398054
13.4,100.8,19.9767580059781
13.45,100.8,23.5373065212247
13.5,100.8,21.9688515687718
13.55,100.8,20.4029637774891
13.6,100.8,25.0359323854499
13.65,100.8,24.9628786636742
13.7,100.8,25.9429963602294
13.75,100.8,26.5874529717274
13.8,100.8,26.0880013236364
13.85,100.8,26.2733577269782
13.9,100.8,28.8598262720492
13.95,100.8,27.2208108903115
14,100.8,34.6081806250171
14.05,100.8,30.2354218423745
14.1,100.8,32.6703296394116
14.15,100.8,34.3775049049351
14.2,100.8,35.1861938634242
14.25,100.8,34.1519772353503
14.3,100.8,32.769997488243
14.35,100.8,35.3181222829452
14.4,100.8,38.0597359469513
14.45,100.8,36.4543502586847
14.5,100.8,36.8125308152305
14.55,100.8,39.8656249628363
14.6,100.8,40.2617306859113
14.65,100.8,39.2226169266071
14.7,100.8,39.5279832218378
14.75,100.8,36.8145974450292
14.8,100.8,40.1857429863809
14.85,100.8,39.0165902139696
14.9,100.8,40.6968810172901
14.95,100.8,40.3478092917177
15,100.8,39.1788612365574
15.05,100.8,43.3410109201817
15.1,100.8,39.4267667609054
15.15,100.8,40.4382810992917
15.2,100.8,39.2733823710196
15.25,100.8,36.1639345021636
15.3,100.8,41.856323308912
15.35,100.8,35.4485389353206
15.4,100.8,36.7937646180405
15.45,100.8,40.7577112291868
15.5,100.8,36.376982767931
15.55,100.8,37.6070542727068
15.6,100.8,32.1252617344353
15.65,100.8,39.5727623793166
15.7,100.8,36.9301828936951
15.75,100.8,34.6210760155714
15.8,100.8,30.4412232488929
15.85,100.8,35.0987006576354
15.9,100.8,31.7392377537734
15.95,100.8,31.0007707801135
16,100.8,33.4272446714235
16.05,100.8,32.0363253198762
16.1,100.8,30.9659256919447
16.15,100.8,30.1849940260674
16.2,100.8,31.3545961039711
16.25,100.8,29.2149431721987
16.3,100.8,27.1316750812624
16.35,100.8,27.7399932222184
16.4,100.8,25.3778033814087
16.45,100.8,23.9798401730761
16.5,100.8,26.1999208218956
16.55,100.8,25.4695299856536
16.6,100.8,26.2112752068149
16.65,100.8,24.6281823846539
16.7,100.8,22.1351389935142
16.75,100.8,22.5046750657801
16.8,100.8,23.6430884859085
16.85,100.8,21.1832564501071
16.9,100.8,22.4425691476049
16.95,100.8,18.3305469019447
17,100.8,18.6360331858954
17.05,100.8,19.5308262246428
17.1,100.8,20.7189404682404
17.15,100.8,21.4344355828409
17.2,100.8,19.0870238538175
17.25,100.8,16.3722949014141
17.3,100.8,17.1562720794812
17.35,100.8,19.9235946273592
17.4,100.8,16.3930215975856
17.45,100.8,16.3907057051942
17.5,100.8,16.1991419185428
17.55,100.8,15.800269027572
17.6,100.8,16.3885777046042
17.65,100.8,16.6483952903631
17.7,100.8,15.7114070782878
17.75,100.8,15.1369263582024
17.8,100.8,12.0840240118068
17.85,100.8,13.6197906311402
17.9,100.8,9.38837026118398
17.95,100.8,14.5017066951677
18,100.8,11.3721350332997
18.05,100.8,13.0012917181067
18.1,100.8,7.83889467603714
18.15,100.8,13.1474339125919
18.2,100.8,12.6723519644456
18.25,100.8,10.0655790012456
18.3,100.8,11.5181961755076
18.35,100.8,15.4642998254561
18.4,100.8,5.68021757923651
18.45,100.8,10.9573111391572
18.5,100.8,6.90433062155971
18.55,100.8,5.76738453606352
18.6,100.8,8.58171880998478
18.65,100.8,11.7436141042844
18.7,100.8,15.7348384352164
18.75,100.8,9.22101677423586
18.8,100.8,10.6273785742261
18.85,100.8,10.6435448358612
18.9,100.8,9.19082344589911
18.95,100.8,6.17656222315471
19,100.8,4.62168592496983
13,100.85,9.61280202509842
13.05,100.85,13.2353203364517
13.1,100.85,13.0888175649619
13.15,100.85,13.3506690893918
13.2,100.85,16.8293674664671
13.25,100.85,17.6940938222934
13.3,100.85,16.2483428625016
13.35,100.85,18.9538324761188
13.4,100.85,18.5992893436785
13.45,100.85,22.7224365703703
13.5,100.85,18.6419051063374
13.55,100.85,21.3969463432557
13.6,100.85,24.0375047836949
13.65,100.85,25.9960527033209
13.7,100.85,27.3704115495355
13.75,100.85,24.7163421267626
13.8,100.85,25.333247497332
13.85,100.85,31.6387130415839
13.9,100.85,29.5412359914774
13.95,100.85,33.502288690182
14,100.85,31.9339219923135
14.05,100.85,33.3589890070677
14.1,100.85,32.742175813601
14.15,100.85,30.1412793666974
14.2,100.85,35.9031207452123
14.25,100.85,37.0162483654478
14.3,100.85,35.2088086306567
14.35,100.85,37.4083447079994
14.4,100.85,35.2475593147506
14.45,100.85,32.9649936790583
14.5,100.85,37.351224247009
14.55,100.85,41.0090554942098
14.6,100.85,42.3216979333032
14.65,100.85,40.1700862856045
14.7,100.85,39.3483848040911
14.75,100.85,39.1263773177816
14.8,100.85,38.1717711300466
14.85,100.85,39.3161306319883
14.9,100.85,38.5777767845769
14.95,100.85,38.4554844428772
15,100.85,37.5733524846311
15.05,100.85,38.2797698445948
15.1,100.85,38.5522249654752
15.15,100.85,38.6804049801714
15.2,100.85,40.4870219283002
15.25,100.85,38.8821253588203
15.3,100.85,37.421843156473
15.35,100.85,39.5581780976064
15.4,100.85,38.2226073610739
15.45,100.85,40.5059115265316
15.5,100.85,33.4487838575836
15.55,100.85,32.3435029816119
15.6,100.85,33.378993103494
15.65,100.85,31.4259059266776
15.7,100.85,30.423933930264
15.75,100.85,31.5505205464605
15.8,100.85,34.0355556763052
15.85,100.85,33.2307921804774
15.9,100.85,32.5603218443792
15.95,100.85,29.6419038688817
16,100.85,29.9546773237194
16.05,100.85,27.5076841125702
16.1,100.85,34.1502941550822
16.15,100.85,27.8820758341108
16.2,100.85,28.3779140094922
16.25,100.85,28.1381344403101
16.3,100.85,30.9967043822017
16.35,100.85,26.1185415833436
16.4,100.85,27.2547525330121
16.45,100.85,25.4479809441968
16.5,100.85,24.0040873369886
16.55,100.85,25.9043501578335
16.6,100.85,20.356843909362
16.65,100.85,24.3399395670494
16.7,100.85,20.5360952143682
16.75,100.85,21.6974212528125
16.8,100.85,20.3412556564261
16.85,100.85,21.5136182023102
16.9,100.85,21.9080024736418
16.95,100.85,22.9483041505561
17,100.85,18.6424481174401
17.05,100.85,19.396833879217
17.1,100.85,21.6892486799151
17.15,100.85,16.8989229695887
17.2,100.85,18.4697246744925
17.25,100.85,21.2079276738532
17.3,100.85,13.3112666161706
17.35,100.85,14.7102617668489
17.4,100.85,13.7867955275159
17.45,100.85,12.5562863262992
17.5,100.85,13.8511702395783
17.55,100.85,16.4576867017447
17.6,100.85,15.8656488324429
17.65,100.85,12.764363618831
17.7,100.85,15.9017756523017
17.75,100.85,14.5770584065456
17.8,100.85,11.9320435976021
17.85,100.85,14.0966012667167
17.9,100.85,13.0735233389683
17.95,100.85,11.9989012828161
18,100.85,11.7573840534411
18.05,100.85,12.8894736037197
18.1,100.85,13.1534143547503
18.15,100.85,10.6453514010941
18.2,100.85,11.1726169398488
18.25,100.85,13.7563843328661
18.3,100.85,13.7647038671819
18.35,100.85,10.9545981715947
18.4,100.85,8.50143435819124
18.45,100.85,9.58966991474737
18.5,100.85,11.4330971192559
18.55,100.85,5.73569876694368
18.6,100.85,8.2850637016567
18.65,100.85,11.7620933719327
18.7,100.85,11.7035136947854
18.75,100.85,9.01750192796854
18.8,100.85,9.49375061799766
18.85,100.85,10.2988145699301
18.9,100.85,8.36269001440812
18.95,100.85,8.3209630957751
19,100.85,6.70075689654541
13,100.9,12.1872279298843
13.05,100.9,11.9768722220711
13.1,100.9,17.1861065866619
13.15,100.9,16.4969782111186
13.2,100.9,18.5998702782607
13.25,100.9,17.6061712480294
13.3,100.9,17.1155584004826
13.35,100.9,18.9323107636802
13.4,100.9,21.9600395194523
13.45,100.9,20.1156280479572
13.5,100.9,21.9875089753966
13.55,100.9,22.7601237878185
13.6,100.9,20.8988814011854
13.65,100.9,26.8230020157304
13.7,100.9,21.8426405381591
13.75,100.9,25.8800869538696
13.8,100.9,28.9138325762187
13.85,100.9,29.0039041197017
13.9,100.9,32.1661758129772
13.95,100.9,28.1981600116669
14,100.9,29.3435713907449
14.05,100.9,32.7236518535344
14.1,100.9,32.4407152114678
14.15,100.9,33.8095984973912
14.2,100.9,34.4658177830836
14.25,100.9,34.627018922122
14.3,100.9,37.0664095172375
14.35,100.9,37.7976851682413
14.4,100.9,38.5315968619761
14.45,100.9,35.5870868069952
14.5,100.9,37.4122943928499
14.55,100.9,37.5804257857095
14.6,100.9,40.9411605214975
14.65,100.9,33.7620260105181
14.7,100.9,35.1721771756805
14.75,100.9,38.8634561643951
14.8,100.9,38.2229679757955
14.85,100.9,36.8465993327481
14.9,100.9,40.731257976702
14.95,100.9,37.298184590741
15,100.9,37.7184894655484
15.05,100.9,40.7066327394121
15.1,100.9,36.8444605706983
15.15,100.9,40.3146587119253
15.2,100.9,41.1951269180119
15.25,100.9,33.3227640942919
15.3,100.9,38.1833772067621
15.35,100.9,34.9978918300294
15.4,100.9,37.8825472588528
15.45,100.9,34.3099957230883
15.5,100.9,29.9934121981575
15.55,100.9,33.9298423679631
15.6,100.9,31.9018856089052
15.65,100.9,34.3736373681176
15.7,100.9,31.984321386856
15.75,100.9,31.240535916506
15.8,100.9,30.0987495283541
15.85,100.9,32.7821536481554
15.9,100.9,26.2746267774263
15.95,100.9,33.0630941084173
16,100.9,32.1940923654429
16.05,100.9,29.0661960681089
16.1,100.9,27.2230110713539
16.15,100.9,28.2472211995872
16.2,100.9,28.3885414024642
16.25,100.9,26.3392160812071
16.3,100.9,25.1866912151557
16.35,100.9,24.8706445892902
16.4,100.9,23.0557683426885
16.45,100.9,27.3401349766093
16.5,100.9,27.5043204487496
16.55,100.9,24.3002428384074
16.6,100.9,20.0275947049354
16.65,100.9,21.2597292440705
16.7,100.9,20.8949834068784
16.75,100.9,24.8641673360678
16.8,100.9,24.6535866644312
16.85,100.9,18.0538937951711
16.9,100.9,17.9593239724077
16.95,100.9,16.3605984588394
17,100.9,20.7987327294039
17.05,100.9,19.8135849518039
17.1,100.9,13.9530846847344
17.15,100.9,15.9244572961033
17.2,100.9,15.6561260508857
17.25,100.9,14.5855977125897
17.3,100.9,17.017475817542
17.35,100.9,14.6509292711295
17.4,100.9,15.1877184664978
17.45,100.9,15.3037383282294
17.5,100.9,15.5636252976171
17.55,100.9,13.4336918471975
17.6,100.9,12.684336246517
17.65,100.9,12.6618507955574
17.7,100.9,10.9594530911123
17.75,100.9,12.6766673314502
17.8,100.9,9.38767442429241
17.85,100.9,11.6694435631573
17.9,100.9,14.1439736803637
17.95,100.9,8.77414888513628
18,100.9,14.3217555984746
18.05,100.9,12.0978935400983
18.1,100.9,12.8561345550011
18.15,100.9,8.81473199191868
18.2,100.9,10.3095025675565
18.25,100.9,9.27740764620224
18.3,100.9,8.76082292714679
18.35,100.9,8.00370322810433
18.4,100.9,8.44088361163742
18.45,100.9,14.2319481618248
18.5,100.9,10.0941126456865
18.55,100.9,10.651486878487
18.6,100.9,7.94281985535209
18.65,100.9,7.74029567760275
18.7,100.9,10.1247530694535
18.75,100.9,6.28727746128449
18.8,100.9,6.55364557971086
18.85,100.9,8.5617957525526
18.9,100.9,10.043097324669
18.95,100.9,11.2536418353923
19,100.9,4.67678971101757
13,100.95,15.8396639574276
13.05,100.95,13.6898591452274
13.1,100.95,13.9358456012719
13.15,100.95,12.1438529012931
13.2,100.95,14.6207533114772
13.25,100.95,17.6444097115968
13.3,100.95,15.2511062305765
13.35,100.95,19.6144432983872
13.4,100.95,21.2329327145332
13.45,100.95,24.4722789425398
13.5,100.95,23.9352049668103
13.55,100.95,21.2052875636257
13.6,100.95,28.0403599669426
13.65,100.95,23.7108349110137
13.7,100.95,29.0878000302258
13.75,100.95,29.0787178540156
13.8,100.95,25.5190111616722
13.85,100.95,30.5637409111686
13.9,100.95,30.0676751163484
13.95,100.95,34.0237550212235
14,100.95,37.1601301400338
14.05,100.95,29.8071404215906
14.1,100.95,28.0596917879582
14.15,100.95,36.9296532938188
14.2,100.95,36.4736016785992
14.25,100.95,36.5776046705758
14.3,100.95,34.7427531842693
14.35,100.95,38.1225721739499
14.4,100.95,37.7951187788119
14.45,100.95,30.9483027033898
14.5,100.95,34.3567832273733
14.55,100.95,37.0356027428397
14.6,100.95,36.6670967987068
14.65,100.95,35.0233159893005
14.7,100.95,36.7316720909247
14.75,100.95,41.6238950957411
14.8,100.95,40.6591570444471
14.85,100.95,37.9623558908859
14.9,100.95,38.1332162007392
14.95,100.95,38.8496453355466
15,100.95,37.2256430338518
15.05,100.95,34.8239309121099
15.1,100.95,36.8484050129292
15.15,100.95,38.5253973881478
15.2,100.95,34.2308968222295
15.25,100.95,37.8594061448701
15.3,100.95,38.3044277452108
15.35,100.95,34.8240978969109
15.4,100.95,33.7087146980132
15.45,100.95,36.5287265997679
15.5,100.95,33.7987409415279
15.55,100.95,32.1563414303055
15.6,100.95,29.6605112906231
15.65,100.95,32.5333335258831
15.7,100.95,32.8010664304546
15.75,100.95,29.61612473178
15.8,100.95,26.5524953200933
15.85,100.95,30.8672778794622
15.9,100.95,28.0338806318761
15.95,100.95,28.8187242724002
16,100.95,30.0969002395432
16.05,100.95,26.8509177421482
16.1,100.95,23.3849232017219
16.15,100.95,29.1415721049981
16.2,100.95,26.2207935503795
16.25,100.95,25.4955652211636
16.3,100.95,21.9468588061683
16.35,100.95,24.2382942460321
16.4,100.95,26.7488089589685
16.45,100.95,22.5187767547031
16.5,100.95,21.2295012082109
16.55,100.95,23.0686035194321
16.6,100.95,21.6143915574956
16.65,100.95,18.0387176869194
16.7,100.95,20.7090123219331
16.75,100.95,23.358202934358
16.8,100.95,20.5956609362178
16.85,100.95,15.0957842869067
16.9,100.95,18.2274544916445
16.95,100.95,19.3109869421661
17,100.95,14.6963585228962
17.05,100.95,18.698336522578
17.1,100.95,17.2066239405301
17.15,100.95,16.496372125209
17.2,100.95,15.4453693974242
17.25,100.95,13.6581442898719
17.3,100.95,13.153608486205
17.35,100.95,15.4246482504125
17.4,100.95,12.7474767540911
17.45,100.95,14.2736753187733
17.5,100.95,16.3997534488883
17.55,100.95,16.2662833083998
17.6,100.95,13.7422982176445
17.65,100.95,15.3496032114078
17.7,100.95,11.2493692395576
17.75,100.95,13.0262230384588
17.8,100.95,14.7766887294047
17.85,100.95,12.7738871459975
17.9,100.95,11.691708796929
17.95,100.95,10.9505626368887
18,100.95,7.63089099065104
18.05,100.95,8.25632803498865
18.1,100.95,9.72516345991625
18.15,100.95,10.0724901862399
18.2,100.95,12.6188292629319
18.25,100.95,12.0156138306461
18.3,100.95,9.21397783360708
18.35,100.95,8.86828524500979
18.4,100.95,12.1395246929574
18.45,100.95,11.8155302919427
18.5,100.95,9.2106115351629
18.55,100.95,12.4005298428167
18.6,100.95,9.83722035279662
18.65,100.95,10.9985548923691
18.7,100.95,4.3027213917798
18.75,100.95,8.51402751365526
18.8,100.95,10.7935654613973
18.85,100.95,9.68230508717453
18.9,100.95,10.8601141458669
18.95,100.95,7.07269795218679
19,100.95,7.38197107730892
13,101,10.8502438856383
13.05,101,15.2858371140242
13.1,101,14.5549995815934
13.15,101,17.0982752370842
13.2,101,16.137671697578
13.25,101,15.3229128284121
13.3,101,19.6480146261878
13.35,101,18.503664511397
13.4,101,19.8260042502817
13.45,101,19.6442963459215
13.5,101,25.2791255183379
13.55,101,20.7983776371714
13.6,101,25.700037756188
13.65,101,26.7875498841969
13.7,101,21.9848132992222
13.75,101,29.3908938313096
13.8,101,29.22795819733
13.85,101,28.6243182896872
13.9,101,33.9524280013295
13.95,101,28.7821898668561
14,101,29.6376562880397
14.05,101,31.827476053018
14.1,101,31.1597212594931
14.15,101,31.8946311755215
14.2,101,35.0259040673148
14.25,101,36.5647458849561
14.3,101,34.462240596217
14.35,101,39.8988183223108
14.4,101,36.1849529898674
14.45,101,39.369445401687
14.5,101,32.2876882025598
14.55,101,36.0465548149769
14.6,101,42.5825673925021
14.65,101,38.1105410652362
14.7,101,42.7645802995837
14.75,101,36.8325884730989
14.8,101,33.1521086679077
14.85,101,38.7143591644645
14.9,101,38.6542395992872
14.95,101,36.6588109392413
15,101,38.7346409593447
15.05,101,33.4589232151448
15.1,101,39.9147887659508
15.15,101,38.4061814834704
15.2,101,34.4334663734816
15.25,101,32.3283077914417
15.3,101,35.9454791725713
15.35,101,34.3318403020072
15.4,101,32.9903461274123
15.45,101,31.4992431312666
15.5,101,35.1336392405396
15.55,101,32.6011653369506
15.6,101,32.2060272598161
15.65,101,32.8440041650034
15.7,101,32.7274556252271
15.75,101,29.5096715488016
15.8,101,25.403229439884
15.85,101,24.2268946159909
15.9,101,30.2188273530642
15.95,101,28.5360608589055
16,101,27.863681845237
16.05,101,27.1174294371229
16.1,101,26.9708345444984
16.15,101,22.4182755239656
16.2,101,25.3047125956111
16.25,101,25.5213459187103
16.3,101,24.5796959985894
16.35,101,25.8055156437474
16.4,101,22.0463337431297
16.45,101,22.1716730227516
16.5,101,21.2705784407619
16.55,101,22.9831628660773
16.6,101,21.5264307342896
16.65,101,22.2582571402842
16.7,101,22.6781013550711
16.75,101,23.2998435687656
16.8,101,19.0959945388208
16.85,101,19.3777818369018
16.9,101,16.606822112565
16.95,101,17.3848471733208
17,101,20.8823725596578
17.05,101,12.4101572144311
17.1,101,16.990091250537
17.15,101,15.0990915409538
17.2,101,16.114483655203
17.25,101,16.9726969021147
17.3,101,16.3261865535412
17.35,101,12.1854149567483
17.4,101,15.3866816521578
17.45,101,14.7232663725407
17.5,101,14.9161750912814
17.55,101,11.6790846464683
17.6,101,13.9481526549387
17.65,101,13.9129619945735
17.7,101,12.369401908943
17.75,101,10.5690130104624
17.8,101,11.3177776655756
17.85,101,12.8573531770354
17.9,101,13.1350545627104
17.95,101,11.3272688173247
18,101,7.89466060575018
18.05,101,11.2060559023629
18.1,101,12.7285130181024
18.15,101,12.1554109632136
18.2,101,11.8106576393281
18.25,101,12.6624380694987
18.3,101,10.0690589564295
18.35,101,7.17998981477956
18.4,101,10.8092974177417
18.45,101,9.67870417463313
18.5,101,4.72821071727482
18.55,101,9.53739472913887
18.6,101,10.3012370079745
18.65,101,8.55608699271907
18.7,101,10.9175846847517
18.75,101,9.47912618962359
18.8,101,6.85702733893995
18.85,101,9.35821250897887
18.9,101,5.62165913604887
18.95,101,6.77341355545634
19,101,6.86243271533194
13,101.05,14.5757497495184
13.05,101.05,12.4149620643701
13.1,101.05,11.3664560907876
13.15,101.05,15.5629588738557
13.2,101.05,15.0292980199196
13.25,101.05,11.5097920990197
13.3,101.05,18.8961902298761
13.35,101.05,19.8793799324688
13.4,101.05,20.4326940750757
13.45,101.05,17.2666297451018
13.5,101.05,18.3209409781698
13.55,101.05,20.6381597692125
13.6,101.05,25.3894104632546
13.65,101.05,21.1416433264688
13.7,101.05,22.6303316260651
13.75,101.05,26.6591906969621
13.8,101.05,25.1890535909685
13.85,101.05,28.5709882102226
13.9,101.05,30.8060601859271
13.95,101.05,29.8905695284797
14,101.05,31.3402222634952
14.05,101.05,31.5704392788624
14.1,101.05,32.5141382413729
14.15,101.05,31.900699767794
14.2,101.05,31.5998675432871
14.25,101.05,33.1132315303792
14.3,101.05,34.8108288537473
14.35,101.05,36.1591832869039
14.4,101.05,37.9167641034087
14.45,101.05,37.6082363094881
14.5,101.05,35.9932957121854
14.55,101.05,36.0028081930651
14.6,101.05,36.264914811327
14.65,101.05,36.9797575644975
14.7,101.05,36.2167708687964
14.75,101.05,39.815198388114
14.8,101.05,37.6616301541394
14.85,101.05,33.9801107161109
14.9,101.05,35.6862003654785
14.95,101.05,33.8902142908693
15,101.05,37.1460636036114
15.05,101.05,37.1133569000974
15.1,101.05,36.6555054831119
15.15,101.05,32.2817590105222
15.2,101.05,37.0789293300621
15.25,101.05,31.5973310504769
15.3,101.05,33.2526520023295
15.35,101.05,37.1471908862783
15.4,101.05,34.5383240460624
15.45,101.05,28.8444924777663
15.5,101.05,31.3341232730845
15.55,101.05,33.4290825142442
15.6,101.05,31.9126713712843
15.65,101.05,31.7908167356792
15.7,101.05,30.178140531366
15.75,101.05,26.5656448018014
15.8,101.05,29.7105336487643
15.85,101.05,29.5771625353687
15.9,101.05,29.8123972679085
15.95,101.05,26.2350495351457
16,101.05,29.4476936376765
16.05,101.05,27.329655212043
16.1,101.05,22.7536884394818
16.15,101.05,26.0131499374427
16.2,101.05,23.4347621001519
16.25,101.05,21.3975455423384
16.3,101.05,20.3306305320663
16.35,101.05,21.6133726588186
16.4,101.05,25.2326256692688
16.45,101.05,21.0160956048991
16.5,101.05,23.1039163221303
16.55,101.05,17.9318495934108
16.6,101.05,19.2329506450416
16.65,101.05,22.9409120974574
16.7,101.05,17.6831057359741
16.75,101.05,20.2832506264422
16.8,101.05,20.8847953618305
16.85,101.05,18.513599068049
16.9,101.05,16.8529239453311
16.95,101.05,16.6343586395546
17,101.05,18.8669889719268
17.05,101.05,16.1017424844704
17.1,101.05,14.3525949419816
17.15,101.05,16.5136938187756
17.2,101.05,13.943467314797
17.25,101.05,13.2231570337951
17.3,101.05,15.5581342947523
17.35,101.05,16.5009406164467
17.4,101.05,15.9423194214749
17.45,101.05,16.1506458865025
17.5,101.05,13.6881348903258
17.55,101.05,14.3611145296895
17.6,101.05,15.6811550050001
17.65,101.05,11.4869879926832
17.7,101.05,14.4017956591274
17.75,101.05,10.4202955187711
17.8,101.05,12.177947575623
17.85,101.05,12.6256546681354
17.9,101.05,13.9898902685373
17.95,101.05,13.0123672896045
18,101.05,10.0461512453394
18.05,101.05,11.2914570157182
18.1,101.05,6.92484588050632
18.15,101.05,8.46987525340381
18.2,101.05,8.07989578866109
18.25,101.05,12.0904693758864
18.3,101.05,10.6571564711246
18.35,101.05,9.04697021839907
18.4,101.05,7.46978203506103
18.45,101.05,10.6255152089193
18.5,101.05,10.3398527858383
18.55,101.05,9.13173358997399
18.6,101.05,12.0004916673414
18.65,101.05,10.2700552055247
18.7,101.05,5.54563928303164
18.75,101.05,11.0967818292762
18.8,101.05,7.6861771657002
18.85,101.05,9.62192561970624
18.9,101.05,8.63935067698983
18.95,101.05,10.6315110719795
19,101.05,11.6580510274733
13,101.1,13.8706391908171
13.05,101.1,15.1441217737251
13.1,101.1,14.8862827598598
13.15,101.1,16.3911687851321
13.2,101.1,18.225882598699
13.25,101.1,17.2724125784021
13.3,101.1,19.8408651919888
13.35,101.1,16.6341254555179
13.4,101.1,19.1378341759963
13.45,101.1,21.6732898154355
13.5,101.1,24.4587998250284
13.55,101.1,23.4729366973717
13.6,101.1,25.3696195513152
13.65,101.1,24.7446477373177
13.7,101.1,26.5384595052354
13.75,101.1,26.1995982958245
13.8,101.1,24.3253751860398
13.85,101.1,25.6705454522755
13.9,101.1,31.4335817037439
13.95,101.1,29.4825597786835
14,101.1,28.9369298540616
14.05,101.1,36.6309144774707
14.1,101.1,30.7047851122521
14.15,101.1,32.3038760194372
14.2,101.1,33.613557118023
14.25,101.1,31.8930425444224
14.3,101.1,35.3044644454006
14.35,101.1,36.2947260178265
14.4,101.1,35.8433293671538
14.45,101.1,32.6718675559819
14.5,101.1,39.2884051231105
14.55,101.1,35.9007300686346
14.6,101.1,39.1060685061622
14.65,101.1,36.7737768667016
14.7,101.1,33.9162508890303
14.75,101.1,37.8748912363404
14.8,101.1,38.2449756038982
14.85,101.1,37.9658116290922
14.9,101.1,36.8074066865736
14.95,101.1,35.880014561954
15,101.1,33.6022938323853
15.05,101.1,32.8700591552035
15.1,101.1,35.0394507792945
15.15,101.1,36.9174159321191
15.2,101.1,33.4123722768652
15.25,101.1,33.6871341163851
15.3,101.1,31.3511513753019
15.35,101.1,34.4641067889518
15.4,101.1,30.4219474233674
15.45,101.1,30.9361409090111
15.5,101.1,29.4921975075964
15.55,101.1,31.3934216831597
15.6,101.1,31.6050967814478
15.65,101.1,28.6367275340121
15.7,101.1,28.959976441048
15.75,101.1,31.8064565104159
15.8,101.1,28.9771873810683
15.85,101.1,27.2375352772865
15.9,101.1,29.1040964431032
15.95,101.1,30.2773462715907
16,101.1,24.7800091449665
16.05,101.1,22.9334525185452
16.1,101.1,23.4496841424194
16.15,101.1,22.6726412146743
16.2,101.1,24.1927390101556
16.25,101.1,23.5627584668529
16.3,101.1,20.9200006821364
16.35,101.1,20.4340100261001
16.4,101.1,17.9979654868281
16.45,101.1,19.9908462349973
16.5,101.1,22.1526901569568
16.55,101.1,20.1752892926168
16.6,101.1,17.7831669999364
16.65,101.1,19.6809994518312
16.7,101.1,23.1208290870236
16.75,101.1,18.0881402944592
16.8,101.1,20.0890586398413
16.85,101.1,19.8400312796943
16.9,101.1,16.9120786846272
16.95,101.1,11.268731052122
17,101.1,15.4131624175586
17.05,101.1,14.5906345134839
17.1,101.1,12.7886289167787
17.15,101.1,15.8946648315778
17.2,101.1,14.7367255066574
17.25,101.1,14.0245890381642
17.3,101.1,13.0469734511569
17.35,101.1,14.0120192507754
17.4,101.1,12.0199762063269
17.45,101.1,15.6089474424328
17.5,101.1,13.7443876883676
17.55,101.1,14.4809851232266
17.6,101.1,9.03458012778158
17.65,101.1,11.4148927784411
17.7,101.1,12.1444972231114
17.75,101.1,9.47548876454219
17.8,101.1,9.60716823347949
17.85,101.1,10.8597612947744
17.9,101.1,11.2841895190955
17.95,101.1,9.30839445952537
18,101.1,9.20079568479265
18.05,101.1,9.83901035593673
18.1,101.1,8.90382468358721
18.15,101.1,9.29355089868605
18.2,101.1,10.4727984243901
18.25,101.1,14.5610717281442
18.3,101.1,7.76945794437656
18.35,101.1,10.065507663381
18.4,101.1,7.92836564750896
18.45,101.1,7.35421473366566
18.5,101.1,11.4505850967303
18.55,101.1,9.50732392792929
18.6,101.1,9.15190236939624
18.65,101.1,7.64024213949944
18.7,101.1,8.19466146879403
18.75,101.1,9.50216913831281
18.8,101.1,10.4034474462299
18.85,101.1,10.0306574940525
18.9,101.1,9.76910575307745
18.95,101.1,9.93160005478432
19,101.1,7.92316246965652
13,101.15,16.7742827118999
13.05,101.15,18.1529963928858
13.1,101.15,18.5304398614737
13.15,101.15,16.1201746601176
13.2,101.15,16.0864270489254
13.25,101.15,17.2348019672122
13.3,101.15,18.1127225946344
13.35,101.15,21.1448128752426
13.4,101.15,16.854860214036
13.45,101.15,21.5197352668909
13.5,101.15,25.637521585829
13.55,101.15,23.5646310066876
13.6,101.15,22.5657247298751
13.65,101.15,22.9406092752487
13.7,101.15,22.8142578803385
13.75,101.15,26.838120830037
13.8,101.15,24.9002914898636
13.85,101.15,25.3483172836461
13.9,101.15,27.2528870742369
13.95,101.15,27.3648086233624
14,101.15,27.7620571218984
14.05,101.15,32.7171308873732
14.1,101.15,31.905819999018
14.15,101.15,33.9974414229331
14.2,101.15,30.6487736709439
14.25,101.15,30.8132958901588
14.3,101.15,33.1622440265021
14.35,101.15,39.1536335004761
14.4,101.15,32.0052228721174
14.45,101.15,35.7534705060201
14.5,101.15,34.3496756276165
14.55,101.15,34.5095466209838
14.6,101.15,36.5411388541549
14.65,101.15,34.1787163178974
14.7,101.15,36.0023656951438
14.75,101.15,33.2437364653546
14.8,101.15,32.6282310416196
14.85,101.15,36.3115230644522
14.9,101.15,35.7208010003756
14.95,101.15,36.745714732687
15,101.15,34.4144363246661
15.05,101.15,35.9866905197158
15.1,101.15,32.2092092500895
15.15,101.15,37.0860249903411
15.2,101.15,36.7572748024106
15.25,101.15,29.743500158949
15.3,101.15,32.7096824551159
15.35,101.15,36.6057254014483
15.4,101.15,29.3241288739502
15.45,101.15,31.3224011412201
15.5,101.15,33.7708152297797
15.55,101.15,29.6804435012731
15.6,101.15,26.2795185526272
15.65,101.15,31.752656205864
15.7,101.15,32.6084859717487
15.75,101.15,26.2562573656547
15.8,101.15,27.6690829613952
15.85,101.15,27.2664851613507
15.9,101.15,26.7672567738735
15.95,101.15,23.0836578383692
16,101.15,25.2659269890937
16.05,101.15,24.6412850409126
16.1,101.15,22.0050850997095
16.15,101.15,21.6287502323973
16.2,101.15,23.525322738396
16.25,101.15,20.4363879405081
16.3,101.15,20.3425250643428
16.35,101.15,22.5102664705485
16.4,101.15,20.5127838069803
16.45,101.15,20.2741494825626
16.5,101.15,22.2442673659782
16.55,101.15,18.2788992721044
16.6,101.15,19.3238840536759
16.65,101.15,18.3647665375879
16.7,101.15,15.8747543729778
16.75,101.15,16.1482895894715
16.8,101.15,19.3212727802108
16.85,101.15,16.109384568283
16.9,101.15,14.8982695078863
16.95,101.15,17.1997772401369
17,101.15,15.1500668751678
17.05,101.15,14.7590753381849
17.1,101.15,15.5066492510338
17.15,101.15,14.3873054028685
17.2,101.15,15.2514351167528
17.25,101.15,14.0337758045203
17.3,101.15,14.8267361573595
17.35,101.15,12.7161289817017
17.4,101.15,12.4721726191776
17.45,101.15,13.1795170642456
17.5,101.15,14.5848733789466
17.55,101.15,15.3027454031571
17.6,101.15,9.38361581042291
17.65,101.15,14.7770984032381
17.7,101.15,13.5065002114721
17.75,101.15,10.7029185411894
17.8,101.15,6.97797888363588
17.85,101.15,14.9274179436697
17.9,101.15,7.75109005122792
17.95,101.15,8.08514952760553
18,101.15,9.83186087360288
18.05,101.15,11.2819466020535
18.1,101.15,8.73902037480917
18.15,101.15,9.29778486538627
18.2,101.15,6.41285726208796
18.25,101.15,8.16961930226009
18.3,101.15,8.36982011707237
18.35,101.15,9.76849239235502
18.4,101.15,8.96906631679338
18.45,101.15,8.87707320930385
18.5,101.15,5.77837403822127
18.55,101.15,10.7438736088895
18.6,101.15,10.8688207807595
18.65,101.15,10.6171790225972
18.7,101.15,7.85746939659613
18.75,101.15,9.47129171200088
18.8,101.15,8.08336985343006
18.85,101.15,8.19420421237652
18.9,101.15,10.1433047997865
18.95,101.15,9.03755861726594
19,101.15,9.32580334764369
13,101.2,15.2174998759537
13.05,101.2,14.3680055087111
13.1,101.2,13.1962554167008
13.15,101.2,13.3755932900064
13.2,101.2,15.5211929202999
13.25,101.2,12.1597818059267
13.3,101.2,16.3652626352036
13.35,101.2,17.8710941190986
13.4,101.2,20.9752220106667
13.45,101.2,16.4451951814896
13.5,101.2,23.1663128437646
13.55,101.2,24.0008007324851
13.6,101.2,24.6074141804109
13.65,101.2,27.514446467989
13.7,101.2,27.2270352728575
13.75,101.2,24.6398840604628
13.8,101.2,26.5207651203241
13.85,101.2,24.9658467746905
13.9,101.2,29.6455446818541
13.95,101.2,27.6550229508868
14,101.2,26.9940625489497
14.05,101.2,29.0378077473981
14.1,101.2,29.2819138935791
14.15,101.2,31.9106976691885
14.2,101.2,31.7578253453619
14.25,101.2,32.0485086305484
14.3,101.2,30.3732014928041
14.35,101.2,31.2473015753178
14.4,101.2,34.1279027476632
14.45,101.2,38.1428130485339
14.5,101.2,33.6697731691259
14.55,101.2,31.1853849492271
14.6,101.2,33.9272243355264
14.65,101.2,36.7510853167445
14.7,101.2,36.1548726263497
14.75,101.2,32.1596601677207
14.8,101.2,32.9553602848281
14.85,101.2,34.5556156071005
14.9,101.2,33.1260532248591
14.95,101.2,32.6305637639919
15,101.2,33.1278023520071
15.05,101.2,32.4032067749527
15.1,101.2,32.8013587648083
15.15,101.2,33.9028034001544
15.2,101.2,31.6317389646965
15.25,101.2,31.3378252437985
15.3,101.2,32.5870170902511
15.35,101.2,30.4421743837059
15.4,101.2,31.9652398101123
15.45,101.2,29.8584777483957
15.5,101.2,27.1435696678144
15.55,101.2,27.8807586284371
15.6,101.2,29.8584980054437
15.65,101.2,26.2290937237097
15.7,101.2,26.6169102111152
15.75,101.2,28.3264519808417
15.8,101.2,23.3564635938422
15.85,101.2,22.9741965282941
15.9,101.2,25.0311536664679
15.95,101.2,23.7749152982578
16,101.2,26.8920145682081
16.05,101.2,25.7245504454006
16.1,101.2,21.6431301998183
16.15,101.2,20.1880391498858
16.2,101.2,23.0519154865016
16.25,101.2,21.4863543428084
16.3,101.2,18.0226209160503
16.35,101.2,18.6597927429859
16.4,101.2,19.5017103477171
16.45,101.2,22.0404957136191
16.5,101.2,14.4676804579648
16.55,101.2,18.8153654157564
16.6,101.2,18.4924497078171
16.65,101.2,19.0891045067541
16.7,101.2,19.2523262568245
16.75,101.2,17.5869061426159
16.8,101.2,13.7626528777926
16.85,101.2,16.1421721080747
16.9,101.2,15.1859115366725
16.95,101.2,12.2306749125775
17,101.2,16.0769144055231
17.05,101.2,14.7396479375078
17.1,101.2,16.1913940783508
17.15,101.2,15.3251527995818
17.2,101.2,15.4932373835241
17.25,101.2,11.4784084130964
17.3,101.2,12.4265168913906
17.35,101.2,12.2445044450885
17.4,101.2,14.1002741631202
17.45,101.2,19.8852054983231
17.5,101.2,11.6575240919279
17.55,101.2,13.5192334573301
17.6,101.2,10.7401104824176
17.65,101.2,12.2614944202391
17.7,101.2,11.298413983739
17.75,101.2,11.73501394763
17.8,101.2,8.26710383995885
17.85,101.2,15.3629205213248
17.9,101.2,8.69317401251998
17.95,101.2,9.74108881804199
18,101.2,12.0075113723074
18.05,101.2,11.0418587715291
18.1,101.2,10.3671167296529
18.15,101.2,11.8708812956327
18.2,101.2,9.71394604725067
18.25,101.2,11.6705418966399
18.3,101.2,11.474219091844
18.35,101.2,10.4169419099609
18.4,101.2,9.55882512691193
18.45,101.2,10.2242465293321
18.5,101.2,7.16691778938644
18.55,101.2,6.67878865617985
18.6,101.2,9.61327184798525
18.65,101.2,7.56158182494618
18.7,101.2,9.11535606451912
18.75,101.2,10.417048976268
18.8,101.2,10.5329263612864
18.85,101.2,9.18329364939587
18.9,101.2,12.6647291120448
18.95,101.2,9.87374089443239
19,101.2,6.1352678259584
13,101.25,11.0840661859913
13.05,101.25,15.655819498841
13.1,101.25,13.1724803427945
13.15,101.25,15.2052341985748
13.2,101.25,15.539430637362
13.25,101.25,17.5589324451432
13.3,101.25,16.2506151122472
13.35,101.25,20.2326891663379
13.4,101.25,17.9348043170924
13.45,101.25,20.0047118653803
13.5,101.25,22.1122906348402
13.55,101.25,23.0103019136776
13.6,101.25,25.811164258668
13.65,101.25,24.7701324134817
13.7,101.25,25.9682683775935
13.75,101.25,21.7004817718948
13.8,101.25,27.2680728557605
13.85,101.25,24.5931877015296
13.9,101.25,29.2639075738416
13.95,101.25,28.8072821029121
14,101.25,28.7335929036215
14.05,101.25,27.8482908867721
14.1,101.25,34.101997362201
14.15,101.25,31.0963312313494
14.2,101.25,34.2988974219023
14.25,101.25,35.1375048749675
14.3,101.25,31.3273701580505
14.35,101.25,29.1668357653347
14.4,101.25,34.0740924513015
14.45,101.25,33.0786465599853
14.5,101.25,34.7697227901361
14.55,101.25,30.651886429618
14.6,101.25,34.9962182629409
14.65,101.25,33.9173280022427
14.7,101.25,36.1289000694638
14.75,101.25,32.0083087469445
14.8,101.25,35.7288134557448
14.85,101.25,31.6240702579923
14.9,101.25,33.6049200086039
14.95,101.25,34.361759080408
15,101.25,33.2059564182504
15.05,101.25,32.3373168531725
15.1,101.25,34.0323884609758
15.15,101.25,31.0399882808092
15.2,101.25,29.7458348897022
15.25,101.25,31.1370527535058
15.3,101.25,30.9951243726451
15.35,101.25,28.3155470668176
15.4,101.25,29.5122389926693
15.45,101.25,31.7726376150555
15.5,101.25,33.4318046183429
15.55,101.25,27.7671760707779
15.6,101.25,25.6309362996354
15.65,101.25,24.9439499608465
15.7,101.25,24.0384287308094
15.75,101.25,24.5488229320167
15.8,101.25,25.9164569378349
15.85,101.25,23.1453402834803
15.9,101.25,24.1641021884072
15.95,101.25,24.7211227362924
16,101.25,22.193106981139
16.05,101.25,26.9508337329002
16.1,101.25,24.223940173257
16.15,101.25,23.8936390912467
16.2,101.25,18.3782253340122
16.25,101.25,20.3525171883384
16.3,101.25,20.4750299129468
16.35,101.25,23.1763474154314
16.4,101.25,20.2603268458541
16.45,101.25,15.9707626628522
16.5,101.25,16.8628925984898
16.55,101.25,16.9419867621221
16.6,101.25,17.8183449894578
16.65,101.25,14.908297215153
16.7,101.25,13.689193111438
16.75,101.25,16.2349596159746
16.8,101.25,15.3734476833075
16.85,101.25,15.127425136439
16.9,101.25,14.8367214632515
16.95,101.25,16.0422295043962
17,101.25,15.1404479103929
17.05,101.25,12.7681437666379
17.1,101.25,12.205049543954
17.15,101.25,13.5030707676775
17.2,101.25,14.1634367741312
17.25,101.25,13.6345067254148
17.3,101.25,10.0953488318628
17.35,101.25,12.6913422248689
17.4,101.25,13.9172823795351
17.45,101.25,8.276596818014
17.5,101.25,13.9538135897589
17.55,101.25,12.1606493658384
17.6,101.25,10.8770007437309
17.65,101.25,11.2727096507663
17.7,101.25,8.60233526890694
17.75,101.25,10.2399935872126
17.8,101.25,10.4739434802398
17.85,101.25,6.91530692872832
17.9,101.25,12.5117746709665
17.95,101.25,9.68620440555638
18,101.25,6.69865459434743
18.05,101.25,10.1065275651201
18.1,101.25,11.8875531317537
18.15,101.25,10.797201870524
18.2,101.25,9.56349931995079
18.25,101.25,9.12791967916853
18.3,101.25,9.47774086871754
18.35,101.25,11.9193537781466
18.4,101.25,8.36184143970769
18.45,101.25,6.15993229746313
18.5,101.25,11.3231658106937
18.55,101.25,13.414632592056
18.6,101.25,7.1062563386386
18.65,101.25,7.52435319625518
18.7,101.25,12.5214103380874
18.75,101.25,9.73749830832937
18.8,101.25,7.60374097213969
18.85,101.25,5.06230613094297
18.9,101.25,8.52091998924779
18.95,101.25,6.08721846810514
19,101.25,6.61235330645842
13,101.3,15.0456252325195
13.05,101.3,14.5483022814538
13.1,101.3,14.6011616358937
13.15,101.3,18.0788018125747
13.2,101.3,14.6881564431912
13.25,101.3,16.6271011921068
13.3,101.3,16.6704831702588
13.35,101.3,18.0236413032141
13.4,101.3,18.0603562881879
13.45,101.3,19.1670538442639
13.5,101.3,21.9776135274938
13.55,101.3,21.1237026275762
13.6,101.3,21.2493306064576
13.65,101.3,22.3419255519293
13.7,101.3,20.8885337816182
13.75,101.3,25.6041935473272
13.8,101.3,25.7414291873451
13.85,101.3,26.5431609783154
13.9,101.3,26.8594382874444
13.95,101.3,28.9798856215258
14,101.3,27.1115381541475
14.05,101.3,30.7193287777606
14.1,101.3,30.2857650950574
14.15,101.3,29.1668951225487
14.2,101.3,31.056825195618
14.25,101.3,32.2877726223625
14.3,101.3,32.1744288462404
14.35,101.3,31.3173698835483
14.4,101.3,32.8014546368844
14.45,101.3,30.8005312630062
14.5,101.3,34.1242543927596
14.55,101.3,31.9595027623372
14.6,101.3,33.9955629418507
14.65,101.3,33.6431549139593
14.7,101.3,33.3965194815994
14.75,101.3,33.7529310322634
14.8,101.3,34.4382979756909
14.85,101.3,34.1928515646735
14.9,101.3,32.9141761270434
14.95,101.3,30.4149893818171
15,101.3,32.3936372680048
15.05,101.3,33.4133027038602
15.1,101.3,29.7014699336525
15.15,101.3,31.2523541488807
15.2,101.3,32.9884187941167
15.25,101.3,34.875006102732
15.3,101.3,30.1634990771891
15.35,101.3,29.4821459882804
15.4,101.3,32.3238456832753
15.45,101.3,23.9786506531126
15.5,101.3,24.5149591646502
15.55,101.3,27.3488513481544
15.6,101.3,29.2806856820948
15.65,101.3,26.3184593334636
15.7,101.3,25.5793764743409
15.75,101.3,26.5313721278493
15.8,101.3,25.1514809035933
15.85,101.3,23.6570489722201
15.9,101.3,22.4011345403823
15.95,101.3,23.3580991914162
16,101.3,21.3162244131739
16.05,101.3,20.2481564553818
16.1,101.3,18.4716930450549
16.15,101.3,17.7763668981212
16.2,101.3,20.7452291128391
16.25,101.3,18.5754042435624
16.3,101.3,18.932456585015
16.35,101.3,18.617733809233
16.4,101.3,17.6597555694294
16.45,101.3,16.7808335831333
16.5,101.3,18.8633562024184
16.55,101.3,17.8867944538929
16.6,101.3,14.863329556424
16.65,101.3,16.0762909073819
16.7,101.3,15.23727466619
16.75,101.3,16.4553766600495
16.8,101.3,15.2470968740786
16.85,101.3,15.8460617559389
16.9,101.3,13.7182052557997
16.95,101.3,14.030079695733
17,101.3,14.4367565863315
17.05,101.3,13.4017663156138
17.1,101.3,10.5591011489586
17.15,101.3,13.784022532552
17.2,101.3,14.3094764094576
17.25,101.3,16.1613748663194
17.3,101.3,11.0535529858107
17.35,101.3,10.3402900606517
17.4,101.3,8.9949711575803
17.45,101.3,16.080416850904
17.5,101.3,9.60873429325823
17.55,101.3,10.1215310335696
17.6,101.3,10.0565517351672
17.65,101.3,9.271844148231
17.7,101.3,10.9582798378218
17.75,101.3,11.6486431979618
17.8,101.3,7.99036227747325
17.85,101.3,10.0934080019468
17.9,101.3,10.5303551010264
17.95,101.3,9.97521055708284
18,101.3,11.0749905547409
18.05,101.3,9.00806007749749
18.1,101.3,11.4544850506135
18.15,101.3,10.7097986447212
18.2,101.3,10.8266688639208
18.25,101.3,4.87297544616902
18.3,101.3,7.74569667748211
18.35,101.3,6.18516322291115
18.4,101.3,11.1779828393528
18.45,101.3,11.6738599544218
18.5,101.3,9.43041968714464
18.55,101.3,8.23460101925824
18.6,101.3,9.31412629242722
18.65,101.3,8.80917030354773
18.7,101.3,9.68647536212166
18.75,101.3,7.00196794234707
18.8,101.3,8.98591905857629
18.85,101.3,9.949224801836
18.9,101.3,8.31176355189833
18.95,101.3,6.93504533039862
19,101.3,7.20814972328063
13,101.35,14.9957060271701
13.05,101.35,15.8190111469656
13.1,101.35,15.1710712415155
13.15,101.35,12.4423747108275
13.2,101.35,13.8144191716634
13.25,101.35,14.2818306812862
13.3,101.35,17.0431058077445
13.35,101.35,19.8574854872433
13.4,101.35,17.7411871994614
13.45,101.35,17.4578936813404
13.5,101.35,17.8942025715291
13.55,101.35,25.7505780302432
13.6,101.35,22.5512106736478
13.65,101.35,21.4604567832017
13.7,101.35,23.6843004533035
13.75,101.35,27.1072080628901
13.8,101.35,23.3137068718561
13.85,101.35,24.8199084649574
13.9,101.35,24.3523686045983
13.95,101.35,27.9744420952438
14,101.35,26.845045736564
14.05,101.35,30.6836903306812
14.1,101.35,28.3422066275933
14.15,101.35,29.5793815910787
14.2,101.35,30.0624130895787
14.25,101.35,27.8621728589269
14.3,101.35,29.8513846842996
14.35,101.35,28.088970850589
14.4,101.35,35.3803979624768
14.45,101.35,33.5398099583913
14.5,101.35,32.4147093241455
14.55,101.35,34.6319710022713
14.6,101.35,33.8177451964743
14.65,101.35,32.2150779192874
14.7,101.35,33.5400700374247
14.75,101.35,31.9512946916723
14.8,101.35,32.6205134763346
14.85,101.35,33.0964737032649
14.9,101.35,32.6015452162671
14.95,101.35,28.837575432596
15,101.35,32.8738632230754
15.05,101.35,30.8562577788196
15.1,101.35,32.7523818257473
15.15,101.35,32.2100510161464
15.2,101.35,30.1558834952056
15.25,101.35,29.2227931613288
15.3,101.35,29.4758064337803
15.35,101.35,29.8776018264979
15.4,101.35,27.6828089493898
15.45,101.35,27.1261516488346
15.5,101.35,28.6144893641358
15.55,101.35,28.1007608782288
15.6,101.35,25.8345015711304
15.65,101.35,23.5349617315205
15.7,101.35,25.7465488624103
15.75,101.35,23.8179100032052
15.8,101.35,24.9245865236994
15.85,101.35,22.7575785438591
15.9,101.35,22.0229461615326
15.95,101.35,21.8109006906451
16,101.35,23.1196791370514
16.05,101.35,20.0955267228554
16.1,101.35,21.0163842406035
16.15,101.35,23.0359894671996
16.2,101.35,17.2855457820756
16.25,101.35,17.215333490206
16.3,101.35,18.398551613146
16.35,101.35,16.3353782465594
16.4,101.35,16.8853490480671
16.45,101.35,22.0033702603757
16.5,101.35,16.0093589421227
16.55,101.35,16.6878582454428
16.6,101.35,19.6479451162021
16.65,101.35,16.4477839018527
16.7,101.35,13.2609522045562
16.75,101.35,12.4515600986547
16.8,101.35,11.3215752947859
16.85,101.35,12.1026936219192
16.9,101.35,14.939106619136
16.95,101.35,15.5886605638533
17,101.35,14.2036852887577
17.05,101.35,14.2700008112718
17.1,101.35,13.051002428467
17.15,101.35,14.077327668268
17.2,101.35,12.2420453357607
17.25,101.35,12.3177500832816
17.3,101.35,9.33977014454872
17.35,101.35,12.2004838528123
17.4,101.35,13.2173028791129
17.45,101.35,14.0409128708274
17.5,101.35,8.59409569159156
17.55,101.35,11.9247069971282
17.6,101.35,10.9017253639181
17.65,101.35,13.9343838982664
17.7,101.35,9.70389809570944
17.75,101.35,10.8651384340635
17.8,101.35,12.7049290091515
17.85,101.35,8.45182210764726
17.9,101.35,9.00196059029474
17.95,101.35,7.43090735498547
18,101.35,10.5838514280168
18.05,101.35,9.19161965473072
18.1,101.35,8.55958333471625
18.15,101.35,10.3099480380414
18.2,101.35,4.63423848388488
18.25,101.35,11.8325056145034
18.3,101.35,11.686154399985
18.35,101.35,9.74999785418288
18.4,101.35,6.70545319238672
18.45,101.35,6.56954148113622
18.5,101.35,6.38355301672694
18.55,101.35,9.56463551138745
18.6,101.35,10.5662577816056
18.65,101.35,6.47774633054188
18.7,101.35,10.0877782032308
18.75,101.35,9.8155008103194
18.8,101.35,8.02991035246213
18.85,101.35,8.52784285041344
18.9,101.35,10.8816813142287
18.95,101.35,9.04770782674951
19,101.35,6.63271972385531
13,101.4,13.1801355749515
13.05,101.4,13.6710194642522
13.1,101.4,14.736376400013
13.15,101.4,10.6145070493746
13.2,101.4,16.3278761746466
13.25,101.4,15.3485614810239
13.3,101.4,17.8213983213323
13.35,101.4,19.0806392335407
13.4,101.4,14.4302369135904
13.45,101.4,19.1445387611388
13.5,101.4,20.7133742736908
13.55,101.4,17.9970212110643
13.6,101.4,23.6359676144528
13.65,101.4,23.8673568490488
13.7,101.4,22.2286492371489
13.75,101.4,22.0470915379748
13.8,101.4,21.714066321325
13.85,101.4,20.29102890643
13.9,101.4,24.715824719493
13.95,101.4,27.8473536075252
14,101.4,28.3798822515316
14.05,101.4,27.8707885636751
14.1,101.4,27.685934561601
14.15,101.4,25.2056480181679
14.2,101.4,29.1345302607628
14.25,101.4,32.0471082250823
14.3,101.4,31.443334046936
14.35,101.4,30.336922131688
14.4,101.4,32.6690568066759
14.45,101.4,27.7624607558229
14.5,101.4,30.5045410022174
14.55,101.4,33.1680278289808
14.6,101.4,31.1966939743813
14.65,101.4,31.9771331322363
14.7,101.4,32.3412577792367
14.75,101.4,29.9041490006351
14.8,101.4,29.7031594846057
14.85,101.4,32.452765237132
14.9,101.4,30.6444863197047
14.95,101.4,32.2488533502679
15,101.4,30.0522805398057
15.05,101.4,29.4998407512326
15.1,101.4,29.2712200456208
15.15,101.4,30.1849125662401
15.2,101.4,27.2793621757351
15.25,101.4,31.7997197960115
15.3,101.4,27.8569648973269
15.35,101.4,29.637225395275
15.4,101.4,33.4226235410623
15.45,101.4,27.1406547296444
15.5,101.4,27.1362781155905
15.55,101.4,22.8506374717914
15.6,101.4,25.9097890318274
15.65,101.4,24.5190572221933
15.7,101.4,23.0259168460967
15.75,101.4,20.6676078308922
15.8,101.4,24.9962943431736
15.85,101.4,21.1170307803255
15.9,101.4,21.9696727151964
15.95,101.4,16.7149656611166
16,101.4,23.117308326387
16.05,101.4,20.1581393110731
16.1,101.4,20.401709461532
16.15,101.4,17.5136926638579
16.2,101.4,16.4869582291084
16.25,101.4,17.7598600418302
16.3,101.4,17.0931270107333
16.35,101.4,20.9455064882612
16.4,101.4,15.4919721016209
16.45,101.4,13.1174826032479
16.5,101.4,17.6182430674216
16.55,101.4,15.7592709944582
16.6,101.4,11.3411482296998
16.65,101.4,15.9138959334215
16.7,101.4,14.5056737694024
16.75,101.4,13.3109163234056
16.8,101.4,14.9171014496979
16.85,101.4,13.3361622579427
16.9,101.4,15.2119776600429
16.95,101.4,14.3677967139279
17,101.4,13.0945721945058
17.05,101.4,14.5812058867982
17.1,101.4,10.4670209666263
17.15,101.4,12.8941930512635
17.2,101.4,11.1010701678374
17.25,101.4,9.87154768710704
17.3,101.4,12.421077141333
17.35,101.4,8.72873010741528
17.4,101.4,6.43388482182998
17.45,101.4,8.22614353260673
17.5,101.4,7.32906467312068
17.55,101.4,11.6566014694157
17.6,101.4,13.5991423012366
17.65,101.4,13.4403915435344
17.7,101.4,10.6866037690448
17.75,101.4,10.2312749414693
17.8,101.4,8.22023041025301
17.85,101.4,13.4594191140282
17.9,101.4,6.54121451734207
17.95,101.4,11.4869585519662
18,101.4,12.1554561549013
18.05,101.4,10.5038469752389
18.1,101.4,12.7795800820162
18.15,101.4,5.78671353721106
18.2,101.4,11.8732422233
18.25,101.4,9.19167224116739
18.3,101.4,11.2532543181164
18.35,101.4,5.08921204249922
18.4,101.4,7.29756921896494
18.45,101.4,10.0685157005285
18.5,101.4,6.53057502663324
18.55,101.4,7.27679172136591
18.6,101.4,8.46623967529154
18.65,101.4,9.28573106342456
18.7,101.4,8.20420025022463
18.75,101.4,9.1692737739204
18.8,101.4,12.0708073549321
18.85,101.4,9.70339397793603
18.9,101.4,12.5133839933668
18.95,101.4,7.92772688691583
19,101.4,8.66105765493985
13,101.45,10.5128329221795
13.05,101.45,10.7584714065195
13.1,101.45,14.5720124506522
13.15,101.45,16.3367869517422
13.2,101.45,15.382348984346
13.25,101.45,17.1395438098878
13.3,101.45,16.0830021468643
13.35,101.45,16.1290366922922
13.4,101.45,18.4276208690565
13.45,101.45,15.134832476795
13.5,101.45,18.4098331156341
13.55,101.45,22.1884650650716
13.6,101.45,21.7123145896905
13.65,101.45,22.6317798987978
13.7,101.45,24.0472692497156
13.75,101.45,23.3615380036131
13.8,101.45,23.7660399589237
13.85,101.45,27.2063661696203
13.9,101.45,23.5259740365913
13.95,101.45,26.2353652397458
14,101.45,25.2155085756581
14.05,101.45,28.6646042419012
14.1,101.45,27.2977699414145
14.15,101.45,33.0474613406172
14.2,101.45,28.2755405930208
14.25,101.45,24.7429215988195
14.3,101.45,30.5295154349684
14.35,101.45,29.4205039043032
14.4,101.45,35.2315217483225
14.45,101.45,26.3103680022184
14.5,101.45,31.9310702860285
14.55,101.45,27.2092183240317
14.6,101.45,30.6733435139644
14.65,101.45,32.0692067214498
14.7,101.45,29.8839326368554
14.75,101.45,30.8528937326885
14.8,101.45,32.7777116812236
14.85,101.45,30.369283337625
14.9,101.45,32.6026229472473
14.95,101.45,31.6045392812235
15,101.45,30.0878652658904
15.05,101.45,29.0681081376393
15.1,101.45,31.1196269339235
15.15,101.45,30.1653661464616
15.2,101.45,30.7596792441325
15.25,101.45,27.4280680990328
15.3,101.45,28.0928702381854
15.35,101.45,25.6752226280641
15.4,101.45,22.4688451795854
15.45,101.45,27.3631799270037
15.5,101.45,24.8312215929071
15.55,101.45,26.8318804889561
15.6,101.45,26.6352035837786
15.65,101.45,23.7326439912051
15.7,101.45,21.6429657864973
15.75,101.45,21.3129848466359
15.8,101.45,20.3555850879125
15.85,101.45,19.5501244961243
15.9,101.45,18.1918282562431
15.95,101.45,22.5777253539594
16,101.45,16.048734787887
16.05,101.45,20.1219034952751
16.1,101.45,18.3358589281459
16.15,101.45,15.7298377913696
16.2,101.45,18.7494795969252
16.25,101.45,17.909617928568
16.3,101.45,17.25265863519
16.35,101.45,16.7793451116783
16.4,101.45,20.0241879249671
16.45,101.45,12.0974658594415
16.5,101.45,12.6960613331812
16.55,101.45,14.205957454425
16.6,101.45,10.6894691095643
16.65,101.45,14.8434183784554
16.7,101.45,15.916933433871
16.75,101.45,14.1384841185745
16.8,101.45,14.3118023373049
16.85,101.45,14.8855261124449
16.9,101.45,13.9159810085482
16.95,101.45,14.7359526223954
17,101.45,14.3591881323358
17.05,101.45,9.75605701388679
17.1,101.45,8.89243165640757
17.15,101.45,10.0961128895023
17.2,101.45,9.85078740747294
17.25,101.45,9.49214342082207
17.3,101.45,8.24708667665947
17.35,101.45,8.584374332805
17.4,101.45,7.40261006743532
17.45,101.45,10.2485155519353
17.5,101.45,11.8345519096099
17.55,101.45,10.5401045617692
17.6,101.45,8.86607127237921
17.65,101.45,10.7517282174746
17.7,101.45,11.5499125121891
17.75,101.45,11.1702095490707
17.8,101.45,10.3794596580466
17.85,101.45,13.7288746741954
17.9,101.45,8.25054025119728
17.95,101.45,5.2587003039906
18,101.45,14.5437978126483
18.05,101.45,10.358947247037
18.1,101.45,7.69199346417151
18.15,101.45,7.09011045172766
18.2,101.45,11.2961052682565
18.25,101.45,11.4777227209187
18.3,101.45,11.0152653857143
18.35,101.45,7.85530066638153
18.4,101.45,7.56288329592107
18.45,101.45,9.78894770027661
18.5,101.45,6.82699539262898
18.55,101.45,9.45508850399691
18.6,101.45,10.0242637528237
18.65,101.45,8.69373792326786
18.7,101.45,4.34883103143235
18.75,101.45,6.37993014730931
18.8,101.45,13.1946496461117
18.85,101.45,10.080988352932
18.9,101.45,6.21668536337843
18.95,101.45,7.59384107236266
19,101.45,7.48872104110077
13,101.5,11.4883770354451
13.05,101.5,13.3553099019826
13.1,101.5,16.9525290983239
13.15,101.5,17.7237236683415
13.2,101.5,16.1284357627114
13.25,101.5,15.9269127778471
13.3,101.5,17.9090930473736
13.35,101.5,20.4240015045645
13.4,101.5,15.8245780354924
13.45,101.5,18.9755501631799
13.5,101.5,15.8398164261359
13.55,101.5,18.8629837920926
13.6,101.5,19.1207905185968
13.65,101.5,20.8937885404991
13.7,101.5,21.7876985183461
13.75,101.5,21.028215884157
13.8,101.5,23.5231285704007
13.85,101.5,26.3167633374279
13.9,101.5,25.5268739635431
13.95,101.5,23.225359449099
14,101.5,25.4383468130019
14.05,101.5,24.5491383575893
14.1,101.5,28.267117490731
14.15,101.5,30.7601836409004
14.2,101.5,32.8582099033314
14.25,101.5,28.2896276617475
14.3,101.5,24.7184487333812
14.35,101.5,29.5416297390117
14.4,101.5,28.2071754835949
14.45,101.5,29.9687816374063
14.5,101.5,31.5010786146773
14.55,101.5,29.8236839607913
14.6,101.5,30.4315192725294
14.65,101.5,27.1596903089929
14.7,101.5,29.0565914538121
14.75,101.5,30.4502980877241
14.8,101.5,29.0820139432721
14.85,101.5,28.8103712591948
14.9,101.5,28.6504597016271
14.95,101.5,29.1937119474175
15,101.5,26.0827521264293
15.05,101.5,26.791885046953
15.1,101.5,26.9773799304909
15.15,101.5,26.3890357301802
15.2,101.5,26.1455410207982
15.25,101.5,22.88690580233
15.3,101.5,27.9204376123094
15.35,101.5,25.7918254468418
15.4,101.5,24.9983299701882
15.45,101.5,24.6013053643623
15.5,101.5,25.2622303794401
15.55,101.5,21.846104203149
15.6,101.5,22.8481851862639
15.65,101.5,17.7959077830138
15.7,101.5,23.2008861820965
15.75,101.5,20.1513336121089
15.8,101.5,22.5335960453122
15.85,101.5,22.2180963527306
15.9,101.5,13.3877929897557
15.95,101.5,20.6379920777547
16,101.5,20.9231136265036
16.05,101.5,21.1800177411991
16.1,101.5,15.9750201009109
16.15,101.5,16.935027719061
16.2,101.5,17.7369504479126
16.25,101.5,17.0105652392405
16.3,101.5,17.6402288661496
16.35,101.5,16.7969348545113
16.4,101.5,20.045475449646
16.45,101.5,17.4207722676999
16.5,101.5,11.8564016065751
16.55,101.5,14.3393443762501
16.6,101.5,10.660208198358
16.65,101.5,15.7814840518754
16.7,101.5,15.3729311090607
16.75,101.5,9.34845154509087
16.8,101.5,10.2755343362742
16.85,101.5,12.2420385841242
16.9,101.5,15.6746341863136
16.95,101.5,14.3929360659699
17,101.5,10.5307672544093
17.05,101.5,9.17214631668737
17.1,101.5,13.7406024674669
17.15,101.5,13.7241871724261
17.2,101.5,9.79960635482194
17.25,101.5,14.44077991743
17.3,101.5,11.5533286374788
17.35,101.5,9.51830150590522
17.4,101.5,7.54846568799043
17.45,101.5,6.96422598779046
17.5,101.5,10.141559154974
17.55,101.5,5.85238659465295
17.6,101.5,12.1406068490461
17.65,101.5,13.4871615697338
17.7,101.5,10.3362037935942
17.75,101.5,9.78109758301798
17.8,101.5,6.09064117133196
17.85,101.5,11.2209872300154
17.9,101.5,10.170778289382
17.95,101.5,8.44054887677062
18,101.5,8.79796366285557
18.05,101.5,8.43675897525562
18.1,101.5,8.38027501543905
18.15,101.5,8.83842526169815
18.2,101.5,7.96226767613642
18.25,101.5,8.82200974788663
18.3,101.5,8.916123395286
18.35,101.5,9.0197032997275
18.4,101.5,6.15341358144915
18.45,101.5,6.36330642887003
18.5,101.5,10.4492658036491
18.55,101.5,12.2369893320243
18.6,101.5,8.61598885248494
18.65,101.5,7.28482540109546
18.7,101.5,5.69512859246722
18.75,101.5,8.23123111683866
18.8,101.5,7.55962539118136
18.85,101.5,7.13630488241562
18.9,101.5,7.31217337335771
18.95,101.5,9.1611081737819
19,101.5,7.79395091351812
13,101.55,12.923918863479
13.05,101.55,11.5280632992218
13.1,101.55,16.1824541575123
13.15,101.55,13.2216165860644
13.2,101.55,12.7352244205328
13.25,101.55,18.4984704956592
13.3,101.55,12.3356868634972
13.35,101.55,11.4984159128943
13.4,101.55,17.693217461892
13.45,101.55,19.6265658290198
13.5,101.55,15.524385457573
13.55,101.55,18.1699898477795
13.6,101.55,17.614103039973
13.65,101.55,17.4634184932638
13.7,101.55,18.4483286346296
13.75,101.55,24.078118729772
13.8,101.55,20.8619235734951
13.85,101.55,25.116576166724
13.9,101.55,25.081981657217
13.95,101.55,22.8128191291637
14,101.55,23.8027433046967
14.05,101.55,23.6108480807873
14.1,101.55,27.5547902329473
14.15,101.55,27.637484887235
14.2,101.55,29.8107643037735
14.25,101.55,29.5898013721965
14.3,101.55,27.6079012803148
14.35,101.55,26.4628986048398
14.4,101.55,25.3592305478978
14.45,101.55,30.5882491221983
14.5,101.55,24.6456329012417
14.55,101.55,31.5437791122437
14.6,101.55,27.3514914164897
14.65,101.55,29.6731553645194
14.7,101.55,27.0535880519463
14.75,101.55,27.0808966968805
14.8,101.55,27.4695946198013
14.85,101.55,30.3606744834911
14.9,101.55,29.0401124828802
14.95,101.55,26.6389636921493
15,101.55,28.2057410228391
15.05,101.55,28.9237663464766
15.1,101.55,28.6388441692721
15.15,101.55,26.5689575107292
15.2,101.55,27.5068325080857
15.25,101.55,24.904559739325
15.3,101.55,23.5067347547802
15.35,101.55,24.3054038044143
15.4,101.55,24.8527947894274
15.45,101.55,23.9085210941759
15.5,101.55,23.6585738053998
15.55,101.55,20.9076207867138
15.6,101.55,23.1274137792515
15.65,101.55,20.7752438439655
15.7,101.55,19.3007877613238
15.75,101.55,22.6329361722335
15.8,101.55,20.1186190114874
15.85,101.55,20.2173651507723
15.9,101.55,18.904817704262
15.95,101.55,23.0883072510171
16,101.55,18.2140819743032
16.05,101.55,18.3353277150326
16.1,101.55,16.0319254875089
16.15,101.55,16.4376071713784
16.2,101.55,15.3370428145451
16.25,101.55,16.9853794468172
16.3,101.55,17.161782575676
16.35,101.55,12.1875749530365
16.4,101.55,14.7060900061554
16.45,101.55,15.6716949017403
16.5,101.55,17.8922953368514
16.55,101.55,15.3707798421673
16.6,101.55,10.5206318281151
16.65,101.55,15.9014606453949
16.7,101.55,12.1909185526568
16.75,101.55,12.0937850804254
16.8,101.55,11.4862969173
16.85,101.55,10.2270013917984
16.9,101.55,12.8623163778332
16.95,101.55,12.9592900267533
17,101.55,15.7938168157995
17.05,101.55,11.9099377653004
17.1,101.55,12.726336099858
17.15,101.55,11.0071811854198
17.2,101.55,9.49540098661104
17.25,101.55,7.64873362040655
17.3,101.55,12.7588913930101
17.35,101.55,12.3318310900967
17.4,101.55,13.1189496136715
17.45,101.55,10.3048989444088
17.5,101.55,7.55956887276778
17.55,101.55,10.5369041126152
17.6,101.55,8.23116888776166
17.65,101.55,9.25244765369754
17.7,101.55,8.38187410361592
17.75,101.55,11.8274867544507
17.8,101.55,9.5562403245566
17.85,101.55,6.2566749911378
17.9,101.55,9.57919820424243
17.95,101.55,8.02280899871601
18,101.55,12.1017305289968
18.05,101.55,10.1605438274618
18.1,101.55,9.13505581700891
18.15,101.55,8.06718635072026
18.2,101.55,9.72736249588959
18.25,101.55,6.33192980766394
18.3,101.55,9.2173267240598
18.35,101.55,4.8873886409531
18.4,101.55,7.39420889529209
18.45,101.55,10.8706597998703
18.5,101.55,7.29186381722544
18.55,101.55,6.81389587049813
18.6,101.55,8.49816572964063
18.65,101.55,11.8378427154791
18.7,101.55,6.728660136971
18.75,101.55,9.56763008817203
18.8,101.55,9.53762160848655
18.85,101.55,8.80351706580865
18.9,101.55,9.33806620053189
18.95,101.55,11.5142664053362
19,101.55,6.68943174692507
13,101.6,11.2320871875023
13.05,101.6,14.9708922387751
13.1,101.6,10.3620981077622
13.15,101.6,13.7610258529679
13.2,101.6,14.4944640631721
13.25,101.6,12.8075877371621
13.3,101.6,15.8776040187852
13.35,101.6,16.2242456155447
13.4,101.6,18.6686644846424
13.45,101.6,14.8784214790899
13.5,101.6,15.8349512791578
13.55,101.6,15.8320091277154
13.6,101.6,22.6571740072962
13.65,101.6,21.3688039043089
13.7,101.6,22.5769266345731
13.75,101.6,18.7778153638939
13.8,101.6,22.2611859546544
13.85,101.6,19.3127399736954
13.9,101.6,18.3725764241327
13.95,101.6,24.0196356981613
14,101.6,24.4643014691133
14.05,101.6,24.0061796008705
14.1,101.6,22.6048775320944
14.15,101.6,26.0706405669082
14.2,101.6,26.0057959048758
14.25,101.6,25.868048420981
14.3,101.6,26.3999071644517
14.35,101.6,28.1583532330668
14.4,101.6,23.3934420071524
14.45,101.6,24.3670908068677
14.5,101.6,32.1707291739242
14.55,101.6,28.0902147100878
14.6,101.6,26.9461292392461
14.65,101.6,27.2697711609198
14.7,101.6,26.3383025533962
14.75,101.6,32.5248058409883
14.8,101.6,25.5644269156716
14.85,101.6,30.2311274777507
14.9,101.6,25.8715839056755
14.95,101.6,23.0629884746547
15,101.6,29.6845753217611
15.05,101.6,24.7652773879081
15.1,101.6,28.768713816444
15.15,101.6,27.2835791479319
15.2,101.6,26.7980437400785
15.25,101.6,26.5301925209867
15.3,101.6,26.2234418829953
15.35,101.6,23.7775244843258
15.4,101.6,23.1246692525933
15.45,101.6,21.6955489909146
15.5,101.6,23.9024148688204
15.55,101.6,22.6927234257979
15.6,101.6,24.5227066133965
15.65,101.6,21.2705717522885
15.7,101.6,17.9477616953526
15.75,101.6,19.692827441177
15.8,101.6,23.4607201044397
15.85,101.6,18.2375793179759
15.9,101.6,16.8267096807474
15.95,101.6,18.3619133738756
16,101.6,19.8085854226329
16.05,101.6,15.6961181555431
16.1,101.6,14.6248670375916
16.15,101.6,13.6520927101792
16.2,101.6,15.893647720605
16.25,101.6,15.8853073502082
16.3,101.6,18.3399484177185
16.35,101.6,15.4458378336359
16.4,101.6,13.850039004623
16.45,101.6,13.5258397054609
16.5,101.6,17.8199655526781
16.55,101.6,12.9061081419051
16.6,101.6,14.0385748778094
16.65,101.6,10.8238121064929
16.7,101.6,11.7605983541195
16.75,101.6,11.9716545109967
16.8,101.6,8.77941293221807
16.85,101.6,10.335849077633
16.9,101.6,15.7950288406818
16.95,101.6,10.1218176126878
17,101.6,9.74513824935299
17.05,101.6,12.373934966606
17.1,101.6,7.26018900782234
17.15,101.6,12.5417933788979
17.2,101.6,7.55681499216869
17.25,101.6,9.84042956953729
17.3,101.6,8.78977511797404
17.35,101.6,9.73662125355483
17.4,101.6,8.997749937898
17.45,101.6,9.53050320156595
17.5,101.6,8.63174747924329
17.55,101.6,10.7521438827478
17.6,101.6,8.84281888108078
17.65,101.6,9.41713771360967
17.7,101.6,9.22631112082393
17.75,101.6,9.22202433463694
17.8,101.6,11.8432992268081
17.85,101.6,5.99625373381526
17.9,101.6,5.49308938952766
17.95,101.6,9.93051914722347
18,101.6,11.6647755942639
18.05,101.6,7.82815165064591
18.1,101.6,8.23617625768685
18.15,101.6,11.0700689434667
18.2,101.6,8.42989484308231
18.25,101.6,4.67946644716915
18.3,101.6,7.60490139953553
18.35,101.6,7.8428304920181
18.4,101.6,6.3423073230621
18.45,101.6,11.4695444346781
18.5,101.6,8.47688205790177
18.55,101.6,9.95185630188438
18.6,101.6,7.18788711586328
18.65,101.6,9.3239890241988
18.7,101.6,8.57144920181167
18.75,101.6,4.97599892775395
18.8,101.6,5.01174690305271
18.85,101.6,10.157073953361
18.9,101.6,5.51489233192958
18.95,101.6,7.80618954401028
19,101.6,9.23272158368203
13,101.65,11.1696929597096
13.05,101.65,11.0874316789953
13.1,101.65,14.3871375068921
13.15,101.65,14.014863985913
13.2,101.65,13.1907162243852
13.25,101.65,14.5322482459342
13.3,101.65,15.6666355559705
13.35,101.65,14.1533611960623
13.4,101.65,15.521131624482
13.45,101.65,16.2493288205514
13.5,101.65,15.653038485759
13.55,101.65,20.3125915172295
13.6,101.65,15.9952843240236
13.65,101.65,21.0051231351543
13.7,101.65,19.2453123021034
13.75,101.65,17.8224861685106
13.8,101.65,21.7155029322501
13.85,101.65,23.1254991394088
13.9,101.65,25.4511894645807
13.95,101.65,22.095613974685
14,101.65,22.5215965602877
14.05,101.65,24.2482112438144
14.1,101.65,26.6299052515474
14.15,101.65,23.5443254693824
14.2,101.65,26.0486323385461
14.25,101.65,24.627733997479
14.3,101.65,25.8279980209034
14.35,101.65,27.2022642856745
14.4,101.65,27.2924652764183
14.45,101.65,26.9382996173462
14.5,101.65,24.478981520271
14.55,101.65,25.7111961741752
14.6,101.65,27.0744506277398
14.65,101.65,25.7323202794277
14.7,101.65,27.2607418754045
14.75,101.65,27.2216138476001
14.8,101.65,25.0330619494876
14.85,101.65,26.5682697690305
14.9,101.65,26.4401202565106
14.95,101.65,28.2421243611692
15,101.65,24.5199549093736
15.05,101.65,25.3198679553609
15.1,101.65,27.2719517910532
15.15,101.65,24.5938979257772
15.2,101.65,22.563210272218
15.25,101.65,23.4968992588678
15.3,101.65,18.7510423985842
15.35,101.65,24.6311250178019
15.4,101.65,23.3930955850019
15.45,101.65,21.9714529745755
15.5,101.65,21.4900939789326
15.55,101.65,17.6839477950702
15.6,101.65,17.8283500502954
15.65,101.65,17.3581378666224
15.7,101.65,18.1378352091366
15.75,101.65,19.893070253014
15.8,101.65,19.7940834302512
15.85,101.65,15.9447060695458
15.9,101.65,15.0661529517806
15.95,101.65,18.7303945781657
16,101.65,19.1391180822893
16.05,101.65,15.2510641266435
16.1,101.65,17.6359570065529
16.15,101.65,14.2310940960579
16.2,101.65,17.1248853068743
16.25,101.65,15.767611524023
16.3,101.65,16.12385697648
16.35,101.65,13.282511143695
16.4,101.65,10.8282345010187
16.45,101.65,12.6347489442277
16.5,101.65,12.2874590713048
16.55,101.65,12.1987189394793
16.6,101.65,15.4803300110822
16.65,101.65,14.1995932766375
16.7,101.65,12.4550788863293
16.75,101.65,14.6537378753089
16.8,101.65,11.2685657113715
16.85,101.65,13.8980893147658
16.9,101.65,11.9429261080953
16.95,101.65,7.01674041477274
17,101.65,10.4593100045023
17.05,101.65,10.6744190115084
17.1,101.65,10.0253437981059
17.15,101.65,7.27193326844955
17.2,101.65,9.70521564981379
17.25,101.65,9.8946223538094
17.3,101.65,11.2549602309151
17.35,101.65,7.29253020426906
17.4,101.65,7.48769695028131
17.45,101.65,10.7828692102098
17.5,101.65,9.13072173650608
17.55,101.65,12.0704175303803
17.6,101.65,6.90074908434529
17.65,101.65,11.5735970544422
17.7,101.65,7.22051540559594
17.75,101.65,9.82087398196067
17.8,101.65,10.6248358158111
17.85,101.65,9.21987344970734
17.9,101.65,10.0305187148596
17.95,101.65,5.93935349484254
18,101.65,9.57731799166248
18.05,101.65,6.88672230965033
18.1,101.65,9.19966810903792
18.15,101.65,12.6096909338384
18.2,101.65,8.2409722695017
18.25,101.65,8.09159911952985
18.3,101.65,6.21710061126417
18.35,101.65,9.98509665659216
18.4,101.65,7.74956239504589
18.45,101.65,8.9175592701785
18.5,101.65,5.77620417380856
18.55,101.65,5.58300200431979
18.6,101.65,8.79661997108246
18.65,101.65,11.1366094167507
18.7,101.65,8.29348849827802
18.75,101.65,7.55545187109309
18.8,101.65,3.03640926847313
18.85,101.65,6.16554452250001
18.9,101.65,12.4861495635281
18.95,101.65,4.87065765707972
19,101.65,6.61298026980759
13,101.7,5.50739149726654
13.05,101.7,14.7282461536209
13.1,101.7,12.2304714544296
13.15,101.7,10.3889665078183
13.2,101.7,12.630514843821
13.25,101.7,11.4125570095776
13.3,101.7,13.0605946267215
13.35,101.7,12.452524190747
13.4,101.7,13.7254778255738
13.45,101.7,14.7089792390921
13.5,101.7,17.6027969137105
13.55,101.7,20.9947935732767
13.6,101.7,19.3592872060558
13.65,101.7,18.7297724980437
13.7,101.7,16.6987365697485
13.75,101.7,17.3632782674775
13.8,101.7,23.8948819604024
13.85,101.7,24.3977664580191
13.9,101.7,19.9977836865308
13.95,101.7,19.2217142055137
14,101.7,23.3491911472122
14.05,101.7,19.7862846795758
14.1,101.7,23.5017720141053
14.15,101.7,23.1322539307907
14.2,101.7,20.349096166321
14.25,101.7,24.4557285369501
14.3,101.7,22.6991694980074
14.35,101.7,23.074676145199
14.4,101.7,25.9138269408606
14.45,101.7,22.3473038084413
14.5,101.7,25.3364127755818
14.55,101.7,25.3293437329381
14.6,101.7,23.0187798060502
14.65,101.7,28.4698994467955
14.7,101.7,28.1400818769199
14.75,101.7,27.9529459338571
14.8,101.7,25.6991762562632
14.85,101.7,27.0646589159619
14.9,101.7,25.0564904169604
14.95,101.7,22.9868217744774
15,101.7,25.157090812847
15.05,101.7,25.9674893046518
15.1,101.7,24.4590776314811
15.15,101.7,20.9878911419508
15.2,101.7,21.9821634839833
15.25,101.7,21.0723732932112
15.3,101.7,20.1265405246472
15.35,101.7,16.5151600882243
15.4,101.7,21.6434788458424
15.45,101.7,19.4530507797287
15.5,101.7,22.6001652069375
15.55,101.7,17.3252828813189
15.6,101.7,22.9503688778369
15.65,101.7,19.0350710324591
15.7,101.7,18.1576911736315
15.75,101.7,17.4008509065108
15.8,101.7,18.7984962709699
15.85,101.7,18.2059628024222
15.9,101.7,16.88409916804
15.95,101.7,17.5723028322607
16,101.7,18.4968476297227
16.05,101.7,14.4990907377451
16.1,101.7,14.1165835458961
16.15,101.7,16.7282728623979
16.2,101.7,14.0033336410387
16.25,101.7,14.563942018418
16.3,101.7,17.3457547510021
16.35,101.7,11.2723945771763
16.4,101.7,14.9991246857975
16.45,101.7,15.8321912490219
16.5,101.7,10.5031726403198
16.55,101.7,11.7847322523204
16.6,101.7,13.667509680288
16.65,101.7,9.10165330523854
16.7,101.7,13.3702449061015
16.75,101.7,10.3776494632329
16.8,101.7,10.4899853324701
16.85,101.7,7.15601255188235
16.9,101.7,12.2919170356823
16.95,101.7,8.2094521833007
17,101.7,10.6517984458895
17.05,101.7,8.52931040755965
17.1,101.7,10.5691177852766
17.15,101.7,13.420078031307
17.2,101.7,9.19543267771457
17.25,101.7,8.99836173253624
17.3,101.7,8.32151593069594
17.35,101.7,10.0568828986873
17.4,101.7,8.00414887269458
17.45,101.7,8.40952806174655
17.5,101.7,10.3440412676192
17.55,101.7,12.0250799886083
17.6,101.7,9.8221477858448
17.65,101.7,11.7392205702723
17.7,101.7,10.4279441795904
17.75,101.7,11.9738884698958
17.8,101.7,7.22515398052549
17.85,101.7,6.42422802232633
17.9,101.7,7.53200779318983
17.95,101.7,7.69024013308921
18,101.7,8.28605889252772
18.05,101.7,8.06825714066007
18.1,101.7,8.84052641164022
18.15,101.7,10.9468163762517
18.2,101.7,7.76115533108881
18.25,101.7,11.1206127279575
18.3,101.7,6.92379420146613
18.35,101.7,9.19227825652784
18.4,101.7,11.4087947856414
18.45,101.7,10.0250055125868
18.5,101.7,9.43302664540112
18.55,101.7,8.51156851769012
18.6,101.7,10.3182449651042
18.65,101.7,11.5848328641043
18.7,101.7,5.99973863382114
18.75,101.7,7.62405836948455
18.8,101.7,7.27132164883239
18.85,101.7,8.22685107726573
18.9,101.7,5.59819864472546
18.95,101.7,4.71135407366319
19,101.7,6.70591613987654
13,101.75,12.2183786430577
13.05,101.75,12.3401944777804
13.1,101.75,13.2134071282214
13.15,101.75,13.4612961122259
13.2,101.75,7.38990566177891
13.25,101.75,14.0521524776734
13.3,101.75,14.8237758045396
13.35,101.75,16.1731943791458
13.4,101.75,18.7569780354232
13.45,101.75,14.9054267998062
13.5,101.75,13.781080299064
13.55,101.75,17.348789449318
13.6,101.75,18.8415292396483
13.65,101.75,16.7512556477546
13.7,101.75,18.1530138666065
13.75,101.75,18.5690427132104
13.8,101.75,21.6804687223948
13.85,101.75,19.5771142406868
13.9,101.75,19.5751653414181
13.95,101.75,18.1358488324991
14,101.75,20.0511893498754
14.05,101.75,19.5290619619658
14.1,101.75,24.865577969257
14.15,101.75,20.2300357283063
14.2,101.75,23.8451501285885
14.25,101.75,22.8311849327715
14.3,101.75,21.9127067830156
14.35,101.75,24.5635716327726
14.4,101.75,23.1126982710493
14.45,101.75,22.5848919051575
14.5,101.75,23.6752224320569
14.55,101.75,21.4263505030822
14.6,101.75,24.8043960541512
14.65,101.75,22.9615827244094
14.7,101.75,22.947358812913
14.75,101.75,25.0860433323146
14.8,101.75,25.1691850318195
14.85,101.75,26.992754096773
14.9,101.75,22.3097174651311
14.95,101.75,22.965790664531
15,101.75,21.9626299492206
15.05,101.75,25.636417483442
15.1,101.75,24.1933570657559
15.15,101.75,27.2074239334096
15.2,101.75,22.8865552280264
15.25,101.75,20.8492409009856
15.3,101.75,21.1244032127865
15.35,101.75,23.658951247118
15.4,101.75,26.3419160105951
15.45,101.75,18.1059143762474
15.5,101.75,17.4346327530951
15.55,101.75,18.9021075942124
15.6,101.75,19.4974899756587
15.65,101.75,18.190726033675
15.7,101.75,18.5796324045168
15.75,101.75,18.4304627723389
15.8,101.75,15.4757797282127
15.85,101.75,17.7752182744573
15.9,101.75,11.7797645501747
15.95,101.75,14.995598131394
16,101.75,13.3682606978766
16.05,101.75,14.9580551384328
16.1,101.75,13.4774282157687
16.15,101.75,17.819536247378
16.2,101.75,10.5248066638138
16.25,101.75,9.5530188465005
16.3,101.75,12.2904599063767
16.35,101.75,10.9107973999426
16.4,101.75,14.2103711012421
16.45,101.75,12.9217176190896
16.5,101.75,10.2621224175965
16.55,101.75,11.6968685264335
16.6,101.75,11.9567559470403
16.65,101.75,7.45608741474653
16.7,101.75,15.9395587694501
16.75,101.75,15.3604515211266
16.8,101.75,8.37531610452256
16.85,101.75,11.6545267416289
16.9,101.75,9.50225100771371
16.95,101.75,8.25223674106412
17,101.75,8.63850299828908
17.05,101.75,8.56546031776005
17.1,101.75,9.09300982550141
17.15,101.75,13.2038090749059
17.2,101.75,8.64411125043255
17.25,101.75,7.34030440649447
17.3,101.75,7.22401645449818
17.35,101.75,9.30377383038535
17.4,101.75,9.04565685825658
17.45,101.75,9.37507196523249
17.5,101.75,7.20793214480836
17.55,101.75,10.8876027846677
17.6,101.75,8.62254003577362
17.65,101.75,9.25586279216683
17.7,101.75,8.01051334157878
17.75,101.75,5.85154175570252
17.8,101.75,13.0902813671935
17.85,101.75,3.71562702288997
17.9,101.75,8.97350795413261
17.95,101.75,12.0266767577161
18,101.75,7.30356830064323
18.05,101.75,5.10332718886419
18.1,101.75,5.06500517124841
18.15,101.75,6.88217378408333
18.2,101.75,8.81967849600411
18.25,101.75,5.84755770617844
18.3,101.75,10.881620759726
18.35,101.75,6.80512783009276
18.4,101.75,7.77378645429126
18.45,101.75,7.06758582442119
18.5,101.75,7.41428031425741
18.55,101.75,6.43005330948748
18.6,101.75,7.47701817562419
18.65,101.75,6.88281079887567
18.7,101.75,12.4930179692481
18.75,101.75,8.50352228130308
18.8,101.75,7.88488690203964
18.85,101.75,7.91184968204352
18.9,101.75,7.21636584673034
18.95,101.75,9.05346366184946
19,101.75,9.05007481192802
13,101.8,9.94274091981007
13.05,101.8,13.5985782650586
13.1,101.8,10.9075558712518
13.15,101.8,13.1302850464753
13.2,101.8,10.1300455258613
13.25,101.8,12.5808504494608
13.3,101.8,15.5690884388407
13.35,101.8,12.8918690292386
13.4,101.8,11.858199300248
13.45,101.8,14.656289157997
13.5,101.8,14.9185079781052
13.55,101.8,17.4089014629574
13.6,101.8,16.45908015186
13.65,101.8,16.4027718779598
13.7,101.8,14.8135231788591
13.75,101.8,17.2407093751522
13.8,101.8,15.9655404024636
13.85,101.8,19.3650245441779
13.9,101.8,17.3594865813741
13.95,101.8,20.4085282151495
14,101.8,20.5986133841639
14.05,101.8,25.3800105138672
14.1,101.8,21.4983816627492
14.15,101.8,24.3884400461606
14.2,101.8,23.5588143753351
14.25,101.8,24.2791721096862
14.3,101.8,27.2049291622303
14.35,101.8,25.1190766812125
14.4,101.8,24.7347803459761
14.45,101.8,20.0745510882292
14.5,101.8,21.9437702006974
14.55,101.8,24.8743915897711
14.6,101.8,27.0314190878706
14.65,101.8,19.2963286180572
14.7,101.8,22.7587545114651
14.75,101.8,25.4962623097401
14.8,101.8,21.7327298936133
14.85,101.8,22.9588597789365
14.9,101.8,21.713027233723
14.95,101.8,25.5496289713153
15,101.8,21.2455584706249
15.05,101.8,22.3631634137912
15.1,101.8,21.9156401159022
15.15,101.8,22.4127914022816
15.2,101.8,17.8303454008434
15.25,101.8,22.0288327528247
15.3,101.8,21.5546158863009
15.35,101.8,20.4147753929869
15.4,101.8,20.0753555642631
15.45,101.8,19.8790970960279
15.5,101.8,22.0491191495997
15.55,101.8,19.0612965658194
15.6,101.8,19.977097351308
15.65,101.8,16.3508271265438
15.7,101.8,15.7924280593199
15.75,101.8,15.2148400405401
15.8,101.8,15.4666872930396
15.85,101.8,15.0782725314215
15.9,101.8,9.98290240093082
15.95,101.8,8.79183704515419
16,101.8,17.1117477144704
16.05,101.8,11.7089241772391
16.1,101.8,12.6554282960853
16.15,101.8,11.2863717780829
16.2,101.8,9.65441818167746
16.25,101.8,12.2743347974845
16.3,101.8,11.6330909335999
16.35,101.8,11.0526258860402
16.4,101.8,11.3410238931499
16.45,101.8,9.8544362537143
16.5,101.8,13.0001604474164
16.55,101.8,10.884346422623
16.6,101.8,13.5133328182622
16.65,101.8,9.93678917108952
16.7,101.8,5.0179017505402
16.75,101.8,9.41061769865833
16.8,101.8,13.30994836559
16.85,101.8,11.4818979138901
16.9,101.8,7.33209022986099
16.95,101.8,8.02276915370711
17,101.8,8.00185461232072
17.05,101.8,11.1271063134024
17.1,101.8,7.21465361561062
17.15,101.8,8.53827942882461
17.2,101.8,9.11718448172853
17.25,101.8,10.0115408279426
17.3,101.8,6.42169978242442
17.35,101.8,8.23871995269127
17.4,101.8,10.7430086822308
17.45,101.8,8.95432560324766
17.5,101.8,13.2293875827542
17.55,101.8,8.86031160349181
17.6,101.8,7.72531479608192
17.65,101.8,10.0951376570152
17.7,101.8,10.1650986708882
17.75,101.8,7.6832006990429
17.8,101.8,12.1918939204279
17.85,101.8,10.2830966937538
17.9,101.8,7.56461521858292
17.95,101.8,10.453305925346
18,101.8,4.95198144570423
18.05,101.8,8.66770283378945
18.1,101.8,9.58368559424324
18.15,101.8,9.87827302677741
18.2,101.8,8.47210711485945
18.25,101.8,11.0513333602759
18.3,101.8,7.32248297212322
18.35,101.8,4.50623447885922
18.4,101.8,10.6681882612524
18.45,101.8,9.28812309354198
18.5,101.8,8.66841074382824
18.55,101.8,9.42551669876803
18.6,101.8,10.4829086780099
18.65,101.8,10.7351680485032
18.7,101.8,8.90031083106061
18.75,101.8,8.35065816392098
18.8,101.8,6.81944543295522
18.85,101.8,8.34142382148376
18.9,101.8,10.7738615276819
18.95,101.8,10.520660706255
19,101.8,10.4259244069538
13,101.85,11.9058440096326
13.05,101.85,13.071368673749
13.1,101.85,13.0608779322953
13.15,101.85,12.1356510511808
13.2,101.85,11.2053110895707
13.25,101.85,11.2928200056516
13.3,101.85,13.1260390472367
13.35,101.85,12.1400657011031
13.4,101.85,12.1180641536609
13.45,101.85,13.5355881028648
13.5,101.85,15.2358631603553
13.55,101.85,18.0800310238807
13.6,101.85,18.6863293728732
13.65,101.85,19.4657498098548
13.7,101.85,18.762065399901
13.75,101.85,17.3913850153374
13.8,101.85,19.0391506840438
13.85,101.85,20.5752580410519
13.9,101.85,17.7978504819427
13.95,101.85,19.3559477940054
14,101.85,19.3100319383981
14.05,101.85,18.6467147210502
14.1,101.85,19.3068187841438
14.15,101.85,19.7214163406226
14.2,101.85,23.3820868205887
14.25,101.85,20.3426322904991
14.3,101.85,24.1019101572547
14.35,101.85,19.2233709213
14.4,101.85,19.5058556021948
14.45,101.85,25.0995059469301
14.5,101.85,25.659677237879
14.55,101.85,19.3807199544505
14.6,101.85,22.8602496435381
14.65,101.85,21.1316021965205
14.7,101.85,20.1952591193899
14.75,101.85,23.2906376125721
14.8,101.85,19.5254625670137
14.85,101.85,18.731000838504
14.9,101.85,24.7438720209518
14.95,101.85,19.3301505331736
15,101.85,21.9561811184889
15.05,101.85,19.1852825115257
15.1,101.85,18.8159042835306
15.15,101.85,21.0735298889079
15.2,101.85,20.7538624969315
15.25,101.85,20.2031051868368
15.3,101.85,18.9997473471235
15.35,101.85,15.1015485400637
15.4,101.85,19.5976204648895
15.45,101.85,20.737465566042
15.5,101.85,15.1265939943258
15.55,101.85,20.5959266487702
15.6,101.85,17.4675118444596
15.65,101.85,16.3777797294384
15.7,101.85,16.8230997813414
15.75,101.85,14.9492764875996
15.8,101.85,14.5821432997775
15.85,101.85,15.1526467033343
15.9,101.85,15.7308616382639
15.95,101.85,14.0185441119414
16,101.85,12.9555237514352
16.05,101.85,14.2905117586167
16.1,101.85,11.5864402782399
16.15,101.85,13.6685698855804
16.2,101.85,10.3255268261611
16.25,101.85,11.8147969011342
16.3,101.85,12.1997801000087
16.35,101.85,12.734136455106
16.4,101.85,10.9878681618174
16.45,101.85,7.99150230067765
16.5,101.85,7.03389124090704
16.55,101.85,13.1068288524855
16.6,101.85,14.3353857970486
16.65,101.85,10.5699279713887
16.7,101.85,12.8048402400269
16.75,101.85,13.9347182275482
16.8,101.85,11.1440415060694
16.85,101.85,10.0658636918355
16.9,101.85,10.5871851460821
16.95,101.85,7.63509057240043
17,101.85,10.8563747952055
17.05,101.85,8.44131936318477
17.1,101.85,5.17900059239247
17.15,101.85,10.7647074727096
17.2,101.85,12.4246832559907
17.25,101.85,8.67849789944368
17.3,101.85,9.63666839769447
17.35,101.85,10.7501274216426
17.4,101.85,9.55737134066396
17.45,101.85,8.51927379946326
17.5,101.85,9.12432456242628
17.55,101.85,6.69555767982721
17.6,101.85,10.9266890198626
17.65,101.85,7.41415571089731
17.7,101.85,5.44961759242841
17.75,101.85,6.96960208040256
17.8,101.85,8.01751916219757
17.85,101.85,6.52260809626536
17.9,101.85,7.86449149444689
17.95,101.85,10.284911685341
18,101.85,7.46957573932417
18.05,101.85,5.56780958179135
18.1,101.85,8.86080022584689
18.15,101.85,6.48965211005846
18.2,101.85,6.87508622422228
18.25,101.85,10.6315207732211
18.3,101.85,8.10970860445025
18.35,101.85,5.69101606494801
18.4,101.85,9.77431424522604
18.45,101.85,6.4893974515224
18.5,101.85,11.1281570038351
18.55,101.85,7.53907569782193
18.6,101.85,6.81660996358877
18.65,101.85,7.75134183097211
18.7,101.85,7.05312241175315
18.75,101.85,10.4404366201243
18.8,101.85,8.83139945055557
18.85,101.85,7.80907245163643
18.9,101.85,5.30310192957186
18.95,101.85,8.94828614157599
19,101.85,7.33822330532715
13,101.9,6.25217849477739
13.05,101.9,12.7411542620761
13.1,101.9,8.39103503452057
13.15,101.9,10.1239769082232
13.2,101.9,8.87311002962726
13.25,101.9,12.9549322614876
13.3,101.9,10.3845613741101
13.35,101.9,10.9427907375618
13.4,101.9,13.7363599517688
13.45,101.9,11.8743016581888
13.5,101.9,16.0352757233028
13.55,101.9,18.2557383548846
13.6,101.9,11.7697022811576
13.65,101.9,12.8841470369983
13.7,101.9,16.8951607352878
13.75,101.9,18.8620351591346
13.8,101.9,16.4577997577115
13.85,101.9,18.7608615384285
13.9,101.9,20.8646791614222
13.95,101.9,19.3037827263033
14,101.9,18.5038129382714
14.05,101.9,20.9639818515105
14.1,101.9,21.3337677191096
14.15,101.9,21.1702680738173
14.2,101.9,16.8406118048347
14.25,101.9,20.6495602729416
14.3,101.9,22.8386947685375
14.35,101.9,20.8591807705736
14.4,101.9,22.786166215387
14.45,101.9,21.2800468855317
14.5,101.9,20.7346708129878
14.55,101.9,18.7056163722299
14.6,101.9,19.5968480301156
14.65,101.9,20.7080766543228
14.7,101.9,18.9109288299547
14.75,101.9,22.7138163289893
14.8,101.9,25.0676513762035
14.85,101.9,21.9201498518428
14.9,101.9,22.2448022711258
14.95,101.9,17.8452593883956
15,101.9,21.8516827380791
15.05,101.9,18.8477783052734
15.1,101.9,15.6011019878423
15.15,101.9,16.8229427493223
15.2,101.9,21.794923952587
15.25,101.9,16.6589267382306
15.3,101.9,17.7657310325441
15.35,101.9,17.309191100136
15.4,101.9,18.231570959898
15.45,101.9,15.0769366593065
15.5,101.9,16.4561127633835
15.55,101.9,15.5157909312895
15.6,101.9,13.2840344648363
15.65,101.9,14.8976695220676
15.7,101.9,16.2004415793699
15.75,101.9,13.2951755547489
15.8,101.9,15.4365124541741
15.85,101.9,16.0570966659809
15.9,101.9,12.1356456993142
15.95,101.9,12.7781138619024
16,101.9,15.4571791183095
16.05,101.9,14.1795942708647
16.1,101.9,15.8184726069625
16.15,101.9,10.4398060883303
16.2,101.9,12.1642651205495
16.25,101.9,16.5702012451999
16.3,101.9,9.152137814727
16.35,101.9,11.1621165455012
16.4,101.9,12.7000677950554
16.45,101.9,12.9992353388957
16.5,101.9,12.3216159792875
16.55,101.9,9.57831688428238
16.6,101.9,9.94424187715208
16.65,101.9,11.2014161789416
16.7,101.9,10.6840549206149
16.75,101.9,10.3930751692877
16.8,101.9,12.7207020371293
16.85,101.9,5.38162234850882
16.9,101.9,9.15718337773648
16.95,101.9,8.28074941338861
17,101.9,5.41603109791458
17.05,101.9,9.66373654107578
17.1,101.9,8.41026380471453
17.15,101.9,7.36182388362349
17.2,101.9,6.97055706796902
17.25,101.9,4.61052055454038
17.3,101.9,8.41289177489337
17.35,101.9,7.31947480721134
17.4,101.9,10.0788534164437
17.45,101.9,3.94090710792646
17.5,101.9,11.5972184383546
17.55,101.9,8.52337040649451
17.6,101.9,10.0288601165933
17.65,101.9,9.26116149950912
17.7,101.9,8.82377071529034
17.75,101.9,4.17921272329107
17.8,101.9,9.54229868063264
17.85,101.9,5.75465105230324
17.9,101.9,8.60331686355303
17.95,101.9,9.64529033742456
18,101.9,5.11196211911128
18.05,101.9,9.27299785341754
18.1,101.9,7.80137733701598
18.15,101.9,7.22651802176339
18.2,101.9,6.72824180442784
18.25,101.9,10.3709291582934
18.3,101.9,2.50066986421018
18.35,101.9,7.94896347973601
18.4,101.9,11.2284551178855
18.45,101.9,8.88083324703807
18.5,101.9,6.40357566311851
18.55,101.9,8.78156471516172
18.6,101.9,6.70847170831387
18.65,101.9,5.16257817616917
18.7,101.9,10.2653543253299
18.75,101.9,6.33624471366986
18.8,101.9,10.0130274292828
18.85,101.9,9.09476798835944
18.9,101.9,6.77824726115415
18.95,101.9,10.658232954358
19,101.9,10.81645379178
13,101.95,9.71701934235304
13.05,101.95,10.6321830600957
13.1,101.95,8.89431485335448
13.15,101.95,14.2400666539887
13.2,101.95,16.6271024812006
13.25,101.95,11.089345648261
13.3,101.95,8.62094743859432
13.35,101.95,12.4197016544459
13.4,101.95,15.1764400460452
13.45,101.95,15.5627723639407
13.5,101.95,15.9647927612455
13.55,101.95,15.7444041432722
13.6,101.95,12.5915684979864
13.65,101.95,13.2819216491248
13.7,101.95,15.9403979904731
13.75,101.95,17.3896400725305
13.8,101.95,18.5560087265307
13.85,101.95,11.4886787078862
13.9,101.95,16.0740925118339
13.95,101.95,13.028241932551
14,101.95,18.061724449046
14.05,101.95,18.7770338599281
14.1,101.95,18.7522389264239
14.15,101.95,20.1599962900883
14.2,101.95,19.5360644379513
14.25,101.95,20.1835719159498
14.3,101.95,19.4260812376942
14.35,101.95,17.1454023518932
14.4,101.95,22.2155519740742
14.45,101.95,18.3074456467162
14.5,101.95,23.4917555834859
14.55,101.95,23.8914324653628
14.6,101.95,22.2819101638093
14.65,101.95,22.3671727127475
14.7,101.95,20.84278298038
14.75,101.95,26.8200048338849
14.8,101.95,20.749940267698
14.85,101.95,19.6307003510399
14.9,101.95,20.7219483229845
14.95,101.95,16.501439053756
15,101.95,15.6123152415644
15.05,101.95,20.2237563224315
15.1,101.95,21.2678564832326
15.15,101.95,18.5845240853426
15.2,101.95,18.5675954967474
15.25,101.95,19.2439611277436
15.3,101.95,19.0862855127835
15.35,101.95,21.1661799400333
15.4,101.95,16.9586492660003
15.45,101.95,15.2386737576023
15.5,101.95,19.7426708904281
15.55,101.95,15.6095127603985
15.6,101.95,15.87693815114
15.65,101.95,13.4153166791195
15.7,101.95,15.9741716034625
15.75,101.95,14.8912709132986
15.8,101.95,16.4072560413628
15.85,101.95,14.8330980775668
15.9,101.95,10.260362685299
15.95,101.95,14.049238716886
16,101.95,14.6294162516799
16.05,101.95,9.33916786546717
16.1,101.95,12.164814702588
16.15,101.95,13.1090933272607
16.2,101.95,14.4324974531963
16.25,101.95,10.2496497644757
16.3,101.95,9.20101522854116
16.35,101.95,11.0739363648001
16.4,101.95,14.5931364034799
16.45,101.95,11.9529726152235
16.5,101.95,15.3647137024931
16.55,101.95,8.37764837123392
16.6,101.95,7.77423356895156
16.65,101.95,10.1085631125488
16.7,101.95,6.06218001560813
16.75,101.95,13.1739190066951
16.8,101.95,11.38485551156
16.85,101.95,8.87614802537028
16.9,101.95,10.5194723547427
16.95,101.95,11.4541478266416
17,101.95,12.1848519971519
17.05,101.95,10.0365801311407
17.1,101.95,8.56765186684764
17.15,101.95,8.69736435191367
17.2,101.95,9.64248379968993
17.25,101.95,9.80307599320421
17.3,101.95,10.3049753283264
17.35,101.95,7.49056385793095
17.4,101.95,9.3920569820941
17.45,101.95,8.71720291530617
17.5,101.95,10.8386189935199
17.55,101.95,8.59041149185502
17.6,101.95,8.52003008748979
17.65,101.95,7.32657682518923
17.7,101.95,8.93871443167673
17.75,101.95,11.2424957918035
17.8,101.95,8.24377009462594
17.85,101.95,8.93109381635686
17.9,101.95,8.05406745614954
17.95,101.95,8.49273122100188
18,101.95,8.00180420757557
18.05,101.95,6.79127202308261
18.1,101.95,7.92111975294844
18.15,101.95,8.81913156143221
18.2,101.95,7.22019849117069
18.25,101.95,6.70939736171079
18.3,101.95,11.2059416560215
18.35,101.95,8.4916090802005
18.4,101.95,8.94275661161093
18.45,101.95,8.22687455316454
18.5,101.95,7.91490311773933
18.55,101.95,8.89983462275632
18.6,101.95,6.32655472792435
18.65,101.95,8.39051793065609
18.7,101.95,5.67869210229893
18.75,101.95,9.60879953176932
18.8,101.95,5.75759889078556
18.85,101.95,9.44884751533554
18.9,101.95,8.10535437710273
18.95,101.95,7.44129654918719
19,101.95,6.81425177094519
13,102,11.9006214366017
13.05,102,6.96241669038741
13.1,102,7.33321240911026
13.15,102,10.3510051525729
13.2,102,11.4132581361791
13.25,102,9.99370812328771
13.3,102,14.7457953446014
13.35,102,10.2337002653619
13.4,102,15.2838054447642
13.45,102,16.4406477511664
13.5,102,14.2230463539248
13.55,102,13.8010393109081
13.6,102,17.3318774043371
13.65,102,17.2795583669253
13.7,102,16.1292452042018
13.75,102,15.0635333595523
13.8,102,18.4723858515407
13.85,102,14.7740490536736
13.9,102,16.7876699672955
13.95,102,16.743552111634
14,102,18.1618866044227
14.05,102,15.4278790356856
14.1,102,21.2706570785637
14.15,102,17.1895457566334
14.2,102,14.8823953960299
14.25,102,18.3036644138262
14.3,102,19.5299409076379
14.35,102,19.7222975833641
14.4,102,17.3915726580119
14.45,102,16.3332172907501
14.5,102,21.2358718766538
14.55,102,19.6854083407281
14.6,102,17.5916278607529
14.65,102,16.3377836135491
14.7,102,18.1334977456702
14.75,102,15.925948066758
14.8,102,22.0917473777759
14.85,102,18.2505627510455
14.9,102,18.4636011041772
14.95,102,19.8927751662821
15,102,17.5502486732764
15.05,102,17.5155713512023
15.1,102,16.5414114515539
15.15,102,20.4073569641023
15.2,102,15.4990931014394
15.25,102,17.8847044624707
15.3,102,16.8641879203633
15.35,102,14.5050436097204
15.4,102,18.4229822167387
15.45,102,19.9339266033955
15.5,102,18.045808461386
15.55,102,14.5939932213824
15.6,102,12.9400552914403
15.65,102,11.9605543611722
15.7,102,14.5167948202987
15.75,102,17.1569953672598
15.8,102,18.0376076052197
15.85,102,12.4061837326914
15.9,102,14.6782283690471
15.95,102,15.2590407598814
16,102,14.3130805068664
16.05,102,12.884704032452
16.1,102,10.7421292328366
16.15,102,11.1889530238148
16.2,102,8.52537217110468
16.25,102,11.4981839140082
16.3,102,9.10417047146566
16.35,102,12.0976264078728
16.4,102,11.430650096222
16.45,102,8.36782895942645
16.5,102,9.86175153983448
16.55,102,12.5209466258164
16.6,102,11.8778973583926
16.65,102,11.9716859949371
16.7,102,10.0198501418137
16.75,102,5.35999231022889
16.8,102,9.89619235604365
16.85,102,7.45912917300765
16.9,102,10.5503786743762
16.95,102,10.1068223631496
17,102,8.85296023551283
17.05,102,7.63813899437287
17.1,102,10.3265218792563
17.15,102,6.25927438387198
17.2,102,9.69770361044685
17.25,102,7.54820238012051
17.3,102,8.60506196403249
17.35,102,9.31096820854441
17.4,102,5.70280245506444
17.45,102,5.32769910222957
17.5,102,3.26652037803818
17.55,102,11.1055042110892
17.6,102,3.13979643302277
17.65,102,9.21644635035796
17.7,102,5.47692730568647
17.75,102,6.94489556244063
17.8,102,6.12616766583592
17.85,102,5.83098438581183
17.9,102,10.3833260175096
17.95,102,7.8324613502617
18,102,6.89789875209415
18.05,102,8.50824703792674
18.1,102,6.7978694669751
18.15,102,11.1054339471473
18.2,102,6.40593405733205
18.25,102,7.36615811208379
18.3,102,5.53942748900004
18.35,102,6.46323186258866
18.4,102,6.89244102743082
18.45,102,9.41099720232507
18.5,102,6.45816639288698
18.55,102,8.19216413263614
18.6,102,10.3005506688237
18.65,102,7.57482055761299
18.7,102,9.99591490527921
18.75,102,7.53169387479976
18.8,102,10.5332435110635
18.85,102,9.64113795954395
18.9,102,4.74608770109907
18.95,102,8.05781781066029
19,102,6.5498319249121
