SatelliteEstimate_mm,Elevation_m,DistToCoast_km,Latitude,Longitude,Month,GaugeRainfall_mm
6.20952465255597,253.636209661939,192.505165455461,16.2772527408081,98.3968984838531,1,6.29392031526165
19.251326722047,767.413765870046,188.240746309472,15.4983688813694,100.201055694661,10,27.0503105469363
24.8675407844132,355.981816286565,244.312422846337,15.3462463099281,98.3307061687706,6,28.6741785547476
21.9466090366933,563.676900408845,105.364834325468,14.0522703516304,99.1429839582584,9,28.8588248038976
6.57230900504106,482.351792821965,156.794291683628,17.0195719764579,101.942284467613,12,6.40668524027341
24.9474413167817,507.166821551704,73.3993256410856,15.9752783583903,101.954448885646,7,34.5140301691371
19.6593257681814,328.392054797267,103.201576632605,18.370803787685,100.827283110608,7,24.86813922106
8.67642681599419,415.265708292877,225.462586433063,16.0960934429155,99.8951256045646,1,9.61149052630736
7.69729486138259,369.427493766592,260.930166311892,18.7344768622329,98.023603306937,4,8.32508266459344
20.627713785306,569.433163051099,101.98181141578,15.6413269819366,99.3205517999637,6,31.8469677763554
19.0366833906993,453.397039207841,210.426056393247,16.0934848522727,99.1418241834778,9,25.3091411523491
20.6432150528428,554.968320881254,154.405250533826,14.094381449741,100.225430783354,10,30.3907316257534
22.9242239744123,521.996976193065,193.147773985119,17.7352869458155,100.155508912664,5,30.2478378837165
2.29923715123153,599.596705701551,111.596470432914,13.1717867320985,100.789011225209,1,2.7426934564465
3.66828971989116,785.314135933346,108.346771722431,14.0747901633522,100.776607553066,4,3.95148851711599
3.67271945614363,520.112185263419,71.5595914457679,14.8910256375333,100.443507650291,11,3.66898114399192
4.5897673100357,527.872101163351,145.363041138726,18.0351898130887,100.602623982008,3,6.4234453828416
20.9553403854815,568.428103031462,33.9470111318336,16.6668142032458,98.4752465523158,6,28.6640206955164
0.647355222525288,528.459579000219,235.080459100444,14.8432617412496,98.2226787787277,12,5.93701426201009
0,446.776276262177,81.0037003689901,18.4897339012053,99.2535647500908,1,0
27.0283092463577,347.602320083426,178.43918531431,17.9891342298717,100.60823254809,8,31.2396611620396
1.02652328957123,521.843993124449,146.474509168772,13.1855002486924,98.1489141970012,12,4.91050675165279
6.53200976151354,347.63001116374,106.854693552664,14.4528695921219,100.67833380866,3,8.15388688542285
23.5357683865224,595.67667833517,255.956893700868,17.1833660456058,101.018690074412,7,29.5072482028755
4.95742694863221,731.802230343296,232.23894075555,18.2222059568897,101.325423573342,11,6.65555702934044
9.9452277299025,680.073898358974,203.83918734356,17.4529942811938,100.318330703895,2,8.38260032252628
23.8002637370136,671.850651628518,49.5862558706999,18.3029685759396,100.00882261128,7,33.5436664954531
20.9546345972517,327.928365735253,135.588893161888,13.7546627486319,99.4779205018093,10,24.6469392860842
22.4325964529574,220.171873038151,182.769132869271,13.0479702883159,101.251942678719,9,25.7707699077593
23.0674239081266,322.248427492828,43.8458011571391,15.6470655640691,101.413196878044,6,30.0427618638691
4.74788135985482,542.123929198051,193.950826583757,13.3815979487754,100.148814705447,3,5.98228730411488
25.7811535636602,274.906410001077,224.108076835934,16.9726724833198,101.18691638241,6,30.173188450515
25.6609964632053,260.105775293388,257.299735266617,18.4944437736413,99.8503992996314,5,30.8657669508599
21.5696421351692,798.708793224133,145.512554762249,15.5136010036566,101.224144282898,6,30.3518260351152
24.467479679644,412.610083113362,27.1810268166438,16.4760016195,101.210968172958,5,32.0231438354414
4.20800228191349,238.15638332519,72.0080052189383,15.3261693193693,101.600551352251,11,7.27541793581497
23.7757543118704,506.902491844277,221.315363366495,13.9856197005591,100.290908509914,10,29.538600286465
4.77047475682605,618.459589712105,57.093636156861,13.7065491145002,101.738778119777,4,7.25248071793573
20.3369140268365,476.154541992424,175.575099748646,17.2953453418023,101.675423817311,7,26.6854953078635
2.53072949670157,278.820632897097,183.300996258939,18.4258760753285,99.2442839928667,4,4.55552338094851
21.3385921859521,508.902409127356,131.13513249903,15.1905111605611,98.7409821297138,6,28.2076129170453
21.2405996202801,241.45414290725,216.295538228404,13.8145772520421,100.83430372,5,26.8214691353304
21.55592563228,638.251805863108,50.7164578851169,17.9761487282716,99.6070529752359,8,30.6657821694497
19.7150651688487,763.427552526904,175.020923164093,14.5734099265792,101.513893059813,5,30.4747965738349
27.589337221053,225.154867132968,115.120621966572,17.6043097717751,98.0410547683378,6,32.115010302118
23.4473997186167,542.307874821107,234.383542759059,16.913893638749,98.7243813946455,9,29.6787090960601
20.6601213045442,698.516607697576,119.070967412108,14.8605991448242,98.5717493807412,5,30.2603964343236
9.1491212587559,584.336858869792,67.2145563621234,16.0680321883038,98.281159084796,11,12.6649553737646
7.53353598978615,289.454553040078,106.118253160898,15.2182002968578,98.1073247453028,3,6.12217134836959
22.1211641561588,240.896070751732,151.242773093851,13.7521770387959,98.0101474084108,9,28.2423696685103
24.4482068126309,474.488041718811,40.0392599257546,14.3449450478041,98.3471429391124,6,30.6528260923156
25.8776882330244,228.956689093575,235.940231070221,16.4313693696409,98.1191225253248,6,31.5970034076514
18.6489793310964,702.091194217867,182.804075509885,17.6806449566716,99.6667977412509,8,26.4189050077369
22.9785569916279,509.783884681552,98.1857950359013,13.5472500360529,100.013948863329,7,28.3535729883754
21.9401931689047,390.058871586593,172.023843726192,14.1925582883194,99.1894654320302,5,28.2958778991334
8.35748082860439,662.542133415132,265.929340538247,13.0688529364991,99.9945265993096,1,9.57905342511878
2.9754757920493,328.718821293189,170.701506343965,18.9039915524324,98.3713755363065,2,4.48738512069677
22.2876819574057,508.295256696992,121.565087380576,13.6391069464295,101.916741063131,9,28.477563304327
19.3889321482486,503.697032261121,190.361312697555,15.2796641113113,99.061369786757,7,29.1741399373024
26.7048455262383,262.406315237376,209.065493233412,13.3327672598641,101.0717403638,9,29.1054304794241
2.45808936530806,680.557660693335,191.663516034245,16.0057472018768,99.1981322772616,12,1.8287476684935
21.6233938278657,619.175057964367,72.7691160883199,16.7941225303038,101.924979762857,9,26.3686473041795
8.89737184168586,319.396159887853,25.2320073750205,16.1450086579239,98.8578102861388,1,10.0474968178417
2.74267365097467,458.511602074301,99.2215026517497,17.0675826509962,98.116590618219,4,1.48551919204685
23.8734210165697,385.591447804102,128.676476793405,14.2929793627133,99.3224831399562,8,31.7916417858854
6.2661173744966,762.40836652375,227.83133137065,18.4866741910689,98.2277489143579,3,5.72748319402184
2.40564684490221,600.692697136593,42.0863457475383,17.6085483574551,101.995759118363,12,2.1467784943111
0.398950589024205,766.603644779997,230.908632969998,14.1377750408113,101.943765184627,12,0.192399550447382
6.62712689239786,660.036763524736,34.8706009638061,15.71756732584,99.0078721210269,11,11.6130717003227
22.7565811560782,674.973598197391,98.4792436529129,13.120026269514,98.2143476631168,6,29.4060855685529
0.313369885328088,386.120188386309,121.008849177026,17.9743687350469,101.255462198004,11,0.784309554172857
3.1997745287985,709.22794179464,252.924976169057,18.377367957878,101.722550736057,2,1.28177308917214
6.25030452234585,400.865931209581,257.263350153801,16.1425857199952,101.790299328978,4,3.89710750270874
21.7829964861914,696.187123805205,30.1712323853668,15.1542747143696,101.476460430023,6,33.3913248090713
19.4049954526093,625.899981017491,68.9866332444514,17.7964286101927,100.038971991288,9,24.4076167943186
25.8543637907411,505.747455534668,132.054348347069,15.1266089201773,98.7061016099545,6,31.6442363433569
3.08326256608584,302.202446106037,88.1020144844355,13.2808227644686,99.7785671686638,2,2.68738666337831
18.1709879593216,560.52033493566,258.340729975363,16.9867165138753,98.6477548430475,5,28.7569963521486
7.11854579898623,574.705357691326,173.042605670414,15.4387040597343,100.903508197874,4,5.54763901050496
4.41013364678371,611.332688411336,101.638953006354,18.982247322377,100.607081031171,4,7.4007522112323
6.9782520407476,239.795527446379,169.928300343894,16.0826253334396,99.8273644088384,2,5.96801271218096
24.0539374758278,349.743031155307,188.61015049548,13.6962763469551,101.159509214715,5,28.3815544025122
18.6374426196831,536.569581623044,234.154900792023,17.703158745363,100.698961068958,6,28.6852360303226
17.9818289254788,711.485983903799,241.882066494281,18.7597662827646,98.6703822326243,10,25.6399489950265
22.9891056384523,339.500644633076,125.308676425649,13.7257183083048,99.5694280953734,10,27.1569919999818
20.8134346011021,738.213411549282,209.592069228019,14.9251884746225,100.782386896131,7,29.6909088063315
16.9328294554111,785.09736740643,263.374575400163,15.9114845239686,99.8852740828453,6,25.070497704722
28.9226691916582,253.362723911403,153.444947229304,17.2424583304941,101.242204630849,10,35.8032769941923
8.52643155278943,634.433752525173,202.904148553902,17.2194034640243,101.871735829399,11,10.9732279079536
23.0649765504486,438.500111280736,142.215437054599,16.7454789861531,101.91518371939,9,28.5169177880252
25.7211274339947,282.738863365491,115.661974615944,18.1828676271949,100.010537021388,10,33.6645558327446
2.14263789957684,333.512030340252,70.8453185596204,17.4186331209766,99.6472221499104,12,3.56922669125506
1.22449943728865,416.827952011009,42.7983383745075,13.1389692354153,100.258093711142,1,1.00236583903521
9.97043824141176,210.750237838075,101.124474340054,18.8176635496231,100.668082449368,11,10.6432634022494
2.27764061038364,616.740067964247,108.678882349118,17.9716326933956,101.932766407296,4,3.48226510609508
21.911598016667,472.199726744987,162.495676427651,17.0475536666187,100.574448858631,6,32.3159425669741
26.0859779779238,407.580034964072,187.63007606311,17.7027240502401,101.164311400058,10,33.9107995554823
23.3512076271886,720.588728747982,197.695241124157,17.9528605007319,101.889694231125,9,32.3060493569638
4.87690489317965,779.819267751828,212.28831332435,13.2981557300914,100.510923632299,2,8.11947351856053
25.5525264521373,474.990648861646,163.068317273126,16.811617734089,101.33925085633,8,30.2230629889878
5.17600407269749,386.454446544189,148.038254055851,13.8479176650279,99.797039707055,1,7.30777886416541
18.3216072982162,561.935227091147,172.926995256177,14.5450982784181,99.8554141733268,5,27.1634465504366
22.0363965386107,443.319209834928,195.632510426689,17.9221947629165,99.5092701404106,10,27.8886329089882
24.6931542205401,734.958721848428,231.390596633077,16.2885698644573,98.6232412170381,6,29.3744341260608
28.1904250886637,373.042992142026,82.9695420349871,14.8045013968632,98.9631806965109,8,31.9850257751328
22.7712283336704,276.85539203298,234.758754410755,14.1477804486251,101.85453157286,9,27.9553758698746
22.8887219545584,209.037079850316,69.4929233624358,15.8696253232243,99.1714603660581,10,27.5523354967231
30.629971375873,302.194096823898,24.3510100095838,13.6362835845239,98.963871143535,10,36.8427751682936
0,256.704234820642,219.169443903082,15.303608906861,100.877941709289,1,0
21.1005742914961,746.430419601781,77.6855181600404,18.1451322919933,100.470618206744,6,27.5193574405547
25.1377265035352,607.946752340431,229.63341605896,15.2251202059908,99.6059878560778,6,31.7500438224517
1.99701511692521,548.614886738573,109.185137979025,16.101930651861,99.3730974639697,1,1.55165193668222
25.7911292105026,766.851175067733,108.212978913272,18.6934484357356,98.6742477231595,7,35.3120293630096
25.7940148092862,570.878575816319,237.430889153149,15.1759499449223,98.3140871929345,8,31.8069441220223
22.0458945010395,623.66687487487,209.716685812948,14.6689362070405,98.2116082449994,10,29.2746678802854
2.93988124740541,295.117603977239,34.582460246399,15.4978838367143,99.1583466545331,12,0
2.02665907822885,372.55415965626,256.073624627224,15.3323273674619,100.044323273582,2,0.904535143704785
3.67316570540711,570.457508882404,72.0931817297428,18.7612081181833,99.9646735751499,3,4.01081677687722
19.1708066445018,701.563672212263,186.646042157069,13.08236972522,100.778723647014,8,28.3040874398023
5.2713250886328,369.266315569041,255.134364930296,13.9048432134149,101.514098496363,2,4.97899485443023
3.79433335434367,472.205314598204,230.591228294849,17.7010417189164,100.120406959353,3,4.1106864081785
23.9648999847013,369.2482115699,142.072222365468,13.0161842440431,99.235200302785,7,27.6269849450823
0,373.578069273001,256.783124204939,15.6220499315659,101.819169122531,3,0
22.1820445148403,544.920792959307,191.433334057299,17.1787714291703,98.7069020368227,10,28.9852414597172
6.86049266456871,751.415559207638,82.4862957179375,13.3396429112998,100.535752317772,11,7.32995208430846
4.00614032123828,785.684512552413,261.064549067445,14.9053432873178,98.78647990994,1,3.12958171916794
24.8609086592809,539.470539391969,161.805920220549,14.6737677866203,100.308043214771,7,35.8715202640424
32.5264585322522,214.50328032732,100.582656358762,16.0726351215521,101.929475753449,10,37.3900151655159
5.25679586367279,365.826246777543,128.634145171766,16.7351075461878,98.5236013102014,12,7.56389850699076
1.86643860241502,593.426183044847,68.4927035506805,17.5690679466434,101.518007544103,4,4.42612596373057
6.56012949000452,754.885758987809,163.382749570137,13.5804866257558,98.6023551193377,3,6.09858843369123
2.8649235243022,287.64866957686,161.668466608756,14.4596165157635,101.058475438975,11,4.02046057788321
3.12158839729788,697.130144879512,59.9073995417027,17.5518775326111,99.5358614814728,11,3.38407741580575
0,727.682801402302,123.705396320369,18.2371136064351,100.03504257105,3,3.25744244351788
21.3425870894465,253.872751476484,86.572641929202,14.9418367972249,99.5888443289687,6,28.1863609835412
20.0652426429278,742.889255905412,243.890894531274,13.3499510551728,101.681352603658,9,26.1516383527009
5.09367569385176,557.221986604703,68.7097779766292,13.8280632705889,100.017112083434,11,4.50327610922469
8.97185174854671,707.698986129285,172.089299993093,17.7488721767436,100.39226337556,3,10.5117876076193
23.8957211471887,604.206728896604,180.0355857698,13.7909364102988,100.151732413244,8,31.5590240618322
24.7100548113999,607.219069851183,170.922803273884,14.2883059100512,99.7688052058801,10,34.1649151367424
20.9675888855376,724.894173243524,113.275881233933,14.1442146668003,98.932879625444,7,27.4521701956968
4.29085952107275,657.781001716325,81.1532027022698,15.4841020143368,99.3087850932318,2,6.19547564365501
1.88124446014725,445.264546400138,22.0647279401331,16.8504153139989,101.313926178915,1,3.90930796028377
2.72023012387973,429.481795104311,71.1705957556811,13.8247059123246,99.9584595265575,4,4.45301985812497
26.6503350891356,781.220180245977,223.518653631451,15.8313934352383,99.8573303113128,10,37.9037610662891
3.59285866469175,358.371807734373,89.5001590580267,18.5706745775462,100.724828155155,1,4.05951442618191
8.68814627927672,426.047174850062,153.49419109679,15.9704147037947,101.740202829211,1,11.743282918826
21.4082829270511,286.368677269227,94.3813001905769,15.9285099034262,98.9449332499158,5,26.1751360654641
5.72873583495289,403.466256722796,36.0605349143032,17.3979025004899,101.405892633917,1,7.48969381467688
1.99509988878223,550.514920723689,125.364691056885,16.3397284346324,101.350177098708,2,3.82930700802365
6.6133673314717,316.304098056048,268.088156945681,15.6522876704987,98.9670178103358,1,6.52119362435908
23.2687234307204,455.51509036613,120.42924038348,18.0500087980328,98.6664639760264,7,29.2556951287948
25.9893786262298,565.231733393013,103.398141160173,13.8458775323044,101.83177674609,9,32.3890650789915
22.8993758705848,431.199699539014,163.245638694135,14.2360139833177,99.1021621560627,6,29.2476788669407
3.16143543826067,653.103185943935,109.640496090576,18.9286363731773,98.249243464473,2,7.38018060457425
4.82008882398277,509.225835036272,79.0122661090197,14.5837524073195,98.568419442471,4,5.60603543283817
27.670999005749,395.056298678256,115.428456216617,13.4667822233722,99.2444832605158,8,32.4264415546454
1.93000570437526,634.867354109803,245.057473453804,13.9853893722345,98.1606588140645,12,3.97889765758444
7.62935781762863,532.390251935532,55.6752229524182,18.666742540066,99.4864268763448,12,7.49261561204719
4.54273121839834,470.980142897342,52.7690542086834,14.1056898464946,100.283983561171,3,5.2830356308749
2.21770000827195,296.663008103036,208.532100600055,16.1912620365257,101.126250456957,1,3.67878962218669
23.3661606940592,792.136114352092,66.9107257900645,17.4031336600831,101.431427200761,10,30.2005762018707
7.02137316147708,304.358797531238,52.7188961691507,13.1541417629887,101.469658002701,12,8.33156171860979
24.5154444874864,430.76809618931,80.8497973555874,14.6940243127057,101.731004233528,6,31.7104323404165
23.1144369615844,551.339517641707,240.663933043919,17.4121850792767,99.6781500032547,10,28.9484417189959
6.54351305060321,759.970139744924,255.071718216722,14.643899072817,101.15049236125,11,7.07303810525355
22.4058965448993,380.859770919739,253.179317925141,15.128764293571,100.518089240801,8,27.8173106974082
3.15014955414695,268.759749992379,98.4659061844714,16.3612562655292,98.1454548371986,11,2.64133221695014
1.28092371175273,624.032569781732,246.441442784995,17.8079444039762,98.7769477699208,1,2.01967510292151
5.63904584341897,770.573005936676,35.8338698132114,14.8850541029188,98.8397286238711,4,6.47721029189833
0.271749570233697,471.175482735503,140.463718304019,13.9773412062005,98.873712076678,4,0.713454354376749
2.82697475406245,798.804586516476,158.037846610687,13.1617654904288,98.8692329797973,2,4.60420104419186
2.04730010904484,393.166514829851,132.333365732781,14.645347681171,99.2887568381533,11,5.05953099171992
4.62962822871676,728.350463647334,264.621767364527,17.0048671140093,98.8037444610767,1,4.35071104539229
27.0808845956485,200.868106011134,208.542909805097,18.4779616216125,98.9794349026534,9,28.9291250759197
1.33112378771113,607.744739412779,139.374031669675,16.0181946956493,98.9173804208221,1,2.93268474402734
21.6222599768313,731.115679272683,203.167182747075,13.8819620677686,100.579165299053,5,29.5834118403684
21.9813384067904,367.959171297812,210.628407237166,16.7188889472321,99.1692771662323,6,29.2543190200291
5.38722777612502,708.646262037278,48.0530291514311,13.5791923091431,98.4934346563539,3,8.63503559707789
23.1275483657793,559.67051076069,100.594457097899,13.7789371152678,101.639576580076,7,28.9670945656583
23.3927816473931,392.116129687189,101.882431014015,13.8337593019471,99.6011934298388,7,29.8712971417018
10.2628853325222,225.822429059846,255.815185693357,18.5580442077682,101.912218912877,4,10.386201417514
22.1605625975966,596.979514190186,233.384906904947,16.7191334718714,100.665706992651,9,28.9847504857455
3.76076383806556,425.221777261008,95.1423749655816,13.049223554048,98.839139005198,2,6.19411416588641
6.47954659779618,526.21423850262,267.037127256289,18.5817562124593,98.5153546421197,3,9.65051626669069
24.0657112341076,319.1762207982,38.1328565729042,15.3369827565076,101.42481885418,5,24.592321812746
24.1487979730519,211.611569071346,103.502102526034,13.9987391568981,99.1642545795133,5,26.8480528323859
10.3448764529021,258.114510779176,70.3092548819789,17.0621266399012,98.2264317261248,3,10.0095501315077
3.86406805847424,584.550970766236,150.173951606199,16.0767799044338,100.66144054666,12,5.43977245842142
21.7901916616126,276.46456326854,246.214746098521,16.7622482548069,98.0751746090539,10,29.5697323264308
1.5056354678993,378.524660135607,216.965612120014,15.6471168739274,98.2986869112636,2,2.19261765946372
24.9598895279059,555.159406274556,29.3171629595982,14.3226556787981,101.02993301849,5,34.8823953292423
0.690770911078304,363.817838011441,82.0984913084649,13.0321898383563,99.1440971248131,3,3.88258050563902
25.2498812080906,483.647383955341,214.404411545193,16.9628798258672,101.030401446844,6,31.7790781631333
3.24783033081517,447.498815851406,90.0459862321282,15.8941035030467,100.350185407067,4,5.4293850861149
23.0730898300188,666.371343333997,224.503359383112,15.5679360014797,98.2584291074662,7,31.3952576106848
2.71791421735232,442.044708561818,175.653740225122,16.7158838405781,101.705246749382,12,3.86192579273934
20.3895525843096,369.833083839603,194.298325057946,15.9934730353688,99.3112131798546,5,25.3761011417671
18.1062957924967,791.582785263068,198.555818987531,18.5003055654387,100.848621832641,8,33.4962838110625
23.4947279370857,303.685097847309,164.210889369006,17.3836101642206,100.562290263963,8,26.3714066425866
24.1474556616641,584.200195647298,66.1096377040936,18.5689046008466,99.5414294636337,10,32.1740480359585
6.06879674319107,574.224883893417,222.919869341407,14.3986997543626,101.495607747619,1,8.03640700058891
30.971872844818,409.753695141298,160.936795093776,16.7345848732362,98.259203531571,9,37.6619454559838
4.03112959053801,646.19463300953,200.413960088852,18.4413643398459,99.2051508693443,12,4.14821050721817
22.6440735172826,652.255998117812,26.5552103528083,17.6097645994889,101.686265965318,8,27.173862743529
3.02927285006877,485.817159682122,65.398806978406,15.3356086360998,98.7969313121269,4,1.20674188618812
22.7979890241216,393.837862659458,161.330505605711,17.4463474861181,99.7129778734955,9,28.5240787681726
21.0362596982313,267.950797206885,220.332415619276,16.5034838679514,101.390362055514,9,24.563773002051
21.8200987438279,721.942322500928,110.339579280815,14.7819955447832,99.0249726051505,8,31.1165148592428
3.30432375758147,790.307442429946,207.818544890776,17.4249225936941,99.1997514988553,2,5.5436089518541
3.80672408205986,368.274841027027,20.3777749189993,13.5941206616442,98.9035535437729,12,4.09703974959266
5.62826352602864,392.063270564381,31.1596463831126,13.5875619042615,100.926151089847,12,6.7892994532017
19.1144989159279,587.471740883386,192.128660576146,14.174888717342,100.078051516883,6,24.8686487371937
22.7624290267708,667.29584584399,266.830683157942,13.9061960335113,99.7065237694848,8,29.6262368623713
3.84801852287453,707.206278044697,98.9374400371576,18.2244061165553,101.544181087887,1,4.12719988290472
2.70781138349421,660.725487260279,104.040061931215,14.3805249024602,100.667979050233,12,1.86654072596793
25.2097133250708,608.249134935572,105.034075791134,18.8327142187428,98.508735743997,10,33.4769792624736
23.3748878461924,573.198632549425,164.965269539497,13.2685287750345,101.877229866874,8,31.5884627240328
26.6351935409905,208.656456576351,118.619313755977,13.4439146557103,100.675034200626,10,28.4753322430286
4.99561448400937,493.848018870966,111.036238393116,15.5234813175214,101.305072039053,3,2.67194968162903
4.72171506735219,625.125593217191,211.805638852827,16.7366658092848,100.259883440407,4,9.58261027792427
4.69249350742936,381.636320681764,20.474330868909,16.791902604458,101.906155820691,3,6.1458205461224
26.5117632025947,348.143453733585,237.664082956745,13.6732286775865,99.4748833810274,8,28.1894528959444
1.09307409777446,447.678195046837,205.267137205387,16.1767806944094,99.8049967560404,2,2.70342403159198
0.34943125243196,526.569783707832,259.184568593445,14.0988322448816,100.138928610525,11,0.35700269030195
24.7293558816436,206.614438644003,230.28634080974,14.4558650400986,99.2757429476194,6,27.5080603785491
24.3600938697685,650.941762472013,218.429661570672,14.4888282612784,100.075580064395,6,32.0342685594654
2.10904985928328,625.191208708624,93.2185676273732,14.6192112815081,101.698871456912,2,2.54624076429763
27.2020813396917,334.871652737288,215.196546775444,18.2067580392237,101.00621053865,9,34.3063436817662
15.9151963412106,349.154623453743,169.332316126068,17.8221854511711,98.8069461098404,10,22.4515894013501
29.5814175825642,304.691767794561,107.359015168771,13.9262468169978,101.113430297927,8,35.0962576261933
0.488949351962583,447.097262465577,222.481193073313,17.1084535055668,98.3390075891116,3,0
18.746816032243,775.912724095046,142.380455884401,14.3816588008809,98.6813319028952,10,30.9961927854847
4.52787531020141,434.375552196731,266.084290670333,13.0985359915899,99.59579128349,2,7.16212475138565
20.8750815255201,755.582799957478,200.421521063281,13.3941053569106,100.543825315547,10,32.5653830358618
20.7125502023586,308.750396294998,239.953791572088,17.5104888606343,98.6042400898457,7,24.4774027624447
11.3123689171386,343.6253334864,245.348354601907,17.0633457527639,100.34609182375,4,12.5273343911906
21.2129679860151,504.160615250679,166.245662945049,16.178854812707,100.319228917199,7,27.401561538585
23.7209319472936,290.644598231089,243.15878405044,13.7795949578778,101.760002936614,8,30.3022078662114
11.2863966377516,267.990046270718,169.364172161059,17.8033085174389,99.330606778912,4,10.4694943040093
2.50043869546091,602.005091170336,147.873742625705,16.05877770602,101.785915083349,11,5.00218963236185
20.6989460993274,405.435614295387,268.764907150261,16.4533489855229,99.1362027114309,6,28.1835472745415
6.01637082223024,619.261383296025,194.018179989568,17.9102733765141,101.406254518195,11,3.97938723669412
8.92693692215573,336.348098026936,192.651364636123,14.8120989131452,100.651652979879,11,8.75473038360178
2.01238246290889,379.886118642158,267.079360562973,14.8735666050241,100.555586372866,2,2.59119998190539
20.687383399152,735.703499696711,177.263403103244,13.6166586241021,99.6477204634469,8,30.4440831670988
1.18912668948827,547.791500027411,20.7109877190191,15.0034945775368,98.4321285828367,4,2.62947946053437
19.4408802584557,273.570008274466,189.065341659889,17.8819386422561,99.8161180531056,10,27.3648333586123
21.0640815587256,452.396828398834,177.201315592649,16.7452206463845,99.8494506867242,7,28.7691777813831
27.3906593015175,260.044578043095,201.939144708452,14.5867089428271,100.399264831466,6,34.2242916809386
1.883226767282,239.74229422633,263.678457565169,14.6463125025158,98.243311771945,11,2.05383655174423
0,538.496732067562,204.267150237256,16.9043472223106,99.9442978341111,1,2.39016910210473
20.7031446932922,267.04477834952,268.609214703163,18.0819837796133,101.548833720058,7,27.1562855184396
2.67826840435658,328.620819106588,216.990337219176,15.4549884705211,101.444755811433,4,2.28719034026019
7.21444491109976,243.558513537837,264.994986272014,13.0054081481683,99.7837717055865,1,8.55337710920142
26.0108849201347,266.765968574325,128.811505281512,18.6820987002292,100.097026831658,10,30.1972514048955
22.1536365502277,469.05588021042,81.5549265993424,18.2977158956307,101.546703652933,7,25.9668505417503
5.3659452453813,299.395719999784,157.817911159062,16.7844935381329,101.987832419829,11,5.89854696888377
24.8930170613778,388.638289357465,242.090865952166,13.2480440786855,98.9822025679171,8,32.1318692558445
23.3902125363641,461.097602853161,234.909994334643,15.6964089337819,100.227178416791,5,27.343826970182
4.63632557494446,316.46873515942,187.486495908017,14.7619885957955,100.283726967073,12,6.77415217593824
4.27775164907328,280.931095161442,120.896856825881,13.5075406609632,100.210940702616,2,3.47308876657633
1.97307494412316,288.68213209123,88.7933831103793,15.4400741817822,99.0618154424288,1,3.99932458369376
22.6343549482692,764.762813662417,26.2832781521951,16.050826370208,101.074197496883,9,34.1075285355099
28.4827831922975,409.22495208301,124.371309570519,16.0512725036017,100.367281061189,5,35.7612129467666
24.536223721349,473.366743968923,145.807329865928,14.6830216546995,100.196106115177,5,33.2672512943875
3.39214047847741,651.766395743914,265.521632694608,14.4813516827537,98.4782247075781,11,2.27704903594312
7.41758617424681,672.304588056182,161.877204074338,17.8869296597245,101.141497034161,4,7.9565301846016
4.64267120869663,617.434188845787,164.642652026116,13.656935291986,99.5038480368435,11,8.23324062319854
24.3386981228329,735.167503219935,136.425211265376,16.1757163954102,100.559520698813,8,34.5494713934765
5.34837038447461,519.594615277791,23.635487038699,16.3386042660923,99.729197397646,4,6.18858298501625
7.43178938354128,299.596812780751,91.6681249503064,14.0649459110298,98.0575214489445,1,8.76308137830308
9.44865039892465,567.334742955998,184.359239478598,13.1348914790627,101.44328828647,3,10.6696867677998
1.78512163230224,471.446725365732,197.044533775234,16.0165087135138,100.177921988232,12,2.38629437654204
17.9506220585679,697.760965940349,257.617322239901,16.2382010472213,98.5339521323343,5,26.248571306614
3.4623009515118,345.77641918388,140.39665606223,13.9354182540765,99.8191725369632,2,3.51510739983043
7.30172842065866,606.266826438717,192.072707715203,13.0270520722717,98.7942324016645,4,7.57000246350788
6.74914749161342,206.043890219471,219.161624296307,16.1251764917613,101.617672827689,11,6.54856079823924
4.85841006672582,429.83757032133,209.592931975937,13.1082654062288,99.8829584897071,2,5.80383431299924
23.4767830337968,407.660077280424,51.4370681228533,15.5012813804818,98.7781955402713,10,29.625415030983
0,256.618014620362,242.619305217434,17.6196999694712,101.336594084835,2,3.37666171678071
6.68068937813097,692.52316476788,208.264643525274,18.0669906255323,100.654005669164,12,6.42325819262823
22.6625123285883,696.121205531702,187.359459534251,16.4974630712945,98.970990564265,7,32.5707941940873
7.97143226952477,350.231728163799,56.0097837306238,16.6254107826243,100.47577650049,1,8.40285894770647
0,626.942290155035,255.814946610461,13.8351049613102,98.7672727004433,12,0.933570149888007
18.2509304149828,741.25148891575,189.982925046671,16.0258376091866,101.1011566637,5,31.2938670118659
24.3579833075167,548.051432302192,67.6084993974452,14.4391493441315,99.7240780582662,9,30.818024088606
28.3608315256737,421.258841363793,166.347106464284,17.9504505536334,101.241017794381,7,31.6463131820714
4.19651192727405,609.380863142989,57.0526371683108,15.3107504437835,98.3648006494488,2,4.61387534081636
5.69144406038124,437.286976860756,33.7476391508241,16.7547406152025,99.1926667575844,2,6.09551484933309
10.0780048070428,542.869696005544,197.918070027014,17.5537022069794,99.8491808737904,2,6.78704919598797
0.828334793879262,596.834052833759,204.322778031859,15.6253978463508,101.550644455679,2,3.20301946607851
6.2351211043422,375.733535254107,148.840871397898,18.5998380800941,98.4034157000014,1,8.4444557121489
0,597.381941293164,57.4335030403659,16.1702535878796,101.99311789125,1,0
8.87788365932493,504.715361763228,101.72896105712,14.6377946300555,98.1092296537378,12,8.10215430100488
2.05222402388904,555.865464732759,46.187256120651,18.1503175622873,98.7793923748326,2,3.75855430232749
24.3490483938085,373.400857668506,76.6860214095392,17.0139759419005,100.081853746137,7,28.8720761107419
0,647.489813225745,36.4700407169618,13.0774398586576,100.191465780847,2,2.5422975629082
0.378432795256159,289.587217461884,185.796265185781,14.5481848750125,99.9751708969924,3,2.27056816546505
20.3690018259018,488.475703559265,214.589382508035,17.5463344445044,98.567845770629,10,26.3019712502855
5.26379037282099,519.031129812757,149.332433049821,16.9685140751559,100.77731870468,12,5.41347033276916
25.483609878232,204.914716198653,185.149345526649,15.872523026858,101.017033588885,6,30.0574761782144
0,678.36053903071,57.5799289787098,18.7055925720778,100.692950518368,1,2.12792375687426
5.48288658146657,532.687970614022,247.00893094091,15.0413228590676,101.639088449799,12,7.96545292409688
0.829520647165686,247.327290485958,168.542591185632,17.1903384124747,99.5486716407905,1,0.0138714543781662
23.0261383316893,709.321742091828,51.1335910961675,15.1062713024644,99.5362014774177,5,29.7216080065811
21.035727058336,626.130968890511,153.525287519553,14.6143460060025,99.0896998557482,7,27.607920282845
2.27181430029466,748.835670310779,134.673458888188,14.2688612080014,101.234773118952,11,3.16973066464455
23.1372566995211,609.158203171853,237.014158848107,13.5383749319357,98.4655267598068,10,31.0286358700328
21.8236804723772,502.092724959492,207.425348446716,13.7568399283497,101.71316606064,8,29.5908769755121
17.1998470702336,674.242059016575,44.2941255156018,14.0616607200687,101.789861696681,5,25.3466462832013
5.84078520364946,415.083873023715,182.011359067025,14.7927214211257,100.109598184199,11,4.26120826191205
7.51802689106142,461.360175686658,33.3385276517263,18.7457742826501,99.7536437822518,11,6.512221409325
7.94305446672431,413.666588653002,143.952424687117,13.9405161143236,99.7538309821973,11,8.58237596686966
21.9092758605878,395.634602720591,228.96029507457,15.6533018304013,101.281644664824,9,26.9714610710506
11.4060396374868,766.025721574561,67.079051170434,14.1622886061881,101.855667539731,2,11.9431967110315
2.14320240120699,503.858162705813,181.818194157886,15.5448528002916,98.7787868527495,4,3.54125572763859
20.1805796254132,504.498153099933,121.569617580059,13.1843101520253,101.196564701356,6,28.6192526307275
21.5851500105,427.123278441024,48.7655848258151,14.638980823554,101.339655139362,7,29.2335566718475
26.0379295073414,396.612776621691,241.569616719785,14.5159078161836,99.6179549473457,10,31.9717933700022
3.56106897384692,338.564806123967,199.929348032497,16.1967605525506,99.6725398976122,3,6.37261438719609
19.524056777041,769.484432581788,86.7674983567466,13.0685751259975,98.0593200450632,8,30.6874395682846
23.0312111315825,639.532617183662,70.2116960635069,15.9539883107136,99.0782462625456,5,30.9381667841855
23.3577339303989,488.610853723982,109.364305216229,13.5300332009643,100.164404584937,10,30.524842002989
3.51023530797838,558.513535120637,198.647389441064,18.2175543700255,100.207885063943,3,2.69282731930507
17.4903991293341,703.179018512966,248.876083513932,15.5529212656916,100.863920964363,6,25.9147656546273
5.04882424747593,421.969379683187,148.816416311509,17.5859684785853,101.214279466131,2,5.81940306360437
8.01068745892226,369.268280099708,20.8302767125809,17.9948640671785,99.4375196966812,3,8.92409255260011
0,486.344188520748,23.4036790516755,14.8942227369883,99.1418232902336,12,1.46739785719034
8.36051387254365,476.122509131148,81.2171981400191,17.8336209327457,98.8387894672467,4,7.73359389308582
1.07157763889741,698.534208616617,215.815923415095,16.2756959586607,99.7574484354187,11,5.74624328022517
22.6464353697719,736.685789104044,62.0216256553389,17.8910395761471,98.6613493194309,7,32.1310243826183
0,715.402803647455,164.062100554237,17.8001496049813,100.591239360034,1,0.0757747781181006
20.6016211640027,616.583755770252,27.2569021132332,13.9492522640304,98.3910103759623,10,29.9101115700233
5.07094239412058,516.752097953725,100.628865088054,16.9333138264864,100.659214930732,1,7.99423408578229
23.3557793668403,304.798654207445,185.069427174069,15.448929115331,98.3672371188784,10,30.6579027017579
0.0874835507424109,758.78163700084,190.192373330809,13.1709841688326,101.221031592337,1,0
28.6476619731172,712.513510574323,24.4686397420014,14.4026762268875,101.363160831789,9,39.3397763400819
3.43170263108132,515.668843388059,63.9537530199682,14.2661796117378,100.431665539066,2,3.41920891118971
22.5260811738764,652.496658918689,77.6800034199696,16.3155143095884,101.875818138957,5,33.497237715677
4.36249183468344,739.47837822578,84.0441063234051,15.1394973836817,99.4157918408787,12,4.13449084960049
24.8268033565981,382.708730112699,109.668533319828,14.0638380730426,99.7583421708828,6,31.0502374226957
20.2118655606847,544.268317225483,216.470094570091,17.7281214844257,98.8499415460679,8,27.4786658676511
20.9650490835991,775.428253305055,45.8945693976981,13.9790999129729,100.292205025023,9,30.8312449270577
6.50282667985258,334.044059615635,77.6163352703229,17.4600958509532,99.7302653368372,2,6.39610171500868
1.11229486070195,290.07415366403,141.154789150634,17.2665991718836,101.921917282728,11,3.23949390888639
3.77422032113886,769.557843211706,215.004495075357,14.0433708391259,100.338203787961,11,2.61836267386288
0.338523048505953,725.54572247372,212.683959774609,17.1808637592595,98.0299412059057,2,1.8441604690907
27.8493313821324,226.21824093441,47.1996098510258,17.1417271813071,98.7487551872198,7,30.9672867780295
3.37640070273845,548.018220216726,153.730152076644,17.0417347720604,100.740050929674,4,4.99813237460057
24.8219888182466,587.324822411059,182.303665918416,18.7689808521044,101.397553974049,9,36.3384756048333
9.37306596876878,630.116805456169,128.959017641038,18.5838805109002,100.410571420934,1,8.40987043609778
23.4836953836777,569.759720305549,233.135479687196,15.6767783206252,101.864534725092,7,29.5108571402223
19.966244451665,537.502206074541,47.5170225437238,14.881212768874,101.40936094055,10,26.8156924321901
20.098150553184,564.501340532631,160.134582551991,13.6803915755592,101.02615865851,9,28.1048994313051
4.28016852955626,571.796613111411,199.0705755041,14.9636740889506,100.733007848624,2,6.58342243866764
27.2530409866824,255.376754802485,265.264914120919,16.8971411814004,99.44754215447,10,29.6750144770074
6.01813008551248,304.381775659115,22.4572310876269,18.0077679504029,98.1206582565851,3,5.81388595565324
29.5233122123107,371.679668740559,200.909321275276,13.8815091520039,100.203112887286,10,33.4784738551348
19.4755083097142,756.74795444708,105.217253672141,16.1205111500131,100.753318073183,6,28.8239877535398
1.37169828514813,480.210656456325,206.302251779095,13.9399991031357,101.481574310601,2,2.43958795879682
18.059306818143,568.194294210472,151.716556389113,18.2461336125147,100.385360138608,9,27.1844163734573
20.8002220424304,781.051753696778,215.01212915839,18.4761488791004,99.7532689171508,10,29.7391628440751
23.9162289504292,260.260127719018,61.1841138272991,13.5084036591909,98.3707080424379,9,27.8318959274947
2.55548750060871,315.501057358831,248.667662556944,13.4821412568085,99.748641613183,12,3.86714805378233
7.09606729368537,368.829132907196,116.934726981317,18.0122397072645,101.886315961321,4,8.2942290901865
7.10901893131189,751.459457318322,220.873220818991,15.623181269597,100.300284815824,3,12.500047838938
9.80860088025741,630.812320697662,93.1813493723263,15.1668382123191,101.034464729357,2,9.65287420439388
26.7729929440181,278.332376320646,53.762218663006,18.9004506970844,101.752652963252,7,31.4110580073596
24.4127117480285,242.578496620055,105.757423083586,18.4390404520964,98.9618979059291,5,29.0313761391019
24.8022828813571,301.974597341809,188.681714689224,14.4437258103904,99.0543517483459,5,31.2933559441529
24.0479466530388,749.357196412139,249.969026309495,14.5688800716004,101.01683526722,6,33.4928676488537
2.76901619913013,452.640604332395,144.240730692408,18.546308485747,98.1259618621295,4,0
1.38298811537748,721.843198898233,103.428457213867,18.5850177464921,99.3023877705552,1,4.71059978510875
20.4987316163983,707.970446757479,252.964118449881,15.6470522781022,101.204741608448,6,30.06505416492
7.92144310122648,779.880658084317,205.112581804212,15.5122117334751,101.283136226387,4,10.3896951466071
21.4679601281226,525.359576833,133.048543287752,17.7004171858362,98.7279216180338,6,27.3831349301265
3.33278140333718,364.02824780512,183.186226120486,13.7783979836917,98.0006520247296,12,2.30632233558008
7.3076763222546,508.65350182878,83.6783494808456,14.8666399081665,101.837279490641,3,9.68964553204554
20.9891634810992,735.952450877166,144.473841544695,13.4761794884528,100.014705541687,8,30.9708577390948
15.3696982511913,768.787019409272,120.052954421476,13.9431018730907,100.011065418972,8,22.6502711143923
5.34099019854978,438.621175474634,81.4247024326664,13.8284588418048,100.668011246459,4,4.81993378923802
22.5535544526562,492.278139955764,42.1200472502278,14.9664136109238,101.102017904308,6,29.1328647627877
0,678.724565300221,77.0541820220606,17.523087247944,99.4108837196985,12,0
27.6619151628202,438.182259513391,219.746733713848,18.5795960355495,100.14613976063,5,35.1725705307536
20.7507802291655,343.802269798344,209.964205596464,14.1704602169408,101.130016912413,9,25.142447259901
2.89175313393964,367.622574757068,129.545319320915,14.0637574118238,99.491191692298,11,2.6868114215082
23.4036383336862,488.071266045256,240.239950557303,16.2819283747065,100.242823546388,5,29.2230725523775
1.81696535558665,343.014579348474,59.5112338454557,17.0106235783286,99.3655240092207,12,3.44036440356185
23.1271232251589,658.776182552655,203.574183266541,17.6385952208418,101.762892655559,8,34.2183635548538
25.2855299479236,600.326896226385,210.706242101862,16.2460673285512,98.1914058831518,7,34.8429651809325
18.5694053217733,759.597423060926,36.7818872625802,18.3723624169942,100.936316801805,9,28.3491085578693
19.8902290195562,648.082282624819,236.439905387779,13.9916468591414,100.063192603199,6,24.3954335143272
20.2402587663934,471.986481746686,213.544847731662,15.7947783118345,100.578971106672,9,26.7263976708232
8.25090340978807,309.586911652104,136.116204682393,13.801199421649,98.8768534927334,4,9.33555510084546
6.05170258120336,341.184086160424,143.614395240023,18.8873681087287,101.821976939666,12,7.2486132410837
19.3760506401288,732.118407380588,166.046499786693,18.9212503526423,99.922103147561,7,28.0459113779288
1.2855168258105,581.355858462439,139.66172453056,16.7530988491705,100.844571760002,3,0.200441177871362
32.9207622993071,264.129994786809,33.6577591002321,17.8586534919808,98.3580976796367,6,34.5337593067782
3.90372957193832,499.898625702745,127.790440006099,16.4187864532516,99.17243834774,11,4.5684000564795
27.3871279474349,659.739355304908,236.229971238191,18.7445178676827,101.624335510651,10,34.2205911864518
20.7095331614972,682.869987871036,153.609235203365,17.6325222550635,98.0658113132736,6,31.8380309408001
20.3269024687698,703.641159602474,81.1666172118133,16.1258468345824,99.4268540271885,5,25.2828464641178
15.0705186324339,746.612603906619,246.992071397594,15.7996612988686,98.8006303190673,5,24.7018703599046
6.79202378779203,489.385211692212,126.620337716699,17.1994691157508,99.3327103193987,12,8.74661859492914
5.15503343653271,600.352274563812,66.0037654361524,13.8968268308402,100.492796400887,2,7.59670340540905
8.63098247053397,244.009034291494,168.869211352892,15.5166919996167,101.446262825003,11,9.44769809047441
0.817909059752854,596.957167367596,63.5409473666024,13.5046530461571,100.140794508592,11,0
4.52073982639561,508.776887725018,175.978980992558,15.4217633277218,101.62931259691,3,2.95032093725234
28.7242007257301,327.88083528118,189.337627250319,18.4785712028882,100.827854457904,5,32.1449619423676
25.5893236679802,351.740223506211,68.1266039356011,16.0273142204539,101.749684824068,7,29.2594570586506
23.0493964724945,624.64626539491,98.6373780379118,17.3894339695615,98.6569749804127,10,33.7443446895333
6.76572802769771,335.539419214722,166.995690829972,13.5374377299503,101.4945929032,12,9.24238708169466
5.02960323222674,405.611702704798,74.9992218886618,13.2708005159163,101.005851413903,12,6.70660532383056
0.354605208611018,426.172485440845,225.401505213711,14.2810844196163,101.774522135888,4,1.03814753410485
7.82616457858135,656.565151610755,202.840136989936,17.7900544195924,98.1653407471932,3,10.6289247513999
25.6979618919361,315.590156522683,63.8430622420991,14.3093641435697,98.3885224388131,6,29.5433296614717
25.1781592023193,247.528191605775,167.274174756721,13.8717638929291,98.0305729535457,7,31.1207751244067
23.5758393294016,310.038569304678,163.170827042153,17.4062914439576,98.0151101124032,8,28.8576460689785
6.38512227558435,627.515709751626,113.356455319338,16.4227179120909,98.9769626610489,2,5.22985808906155
21.846755400027,230.284970770143,184.257694271063,13.9765049340841,100.289701939444,8,28.2731613797945
4.13811934071818,532.605636021963,127.395816041596,16.0493557100113,99.6388456707844,12,5.00319555628071
2.28276806853152,502.504815595087,131.069699925603,14.399165153665,98.5356618606441,11,2.25516397047429
2.38120392184147,424.505878924285,118.544132118719,15.2834028496893,101.045640660119,12,1.61415370486173
2.67206301590383,408.392726626642,163.494566454713,16.1493940355326,98.5701337768166,12,4.75995826495735
1.65236718050264,523.20274320703,20.274876505174,18.8335930748587,101.947096136554,12,2.62774004435697
9.01160315464139,236.503512556894,170.234068038212,15.2962391200424,99.2388934321094,1,8.5561466546981
1.11983040506379,393.719254890983,49.9191817256078,13.9038663253027,98.197544411445,11,2.14647241305509
3.3366023516984,449.87653640658,76.8064070337142,17.0182271533219,98.7078698332546,4,3.16390726150132
2.54596130369124,284.943642973486,223.302801913599,18.0806571555698,98.1252606082624,4,3.1771333014847
19.3964053552869,514.774093921882,76.7802275522097,17.9319242686171,98.9130528698189,6,26.5110872366471
11.464214609796,385.653626405442,175.111120166606,14.5315063627975,100.662323206515,12,13.515874150584
23.815079262276,239.357091344414,83.3000814218921,18.3991750954899,99.4505811196793,8,26.6147374704526
21.3399725631394,276.854964570133,268.886899707908,13.8050519089889,98.0446150362414,5,25.1993624031996
23.866040504446,396.709563158906,265.475082461609,13.8080607603787,99.3408007656624,5,27.8815899193484
5.18966940653402,597.098248716556,102.988359155845,17.5636235413919,99.3677883828582,11,8.00957891141395
19.1346913483576,680.145744957516,247.899142545593,17.2867823197685,99.0778182554431,10,28.9848249195157
4.82318158080663,491.731851387549,247.668256021096,16.126710445435,100.964353943877,2,4.09504287936791
6.45668194463844,228.027544014506,71.0304459676659,17.1931468847748,98.5515970426578,3,5.93430964025524
24.3085354858487,564.192096480956,113.903592123186,14.7108042369144,100.196652449298,5,34.0795869889202
0.955286399128564,743.192371515277,67.0978418823771,18.6511385580676,98.1116248756146,3,0
23.0533426865576,230.915929399153,77.1519228598812,15.4131409086521,99.8505542870847,7,26.2448799613421
2.16670633762247,408.621849864517,151.60467437584,17.6301305597838,101.085827827064,3,3.64917628591965
28.3938448665381,210.114251678059,145.5506050485,18.3188270022126,99.3388133651025,7,32.2898820114864
2.88282068670261,546.378110713797,132.936012101755,16.0605710274663,98.40393118894,12,6.02155087689814
4.86669725878547,262.572030524476,69.7106339817456,13.0176731541288,100.228086457844,11,6.23940690939579
2.36286167439342,764.562002607194,153.361752095926,17.6306966278558,101.915415162687,2,0.851588966666743
4.22194915937083,444.430885690336,256.630705564847,18.712419769543,100.87673555591,3,4.89206010540558
23.6007606542336,572.814339648241,109.964144160879,14.3473433310933,99.8669778122649,5,30.8864577374947
25.2361007613977,397.219997538437,191.877148378138,18.9060227880859,100.356135231874,8,32.1906275656369
28.5300190195203,401.555707021006,77.6462160238477,13.3303881151137,99.3884217137006,5,30.9920413161871
3.43244098619222,206.92353566163,208.105566851267,17.3757023046907,99.5765601058007,4,4.10996405420126
17.1566084051637,719.989770701736,164.016839676475,18.4888743970968,101.298905774688,5,25.2019908278304
0.726572481306195,361.834367977916,249.4029259213,18.7398499739884,101.524330152805,3,2.16140992046443
1.943380825147,349.015558306388,39.4942613561739,13.2149599369676,100.14577940192,11,1.25499610068359
25.5860204168383,415.962734687669,184.140701773298,18.564155576673,100.99735353774,9,33.9066969148504
28.2843228439237,310.47091788745,125.359912240945,17.4362984806857,101.334401044895,5,34.1158954904168
22.0439709292892,387.39559228338,112.371254798735,18.11815461573,100.435672325676,9,30.4171846818551
26.2177526729578,368.668512394063,103.277138712877,16.5130564425526,101.682972500868,7,32.6290848216649
17.6914724710193,784.973981170419,245.60883563757,14.3580529997644,100.361538127385,7,30.9185790443394
22.2633134316391,725.765335992581,83.1495734637139,16.9302438701464,100.159949594455,5,29.7971540999318
25.588347391954,369.440252775094,177.888742630012,17.3605556290448,100.929681714743,6,31.5313959531033
5.38233629431708,703.51226385076,26.5563907743742,14.6632025329519,100.470401803423,12,3.59233498230903
30.5587222047656,222.87831206588,260.845763978588,16.1546866970187,101.576633162666,10,36.1911922594828
23.2197855377708,541.162303302376,220.502228172279,17.8539570936518,101.147969745171,10,30.1213187009851
8.29989233258819,718.106252830391,192.379402377371,17.6561559474805,100.14899389449,2,7.79387420506049
27.3001064844858,330.136931269397,149.706269104212,15.2073499638934,100.809940103966,7,33.276248429977
27.6266489515797,296.568886868141,110.004517282579,17.2158380669968,101.566569871666,5,32.7077570691657
4.37843570773811,676.473005509688,128.921961202669,18.2869321125087,99.6985974728637,2,6.16290472066743
22.8330788201564,591.980052214332,184.808319436141,18.1322676875508,99.3405764192754,5,27.402497010261
2.68999732812321,784.487764263951,147.184090030707,13.4660863382479,101.351410744469,1,4.20964236939854
5.73831732596847,295.271041285875,243.390287677612,14.881768463996,98.3692965923837,3,4.27896262658419
26.8773465089463,289.060456071902,101.201667560469,14.5661803432948,100.093117805497,10,29.7948678662918
26.1051837697779,233.231357162864,235.799124263333,15.7757409676163,98.1939134477035,9,27.4651802060631
26.1375753280753,394.57187485237,95.2230761282619,14.1605696596901,100.833875986542,9,30.3411214548141
4.35854933068942,228.636371583936,56.2520277166182,13.9960219865142,101.697486280263,1,5.25148255440906
0,568.37529337126,51.8102046541864,17.5456592307642,101.849900195572,2,1.01698255921778
5.44785457653996,251.520171443186,86.4260740020188,15.6302841801023,99.4925232355628,1,2.42799701852693
8.053106887107,472.543626101129,249.271177581388,14.4936995406251,101.412299478996,2,9.20662756786466
3.32695533877778,509.041317666626,220.106693050557,13.8862984649275,100.607854191284,2,5.30444500589079
2.78340428240801,251.811030427288,203.83978965417,15.0565313874832,98.9020055329218,12,1.97019224862929
3.15205189867934,615.136920980728,96.6222082324496,17.838000320805,98.2300351902139,11,4.59316559349299
2.04398279793632,794.330771583085,74.1378177095768,16.7072563380474,100.382240412792,3,4.39400407309794
6.22856705684887,433.568124440924,110.425171145574,17.915950957206,99.3851776779046,4,4.82260305329768
3.49857975519378,510.08472509642,187.021483756236,17.7726971380494,101.502022133161,12,3.88840491491357
28.5965578356827,425.154183774041,60.5763868157144,18.9492814793022,101.733157100367,7,37.0913323685334
13.2002125544253,787.880006769723,152.092838193348,13.2139760739679,100.266069986125,5,22.5585859126966
24.7938505240664,710.291814330363,112.171210048473,17.2355747262003,100.448092909715,6,33.2340920692509
1.94067371352426,781.220531696026,209.937219590084,14.2009222864765,98.5231514148628,4,2.79693307328738
19.7254090772873,431.846572648021,181.003203386592,14.4006295403692,99.3433576492338,8,27.2462733800721
20.9145231803595,389.798950738008,57.3129174531625,13.4736747585697,101.235735851122,9,26.1564860819041
32.8868394087702,209.683587973978,97.2401357967156,17.5381742860953,99.9909920176108,7,35.0614037405918
24.5507035886431,246.117839056404,221.981064472343,13.2702514365523,99.2569576073167,10,28.3354550660003
1.25492704419826,773.794289340975,241.783957390085,16.3889981061983,100.123282591997,2,5.16508422376277
23.2733668184347,550.610029924796,147.770513777053,14.103571758203,100.011019320004,8,30.1091753631641
8.40353960466,467.65092583112,226.781941686054,17.5943455354568,99.8562789111013,12,7.28365741480482
5.06285967168282,294.70198956538,72.6516862829443,14.9432101732363,99.8606153734643,2,2.8751123938856
17.8615031046187,762.816472269977,121.5132276125,13.3951872853543,100.217663652504,6,29.0772795132934
27.3441892981352,223.612064399822,180.864327672637,18.6110533035119,101.779707078933,8,32.3362289002422
24.0360659664491,589.149016873853,26.9366724350511,14.4091550620042,101.499809885667,5,31.7543335630762
1.11932770777019,559.371369094146,152.391047872957,15.4972745627133,100.159439539368,12,2.90697443862633
25.2413419743841,638.732268517713,233.186861631756,14.0800797189314,98.1774168091487,6,31.9364642383766
26.4264113933464,646.225947396486,72.5138465210081,14.2406037328418,101.489657114602,6,33.6925959305931
4.74254490903273,604.698893460473,22.9450763053998,15.7318619776282,100.558474671254,11,4.27682362767549
4.19441119893988,532.077286307078,181.917192884639,13.2789597911475,98.494460413698,1,4.65422318645969
4.77319861864633,460.192847985818,185.150275695762,13.054916565891,101.511103935203,11,6.54475931329382
2.59670546674317,681.112514970102,80.6654451061924,16.5387248791695,100.08647114546,2,3.21135049303412
23.2333332706902,279.666133199335,101.604634616613,15.2029721272708,98.9230524800877,5,28.7877516620157
26.9130128785116,369.493278240112,106.002124766151,18.720632435047,101.204769704122,6,33.1530851692628
26.2864634401528,669.076723946842,40.8326716825117,18.760921230885,99.0839343554492,6,34.2421364503859
4.58414181790109,733.448378638138,206.035803500077,13.0450971906876,101.326140744461,1,5.6796223171137
1.23117466724142,597.283705685104,73.5899189370982,16.6621358980907,100.468083639235,4,3.10889656913045
29.8775775065285,229.918570521761,212.970642176202,14.5715249668275,99.3123943242581,5,31.5686836203984
3.93190204839321,698.284934253802,182.84571174349,13.4493438751935,99.2453038329962,12,4.03285583494671
1.55074879679922,781.072275400541,45.9288698160475,17.398490252437,99.076420280635,12,2.52646775898031
23.1159656096908,476.222292992352,206.990638308715,15.4139370317598,98.6089414278001,8,30.6201598643278
1.26684774245321,434.220213186425,55.9458679734741,14.6510171960141,98.9686349574946,12,1.79997473940173
3.61593498519557,411.38545114071,184.567077014995,15.8304712352357,99.4129081240887,11,3.35938455466908
26.5392094054819,563.93684299928,39.400808615073,13.9669205414373,99.1108151449023,5,30.8414006589006
4.95057313978291,301.833492457178,165.167501821436,16.9572506002826,99.6797248518168,2,4.63624672893564
28.2230526571926,280.771680434633,131.056905642081,15.012034063215,99.3262301092191,8,32.7145005827484
3.78453570431128,794.504656596464,151.037310171498,18.6872251956787,101.318136350117,4,8.5389803142789
1.92648283419037,500.622278439676,207.154055759555,16.6723763184644,100.16162283581,1,4.64357580197162
6.05879999403689,508.861755036506,204.572786618643,17.8404645830784,98.6899588711792,12,5.55598279515651
10.9357175015873,380.836671450205,31.3738238728824,18.70841404523,100.209988022365,12,12.5429725594367
26.4120724323689,226.803117861773,60.8227200473948,13.5328859212564,99.0172876844183,7,30.5364400092039
25.9136466458548,238.714238577082,265.503193662762,17.7291596915903,100.912024044727,8,28.7508782198826
25.4335265310926,235.371007120583,129.830382346877,15.5153435778592,99.8025786392701,9,30.9317988827184
0.801215697643451,621.852142862933,225.416706331026,15.9056190158473,101.77795111909,12,2.50310378225374
17.4025677394291,667.831386693284,157.676496921141,16.469275417885,98.3449637772207,6,23.6088485534077
20.0315980423787,770.739165649194,213.31318187338,16.7083339896702,98.6615508411455,7,27.3231175403894
5.02185382385993,788.38527324808,37.6986424629119,18.0809467305697,100.86796667881,3,2.90450828097122
2.97116525059497,290.715357020596,145.394915907474,14.1426788814167,98.9171861681686,3,0.794805785844972
26.3849142490739,209.062664706345,208.091495885041,16.6594880793794,98.2055394779629,7,28.9673006391788
5.79017640891172,610.633551314705,123.816263881769,17.2088954302661,100.194905670427,3,3.90937414496445
3.74790249870335,375.252240972912,198.817980848588,15.1597478152662,101.63976390384,1,6.88637503986539
18.7862722818887,753.538341298033,227.757192067208,13.7509211879865,99.8383936432268,5,24.6592654932199
21.3058115680162,492.591710717599,223.584361430585,18.4230894281944,100.033469648616,9,27.360828112016
2.4180537547369,462.937081901533,71.3522655914999,13.3145900287252,98.0087961290379,4,2.02774240283193
4.36635065494983,452.345943350657,246.82293838447,16.7386539013539,101.175197541183,11,4.26167160648519
27.5859331666744,384.185532007694,165.561022594212,16.5398624967239,101.979296322308,9,32.5759727080898
21.9151736163114,538.386994512884,65.8450202126018,16.7948711452952,98.1565962482156,8,29.777187767101
6.65329635086114,310.891054368913,218.160688873468,18.6317768613423,98.7420383286076,11,6.21523002107366
4.79776270042684,786.298203606819,83.5894928694858,18.8156323984029,98.7290460971343,1,7.67320420319521
4.49597670280597,683.934153752294,103.207700830234,14.3278022641848,101.323356134928,3,2.73094728973143
1.30326701235269,712.01372532233,124.072872467379,17.256802497954,101.916019404469,11,1.41319547840664
3.64177916521268,767.537548821682,146.354255107675,17.7762950539174,101.764482218509,11,5.07287074880674
2.44887457592168,609.637198177451,63.1034880196101,15.9877819780419,98.8583566927082,1,3.56307856686482
16.7524931805307,741.110111808946,232.50263698891,17.1952456020919,99.3456436485566,10,26.7299894068097
10.1292734132712,643.088310902928,224.959112302877,13.1371173566973,100.747347533942,1,9.89705217064237
0.977557580304549,484.517097771397,96.2340293971453,15.6287005206685,98.9895831616097,2,1.81423938486456
8.84670191612865,212.578968543056,262.56845585653,15.5250312826893,101.643560366958,2,10.049955162157
6.21276130737623,509.195379360053,34.7362367685497,17.5814715446168,99.5669103292841,4,6.95244029302843
20.9789671449323,523.693257838283,50.5508793035385,14.7066244406526,98.9709809251857,5,28.4448101227648
1.8849656580713,641.828525305941,211.506762335075,18.5175935054908,98.7122551278711,11,0
22.3580045763982,721.31727188887,80.6368473990449,17.2352488870381,101.866623917036,6,28.5805216578264
5.57604654405584,577.215150789737,72.150190038381,17.4083512935371,98.560422361238,2,6.03914989874913
7.89453592221217,252.301821796259,25.5988088661319,18.6070265756696,101.923488050132,4,9.35128083071397
3.90825018315638,254.967221187408,102.253343928671,16.0841562680286,98.3953271247462,1,5.53477720479905
4.30805574064479,722.612813405406,38.7589374128257,16.0281957509753,101.249611438254,1,7.94954345815086
19.558454594304,728.565831740913,179.43513091102,13.0732660240004,99.2487362756973,6,29.8119953774421
24.4090116140239,440.347326035802,21.5610745750577,13.5227981767419,101.687525000067,7,31.7920929745883
1.03297367444697,240.966228655216,129.150513353112,17.7521992718538,101.715074547467,3,0
25.2240136348578,264.420627691026,241.38679189533,16.6311192099666,101.707327047738,5,30.8520628362825
2.68217560553559,268.605887695293,161.160187748709,17.47538519538,99.0803179976611,2,4.76700970009898
18.9079827855611,748.22190569062,102.406411644163,15.604379104961,98.2533905150709,8,26.4288542403775
21.4775523408643,443.820025810178,47.0941705571219,13.9525578212893,101.920493793919,5,27.0717232048372
9.25216916153793,478.243588761887,258.578713023079,13.6639473137682,100.387437822414,2,11.3422229181889
19.4076793195078,691.417785259431,24.5876392544905,18.5987143689009,98.869174597618,6,27.4920100508913
4.08796339519293,346.040617409491,144.934374789171,17.4287216390234,99.9159726708188,3,6.4418562806047
5.76652714148126,519.583812760755,112.141754941477,13.8641912094025,101.647939225863,4,6.68101591062865
2.32268307206414,546.960933712832,212.205657042638,14.722980721528,98.344375226522,2,6.1194430536177
23.7754747977834,449.035478311103,167.579313564254,14.0463352796154,100.404716644489,10,29.5485648682712
2.54517857328124,272.319684586837,254.619557533655,14.9185770643854,98.073854041861,4,4.06479244267589
9.49541586734513,454.286388554337,257.977087427595,16.7125784103572,99.5615865405313,12,8.40177483929876
23.0281204059556,267.22560390709,201.810481275211,15.5088228135403,100.675214384745,5,27.4669705474494
9.03260393432412,390.446955141544,139.123791310403,18.0091176359396,99.634195815773,2,8.33592874543026
25.1741122831245,440.207180502074,153.472562663115,13.3535990315177,100.963565006083,9,32.9361136459916
29.5069400536461,314.205160869935,249.716282383728,13.2067860782137,99.7050825496456,9,33.4235261808948
6.50798597443819,798.422303072302,204.003811470479,17.7265573257163,100.218603730776,11,9.71779032616563
2.68694355229972,613.92627870617,207.188940835715,18.0278401975089,99.5350245533913,2,4.76176718743344
19.8700002794308,758.854620216291,254.945774743948,16.927409715922,99.9368489732363,10,32.3194155672787
5.66986925370292,759.216999231752,113.192085532189,14.3809892293043,99.66507349512,11,9.717546521545
0.517773144405754,372.157632257154,227.57853401008,16.5966053953401,98.974517968787,4,1.70249001171666
23.010902780405,286.999312303397,208.442128634648,13.5194541544888,98.5719253406882,6,27.4541513193746
23.2032636657993,795.037890131339,115.923723407356,16.1324453343451,100.74324835373,8,32.8015148056311
7.51673388878361,506.11296819664,208.762927704428,15.6782252080554,98.7664192688726,3,8.39052315518362
6.86754542338111,606.177140361898,46.7321398285448,13.4523134444762,98.1108595242188,11,5.93927509539549
25.276266568015,719.879835069617,24.4718402375622,17.5141252355591,101.865197188951,9,36.0984867733115
0.741194274873269,403.939437111005,238.475965977648,18.5527665851123,98.6429299670157,11,0.158037178004136
23.7509179294104,555.345464847393,264.289970651013,13.7779410819144,98.4009256983688,6,34.0088648960306
27.1721379797395,379.425043124041,128.192723494908,18.2247221342707,100.349337004467,7,32.9192845244492
2.64891012904012,329.20876508209,117.439858809996,13.3892856762757,99.625416353371,3,1.05366347069728
3.93709730066047,220.655951629925,76.68685328084,17.3312034814978,100.917067376527,4,4.86657508784438
23.8211324608494,341.420032639948,254.204659109712,18.0222546499201,100.25432270034,9,26.2748886142419
5.22740985977509,349.601858640817,85.1048033459527,16.0713358853246,100.277885808013,12,6.07200007195519
5.00118433791236,648.326266549988,181.515948051657,17.8637808118123,100.663249254496,2,5.41582449949419
0,509.752512794531,223.898983515716,18.6053407885119,98.6517673713553,1,1.71987254560664
5.92239430295244,663.881288617816,133.236873552171,16.3032004110666,101.068897358573,1,7.40530352526644
26.3556299216951,371.738436466022,259.462082579664,16.588805864716,99.6085069014841,6,31.7017116291798
24.5874728608739,327.768292132908,111.408650488218,18.5352589285446,100.888921055954,10,28.4148719503668
8.9965373662297,546.784385949699,214.136474930613,14.6985789162064,100.136600597439,3,8.47966999813293
21.7439396797051,362.682354921071,73.5601532396271,17.3283638424687,98.4141712676998,6,26.853561546165
21.5245671621979,652.280616831933,140.270807554255,17.2690858985956,98.928779785085,7,27.4809127446984
3.56040199569311,429.168689544863,194.677677240076,16.9927509386931,99.5957985948788,11,5.3794652597935
4.64880989553084,368.424842124022,83.2128248085694,16.9783210362807,98.0014312052825,2,4.69568044194637
4.14325365420995,652.050475219043,228.313035136188,14.4828697888912,100.158612946087,1,4.88115890687906
26.5177624074185,313.270635977105,255.046553876243,18.3807652249444,98.3267863229434,7,30.0132065776898
20.9864703411271,634.913226125743,92.2761898759945,16.7305561669612,100.077332069163,5,28.4981537720321
6.89194209348478,433.884640234841,143.543534993846,14.970353441903,101.933635077765,4,9.31988296916367
23.3322894756245,251.062547555445,24.2104684848913,14.1677880093596,101.642307961858,10,27.2495720860222
24.108461419217,576.633239884089,121.080451170111,17.3587793357908,100.579119311224,9,29.3356787738331
3.47797870457682,565.541305179,169.367546038998,13.1168052182811,98.2626227072258,2,2.38330680785356
28.9544725411449,259.968874285146,60.466126664217,16.1848589807682,99.6798402612411,7,32.8597257738637
27.589700589186,476.03551671873,264.436222870564,14.2320415849356,99.3064956838315,10,31.6078726684893
4.21857495715733,477.655127288777,63.8719570656504,18.4882201156328,98.8066083460901,11,4.39621492773153
0.552388340428561,629.527404152469,146.484040679618,17.3008676808557,101.417322036634,1,3.70421127822927
24.9545193430484,317.988239970252,22.3527926914481,15.680256504439,99.4342381560534,10,32.1655544921533
0,535.831556748658,94.5398104133879,16.6632504712657,99.0505005656249,1,0
21.6005496742662,795.401875373396,220.90626090096,15.9043952550844,101.067931752346,9,28.8584355899178
25.0572306617551,209.408508043526,122.014872789501,13.4059472794291,98.7189773181408,8,27.1053712054788
5.12128953639581,629.977710449753,234.234886474966,15.5337172528045,100.745004546882,12,4.83670944387783
23.4991866046076,409.795745480506,224.861453597187,16.7011938758089,99.2205402097027,8,30.398037840878
7.7797354742621,491.138508505909,128.538065063025,16.0396654572439,100.370298586287,1,7.40298568619717
27.0462228009709,369.275378779947,58.9700052574613,18.6832876609466,99.6379605597178,9,33.4876611957462
5.36949405548713,476.051568964619,222.410589320303,15.2252622854578,101.544961849958,4,8.61706156736935
19.6084232309968,497.36012572214,250.224635145985,16.1961704531776,98.8552871066564,10,25.7786054875242
1.19591743018517,751.990631514657,80.9614448509077,15.2498461234697,101.601991223816,1,5.19461833684835
2.83797464100713,723.962975906884,38.7717665625906,18.3055734969226,98.3287961157706,4,4.45597488599339
20.5615175974389,758.232808814332,231.100505957454,18.4863271475467,98.1861151297794,9,31.5182618527422
6.21765061442668,780.685376590401,172.063990088701,15.8420666330469,101.965857738117,2,9.21086864363204
24.2610745795194,436.755940477143,84.9480285939413,14.1303946399667,99.5898897173164,8,31.9017762681795
22.2246507143145,668.498926704184,63.0873661978491,15.6630147889718,100.120657830021,9,31.2089683105993
20.1479357620768,734.014617337624,144.240374342745,17.8313338057588,98.5193084675033,9,30.3503347491171
4.53554770116439,270.213130080819,251.781605173376,15.2216474713103,101.755279915457,11,4.28045580206242
20.8252611279074,635.713465265665,61.7899187862673,18.487785712947,99.9381053002771,5,27.5645985248389
2.51180004469316,546.215568674212,200.5644014122,17.8229562574334,101.150365936561,2,6.56992533378443
5.11485730310402,319.24689907944,83.2673306972438,13.7937668489005,100.56609746157,4,1.87578811815466
20.3605124353047,578.916631235221,167.920437748053,16.1993156638153,98.7883748693773,5,29.2665272486298
8.30624151830757,612.839899079076,131.357323388757,18.2235290680037,100.541116785505,1,13.0806935301508
21.9990644309033,592.234595709667,161.603849823188,18.6074618504808,98.9810578883483,9,30.3079702738996
3.30226524837577,203.652639515564,53.7951809592852,13.6816648430581,100.619117103827,1,2.81968727540865
0,754.900866638141,235.745300105494,13.6140580368773,100.090108275955,1,0
7.00745421322575,410.807111269187,266.167089998918,15.9504536088392,98.2615404752993,12,7.83970777832952
20.0450568721519,681.233257365723,144.211695254986,16.110263369089,99.3020664698111,10,29.4408207389848
4.84946809000034,292.570886673758,120.803948219686,14.5327858804735,98.5705075618257,4,2.47506909919754
18.8174841019764,561.28312733779,217.53270270352,18.4068811572356,99.2266154639345,5,25.8186953588311
28.2604990780766,234.801835186251,62.0660191852492,14.3421176713366,101.193148783579,10,33.3357100820344
25.6162847752962,534.12428580188,37.5742579220799,17.2043884779903,98.026971699918,8,32.5105789597896
4.37326798739206,588.468614834255,199.060427353,17.5280473531329,98.8636420518824,4,6.13158894520246
21.8885902177759,432.418677749692,156.613945010882,13.1804622530385,101.387717519248,6,28.8061455198938
0,630.93577041152,177.980239334579,13.2969525287469,98.5401560743228,11,3.0301162394964
2.41363061471384,484.649665520466,27.2147695416369,16.6695645217708,99.1404240667446,1,2.86319421058433
2.00883401635796,233.853206622109,235.859964883847,13.6599625798406,99.396515131857,12,0.841000864506682
19.2328523676734,223.400784171284,186.875586687168,14.0503738688198,100.691996047836,7,22.6067862524504
8.47208406627749,230.455001459291,48.0203672712266,18.1445974649636,101.911523544201,3,7.78462436101983
26.8036462179543,403.664943151368,185.247063314491,15.7577894811139,99.9556475250536,10,34.7989400562544
4.59419086647404,757.177234258933,265.011253162838,15.3238072227054,100.26310202541,1,4.85001182201772
19.0060829125368,397.29322192879,84.3251874914864,18.5799943709189,101.817217880551,5,22.8734169658565
21.5748405552304,689.04547329563,255.9579790687,15.6486178660758,100.834394624269,7,29.7800879937547
3.02071767352632,586.668798033692,259.952500728158,14.2565433691392,99.3521817563326,3,5.94209217189042
7.55396654796224,621.733195371913,230.387596849342,15.600878002507,101.19762162653,11,6.86086223512915
23.9980294146155,593.475020761677,142.173947715382,15.9294373766725,99.3768503125677,9,30.8436700716729
7.60030887654298,321.088548929524,131.540092875256,17.9027286906073,98.5748073767932,2,5.93362423396618
0.958737987580989,723.219113660495,110.472667366977,17.9657119953735,99.1171445930247,2,0
2.07630155646327,450.918418026948,216.477479085866,14.2134935642283,99.5130881914177,1,3.3601164205795
18.0030025448416,760.899939826469,57.7222184760631,15.6256115211916,100.009385846341,7,29.2988885152882
6.20689648186001,209.384338558094,153.251313783531,18.6446458873977,99.1850677985653,3,6.27963243177075
31.3119954684155,269.070717732424,156.649860717222,14.2433978783772,101.133608108724,7,34.4684590451976
23.1160763195591,280.536947859739,252.796134976852,14.1989321233506,99.6343033360699,10,28.3909765424388
4.24189891573846,636.456461950717,247.140842796162,15.4871594603793,101.787554938824,11,6.81715971814227
2.38889084362681,264.221353322732,140.669189538167,18.514003944686,101.714304901255,2,3.97577722330991
3.74526238317242,458.978796371793,169.528853566851,14.9130374226015,101.275588982998,4,7.21626278342446
18.2761215572321,508.128771894925,196.717353860429,16.2682145095756,101.977829555806,6,27.6640269507378
22.7682255347433,508.377232606607,155.814673384679,14.3364044380401,98.9678781205766,5,31.1938614756634
22.1581623900339,376.836551967604,90.8391914344143,13.8800127662878,98.5301929387512,6,29.621385565586
21.0180117870617,729.103611521698,59.7627388801484,14.9606372679984,99.4428193148316,6,32.7876903284624
18.2279851000054,471.486210153918,160.699216019602,15.7387583783088,100.390095048769,10,27.1801162907841
8.05837274165651,305.263749572851,129.211648017436,17.4963392925806,98.9266665029356,4,7.84891119992832
19.0858007827036,534.626274669021,87.5927630610982,15.5431317679584,100.969892956746,5,26.1797617498061
26.3152243173314,267.58999859821,106.140638710125,17.7481369610463,100.406832654597,5,32.9043902897474
4.82317366816333,601.657491892928,30.6128066421872,18.5241564305355,98.6716516684423,2,4.69900514874406
26.5304932283641,304.01251033721,158.763500009828,13.5621303187114,98.5744499282367,8,31.7946288792222
21.370201090904,734.245534884987,39.0681283514639,17.2204981319027,100.126074002857,5,28.1151406163186
10.0058214948511,247.042962674256,46.6117572629154,14.5750675667093,101.50601162474,11,10.0152847756883
26.9655661264183,385.903348883412,213.024908704554,15.2310245905851,98.3747033355529,10,34.728884243847
1.90511921255782,329.488836231923,47.1719031033231,13.5525187558621,101.090158507217,3,2.28826531289529
9.12914286381979,541.800084591289,194.630312780963,16.5967690052346,100.16189536458,3,10.8998079972494
22.9618801161706,443.166739471807,142.390093249666,18.1348237355622,101.808817698697,10,28.4949127246312
27.186769421538,471.376155423617,80.8006184792398,14.9382145736013,101.020873151896,7,32.4533902916727
0,468.710807980717,162.727318928897,17.2114005215853,98.3586158440479,1,0.510124867648775
27.2971173095133,567.154802868344,150.512990400597,17.8825504265688,101.968656837952,8,33.0450115507877
22.1651244282923,357.181058384419,247.622195128102,15.5510751597787,100.211664583486,5,27.9925712613327
24.4874676690514,393.173694461641,261.117886434803,14.7323273474037,101.687900710069,10,28.7955431622393
27.7438826485329,354.999993188977,136.249461915033,13.7901464781376,99.6682291305637,9,32.2308808524544
0,286.943671251362,111.182425673876,18.5608566632586,98.1922513101333,12,0
23.561091389375,574.543002135796,166.557824617239,14.9105409859616,101.789452716141,9,28.4768829102484
11.502193137197,760.410383576426,48.0612776147167,17.0221526360549,99.012731134557,11,14.3918157791015
5.05224139691301,745.047746358505,151.945378688259,15.8938114638457,99.12940966278,4,6.78361044223325
20.9344445433833,779.00847411168,45.0059623385755,18.0656566778771,101.655818659995,5,29.0574138332528
0,266.050813476176,88.8006970196181,14.9684851146708,101.832260343542,1,0
2.25852603473876,629.917392626433,209.524496300148,18.0746282463853,101.082743623168,11,2.55612367777828
0.580954051228019,244.769615356879,212.58550350761,18.4708570136382,101.37999323308,2,0.424914289487999
24.1079180755832,689.171275211025,139.275780703797,18.04995691123,100.633509531385,7,31.1593540748603
23.4957871390604,706.449098284352,260.955826056247,14.9568848826997,100.11477536519,7,33.5474735632725
18.91608939719,487.571820652016,57.9342029876179,14.8073875736547,98.8680128496585,10,27.3500633904244
19.8681904283785,792.217541125005,98.1827446620497,15.5651588757513,99.0663332388433,5,27.5975076343267
5.50695804846717,478.095987041285,168.117049856961,17.703254919554,101.595473420356,2,6.09064779825557
25.3524969267526,524.7041438193,131.464805238477,16.9071359044935,100.943811907522,5,34.3716735483075
2.99438218827899,402.910236912221,182.078184806318,14.5241322000255,99.5811467296851,1,3.7543959328722
4.3673995754657,691.153416234146,42.1495027183925,15.7983793931902,98.5875147053356,4,8.1806294803712
21.698055672998,538.272548312742,199.802600280769,14.4262994256698,98.5991005088176,8,23.9562133641718
4.260505185349,500.360144320988,60.7173880614251,17.8654232461077,99.1060468776379,1,6.23632128310598
3.94510586119704,454.88588240607,87.593493843912,18.2043063581766,98.4308999282018,12,5.34311935026995
22.9055473724409,651.994840100979,64.9039534054216,15.0645296611107,99.3232213724532,7,30.6847052108553
5.43356788036341,243.296476423127,200.104236093324,18.7243349300021,98.1782153101745,4,5.33447890774904
4.28921237102829,579.439489322257,29.9381554783229,16.05019326157,101.801750083202,11,4.82112761849139
0.378691110829662,243.79755980365,264.269679571731,15.3807630578326,101.80251078641,2,0
3.0338628975659,330.281170629383,113.381949483155,13.2233490301751,99.5709287285012,4,2.65496521616768
1.31434289813898,219.86728727871,78.1652434436514,15.0008011902244,99.6009508408002,12,0.256950287996503
0,511.687950788551,101.569822543847,18.1305835588146,99.1470403854569,3,0
21.5105898585722,766.128561034711,143.92511729975,17.3142806429892,98.4739535605555,9,30.817965696377
10.9495199619618,327.812955611101,77.5301160721573,18.5723669913594,101.23046146425,1,10.0453003678479
25.6316817180025,267.744975356966,210.442952708176,13.1843410872087,98.9351449173163,7,28.1066515483675
17.2164916841508,515.931404694698,208.830413466551,17.7409888733168,101.766548786183,8,23.2644953935999
5.39872621226931,212.519022672474,177.275605746525,16.2031265069107,99.858702892953,3,6.32972854856971
0,410.396879131572,246.51941980403,18.6613639460817,99.4435195014059,4,0
22.6184217251197,467.18879161248,200.553566316736,17.5313694180014,100.050423641993,7,31.3547026791101
34.5150067237426,246.515669804217,60.0989700688059,16.1042574150224,101.097338729371,8,37.213311431324
2.01174054220863,732.180031589539,86.1056636965545,16.9244019976858,100.348118350661,2,5.7810897786259
23.332143301737,430.368158798515,139.128844781426,18.7750968547483,98.8838577723083,5,30.005905255895
9.76435323225924,552.312065797315,97.3371531508314,13.5196862534159,101.645953008858,12,11.5570559936663
4.31587183447004,267.573018547378,119.061808389702,14.2300284636802,100.257041061429,4,5.59881245324548
21.7150091317588,781.00413213775,138.637264958549,15.4818997467725,98.6183009747093,10,33.6583480702198
4.46091413398847,309.068899673108,215.93837515838,14.8298496518914,100.982382700802,3,3.73034746765411
29.4151971147633,479.738388536428,155.948883295795,16.3423597781568,98.1028552315994,6,33.6237789203888
26.5421885186546,252.95564589259,229.432009485076,16.6081451591846,99.402511445686,7,31.8036002198476
29.2997081908394,294.290557737059,172.002112765504,17.0690963424558,99.6428053280323,8,32.0127050512382
24.9296288292576,281.4621835916,21.8707472516588,13.0586187001538,98.0548077698423,9,29.774574889604
23.9148102139903,431.354485585587,266.923886868528,18.200709362258,99.2274345157711,10,30.6927001674318
30.8483472755074,252.694022651738,56.7064408256042,14.1475141538011,101.633512767098,9,35.4248819542344
16.5814547367037,480.091292559749,118.898398320976,13.5269302465355,100.408816017217,10,21.8622899891142
7.11591270185761,539.133701867386,24.8429360714456,17.8622105300046,98.9585028723743,11,6.7138233853224
6.35478346804691,314.457699627646,151.243754577109,14.3331363564433,98.3695780171815,4,7.29385413265721
18.573172754984,660.594977227418,189.429635574875,14.6315135150016,100.879869516294,10,27.7264064517134
26.376913928978,245.652728393021,91.9615108884736,14.9076764858145,99.6099730030649,7,32.093562141004
5.12132837044454,544.92192118058,252.111065012102,14.3536766082998,98.5530810703871,4,7.77007895614663
4.93552253627875,686.001799353097,57.488916010518,17.1145277653865,101.802700268991,3,5.3969611410946
24.7929429294468,568.459362547008,257.143653798875,14.0741010657837,98.6558686742564,10,34.8613673524882
23.7192862418223,202.669402953284,216.553724218554,18.2313593469254,101.306820096065,8,25.2627798407243
0.0304059597437168,244.96677270478,58.0468835108841,16.2885346010775,100.621617230036,1,0
25.7361251351533,227.594173072732,45.7444023577981,17.6301211610393,98.1588553949866,8,30.7041524037063
5.19618063082348,277.47846821443,36.5363197831785,18.4621251277397,99.3481984285122,1,5.48578328301123
25.6436840816618,515.744944390275,164.495193111952,18.4706226626892,101.227384682981,5,32.2271485024602
19.510563913228,775.559790292358,82.7167686617957,16.6634843445263,100.473285945404,7,30.6283988180923
25.2432026902408,421.274520901214,262.793135403604,17.2404760449073,98.4755483615694,8,26.453814930584
0,673.130071377087,48.84207024395,14.5392111526725,98.862746508156,2,0
1.61088915382047,362.145212988005,221.927314770673,15.0194950611703,99.8836319569371,1,4.37608696143362
20.5254027444071,783.592653833904,113.891062344915,15.9942369643483,98.2443972824924,7,28.921105527323
26.2226418870044,429.64265289739,23.6098441220596,15.0629577423935,99.1967123466733,10,32.162923541188
25.7701065439055,317.079000504183,204.010785586985,15.9014158689886,100.483053486288,10,31.0545092161949
30.4394214693906,314.800976763164,166.863641360743,15.6791939118601,98.1613211642979,5,35.8508195876601
27.0008201694225,268.545179372785,77.4113525309835,15.8445452062342,101.007795969776,7,32.0768375830462
24.3776081498551,248.853175916946,108.876822725216,15.4307479637643,100.125461629897,9,29.0994881747712
3.67413663094134,755.984526824827,57.5133690505648,14.2263395192803,101.258684489923,11,3.14151726771724
23.2884087997856,633.942710283345,53.670366485377,17.2540566878332,100.924142930027,6,29.4356580893937
6.88381784763286,287.333188550637,162.361705140098,14.3469077093246,99.8875621578067,11,8.68181327085759
10.7495505142991,561.256882121707,154.865316913023,14.0377734015247,98.115577993447,4,10.0838836831872
7.30430283108427,478.386856256992,70.8058290256711,14.3695187385414,98.8820219723051,3,8.22056135611858
0,243.265741126117,94.3482415379827,16.2299072639714,98.9199225596964,4,0.884023565534092
19.8842071997247,792.655754025044,268.959893959025,13.1797020670186,100.518382589022,9,27.5253162756408
5.76563446546398,341.994291406608,108.271819628476,16.9597199650477,100.19377473137,11,5.56423614058187
20.6304703902578,543.992522119128,141.864823409598,14.8255734027847,98.8241531542635,6,26.8945720728768
25.1052431584311,416.230889006669,59.8427219262611,14.7688237234077,98.2246570252045,9,29.3520886097225
7.81570601012983,492.553472738265,26.1483253809639,16.9635745797516,100.849405718013,2,5.21310031837162
18.3414151980601,794.490733702283,173.02864075509,17.6676416449463,101.510714427379,7,27.2620138321093
21.2299449374331,659.192469425247,80.2840298113527,13.8062592353939,101.361343299847,6,32.0665871194995
24.1796924195544,343.025363207782,205.788452364523,16.9069125464772,100.890519946919,6,29.5476018722022
9.37464287961402,622.332738300614,77.8356248829494,13.0853452349215,98.7227838507154,3,11.8560544989132
24.4955814232777,478.724006952218,112.196461752025,18.956472332875,98.4739829300869,8,33.2786972486283
24.4528474490006,342.998961761394,181.868514753017,14.2647482740027,100.932567015079,9,30.5429741199636
16.7111927370218,534.989406718706,192.86821161184,15.4839928226482,100.351752075765,8,24.2348501105896
24.6551222559573,340.237008064706,105.982535591387,15.6584013622989,99.009690518563,9,32.3395137916127
21.9274621416058,687.124071015489,201.755161217942,14.8329643124504,100.028525025223,6,28.5685686204609
4.15594696650516,376.65155084087,160.657816476105,18.0805683828391,101.745469372396,11,2.80340911386403
21.3144025999038,259.15253000624,223.763965697432,18.9629266869511,98.4592231842185,7,30.0537544171013
1.77247548320381,717.731818899004,209.34687475816,14.0226235908879,100.385334217589,11,0.951490029033744
21.7345712482594,301.604355339519,225.405313340109,13.701543232118,101.684998192354,5,26.2041332192258
18.3112558592074,624.99260339185,86.0985606921792,14.4408266083152,99.3515304718034,9,27.434414801156
8.92519598934441,721.212027612946,40.3210978668983,15.2120725770361,101.966249471448,3,9.57605948042494
0.650146559924646,636.22225673092,20.7031378801024,13.0017928585311,98.9770907675434,1,0
5.53121913683769,769.877846438179,102.583405588473,15.2053891345958,99.0285095009444,12,7.15950511903636
24.158260435955,362.345038517448,123.479981585507,16.4425741595481,98.1729769959002,5,30.6161708962142
5.59670311449476,423.780635622521,86.3478302183385,14.1121738687829,99.0316204891765,1,6.18686366259875
26.0719072664646,581.236094941869,60.0293511992612,14.6504815496286,99.9661302313752,8,33.2764755361853
3.63439320409315,270.497550061154,126.806294523954,15.564276289377,99.8654579142768,12,2.77602757013418
17.9571685571464,792.955330741095,96.3931586131308,15.6616802292704,101.649203335455,10,25.5780138091875
8.99011900255996,595.998871793807,28.0038325018031,16.3688268831015,99.1356759431577,12,9.84622462689973
0.802845770441282,607.842802995056,229.244072180314,13.7838943304726,98.4593657121272,12,4.13993209693599
18.7458564815854,550.228267592545,149.937544857342,16.2947500949618,99.87109797892,6,26.9164999793387
6.54229790156824,502.933888749543,63.7742553674763,17.1558818016526,100.05576696498,3,6.15041786080541
0.35196408300507,316.674531083048,102.505657836567,18.9975336553424,98.0952955393879,1,0
4.14483242272433,263.317159445425,164.009056214534,16.0005233639097,100.764972747555,4,3.53720610832031
20.9543703845198,352.66628365345,44.2372059565798,18.7366367682004,101.655196562403,8,24.6896859839402
3.92575847605004,216.960650539596,149.891047038114,15.6469741648686,99.3859023931112,11,3.58689773193082
4.62478052954548,574.111490042927,204.145359876085,18.3623541401659,100.258621423289,1,3.4172115630083
24.6708424190224,308.408732890712,61.0234646148664,17.3520038148817,101.624228570735,10,30.2434167918541
20.6236256645446,752.656007198744,147.231236258249,15.183914041608,101.082764404542,10,31.1364040589243
27.6990230439964,265.663719764852,244.077833191056,13.3384873079371,100.281276344384,9,30.5274850551078
5.1528185899759,392.039509854224,195.90010417851,14.7775108976359,98.4506437638343,2,5.14892391166458
5.66560980135035,715.491113100747,131.77671467756,13.5695951122175,98.8329755811176,1,8.30625175970048
19.7968566506853,572.881047343028,26.328030653062,15.3179947358022,99.4881544486587,9,25.1508263118684
20.2542164848549,448.417330922224,252.7531311546,17.5222518665644,100.444582925677,8,24.4970030205083
20.0735439634812,638.911712251051,265.438834137411,16.2646612127121,98.8616144252354,5,29.9081787788051
24.2199908040833,440.48814554056,215.98580887593,16.2794831628668,98.3201806789846,5,29.3776867902793
1.55181603051649,293.940454726142,77.320368056062,17.7649016559673,101.883595750782,1,3.64349328485858
3.03065811555022,787.814995734041,165.662547640304,17.8814845873093,101.24300790161,12,2.37801337764142
1.51821926308715,723.409018702384,220.979211362596,17.5951691503467,100.647125024807,11,6.08201368547048
2.77595483730852,642.754281267331,152.835385552515,17.4320005971171,100.896626391459,12,5.02923278616759
21.3761967596166,368.440022493662,262.521713010044,15.2838170766009,101.402026323548,10,27.3791265905778
26.8922357542459,504.232027764126,169.12196101895,14.7866627830943,101.532032704616,6,31.5822428499341
4.89359396915612,252.688003997457,21.4619812575298,16.1137498179712,98.5874235890368,11,4.86697392217576
8.59164419847032,222.897648836724,94.3095061903181,14.0986955035438,98.9786318101801,3,6.03303403704407
18.1200503293052,767.618351182326,268.929518744973,13.4139386813524,101.890854037296,9,28.6242911420115
1.8541973937556,450.774389119688,265.215245191211,14.0860677818674,99.7101772324351,3,5.3976593904408
25.2846396255638,331.098546062238,250.720982124114,17.0524370348121,98.5496983178894,5,29.1322084059555
0,673.313965796683,71.3989836229558,18.5318700322462,100.729092572754,11,3.61989549708633
21.5848331202321,515.576362270352,83.5326157916631,16.9534918683509,99.8941992856923,6,28.2121477707173
0.253575003395356,596.928363960838,171.30127637905,17.3186100752038,99.0992790119106,11,1.02603378409686
29.8603326754267,264.954453804148,28.682639134865,13.4603343394434,99.389747354532,8,31.2051484982691
3.41433261342852,467.336124723629,242.765141229299,15.1142909107595,100.850416595085,4,5.45496551191861
8.30610381954799,444.897698128173,142.455565380824,16.7765459381336,99.1299933768583,4,10.8230598716556
0.744889925088677,376.574445812023,202.746131737928,15.8859049992066,101.598671718312,1,0
18.3849567377436,306.959315076505,173.371973130366,14.8697931727475,98.6580315132689,7,24.8029717579125
2.11056975580982,724.176415538499,110.220199025373,18.5999105143955,101.182019298037,11,1.53397857399771
0,645.439330277348,245.733293078373,14.4235621086801,98.9400844700723,3,1.53103986696037
21.5924740639736,538.17173123567,81.1149326442174,17.0633977779554,101.854340318261,6,30.4571158618674
7.50076750262127,363.803484336265,148.071763078124,15.8308611802091,98.0832838224299,12,9.68649391742539
20.1685676774825,580.546230504908,125.181108551949,18.8056301394677,98.7561726268375,5,30.9322135229322
6.50528543801236,446.515838564377,199.607554959099,13.0117612056287,98.1251836857354,12,7.22547402298666
25.8637440075812,201.235476260797,196.832731182221,17.0153139483561,101.289250657459,10,28.8960114123295
20.6241804835033,573.506967986546,132.800863293637,18.0782433822236,99.3426091576247,6,28.3863532528728
20.9605572664259,599.528336324904,102.618628851305,17.6591584017143,99.7018371054162,8,32.0196786673604
2.02407056402006,777.417124882498,72.1412867488807,13.1891568360406,98.9902321010064,1,2.29044402895188
23.2522275211429,695.636006328785,31.7039116216785,14.926153544211,99.309083830213,7,31.8494745534397
31.1243875321444,247.264075716593,130.024243533058,15.9038348715413,101.674484586913,10,36.2803288570926
1.24161493186812,389.982525780236,20.6926872191784,15.5091689272577,100.836241405471,3,0
3.31418095500695,226.254913682015,108.269956855504,14.3151813991126,99.4675987095281,1,4.19924775090511
7.29611202038161,240.882836462715,262.128274846087,13.2500325080161,98.1130907922395,1,6.58810733785242
7.27238438082555,479.059252919998,183.124074513831,16.5403030330279,98.4039617825755,2,8.67955417057226
0,325.344934072558,123.439223359512,18.7294458079948,99.4700676514426,3,0
22.1167650879971,236.45226632762,256.106049563937,16.1074857785566,99.1282304779756,10,25.2346005339465
27.215046066063,576.334123297622,268.792043968242,14.7037122443976,100.601222079232,6,36.8918605925854
24.7398093246829,752.908586332483,214.159094370299,13.9876098895092,100.398937550218,7,33.3525472089219
5.8924645965032,695.142216133389,96.0599335104725,18.673859322741,98.6500643661456,4,8.08979423399379
5.34351915761981,232.128245805446,241.465321577428,18.3443951995648,99.9833577451118,4,6.15517086081022
21.4201744231072,378.613230342493,217.727649669675,13.5043999340682,101.132242248475,7,27.2846461077727
32.436161608918,222.690346471562,182.328256623126,17.9442772398969,98.2017163283942,9,36.5181355840012
6.39977170747876,452.340260686432,137.200280216948,17.2039412441748,99.3828817705713,3,6.96778693447087
20.7347489440319,761.404841460947,87.3661297662875,14.8589634247582,99.0858598601106,6,30.8134271865865
24.821893160924,315.61822519869,94.4392492970417,16.213912231608,101.29221885361,8,29.4943858178067
5.51715201665034,638.374609760004,149.507241626476,15.1060180416895,99.9013726898138,12,6.64415135784962
4.36082599081222,497.392011919662,146.170856348469,15.1751394986131,100.955103974326,4,5.19049609879352
22.4454095935305,511.793015259292,133.123706797091,16.2616142155345,100.898914776915,5,30.297765196197
24.0085013538396,699.849149500032,218.880339645833,17.8662192776501,101.357047878581,7,36.3197254932205
8.10134037995056,386.632841075423,82.3539279269185,14.9030978825714,99.0702930162503,2,8.7661388134818
20.3198927019715,395.018466998654,50.8211608629992,13.7192891011475,101.050478934473,8,26.3812158837932
7.07468353314317,642.771619504507,62.8531923618823,18.3929268273864,100.988197777609,12,11.0264147640262
4.72809637938125,284.250721943296,174.99012435473,14.8338630869588,98.0846214111339,4,5.26176596643784
24.4525488951519,264.251930996141,27.9924783969242,14.2749514146347,99.9022121772662,6,27.0552712638659
3.23605386562799,446.092939661716,97.9287596135754,18.0500554698386,100.661968067512,2,4.58801655279972
24.2979983275424,436.335791619223,62.6390502249593,15.7590606354004,100.468351397082,7,29.8815167923796
0,381.416219076299,26.7268954245685,18.0338203273035,101.617289247796,12,2.37076223050676
26.5420086664609,352.291539723544,255.84149767537,18.9309531633522,98.9732522876475,7,33.5703529460214
6.09285202395244,728.245621620027,110.990947965787,13.9921512417135,100.684557816537,3,4.233238200654
6.43831639805508,445.830364335585,245.248359008461,17.3206079261776,100.489768890174,4,5.88786707611575
22.7222844066334,385.3657915691,140.385391226614,15.3323860268549,100.019906793168,8,25.4421784811258
8.47748039019229,672.163049814424,262.517446766067,15.3876713593269,100.9344845509,11,10.7327762012235
22.2528480378937,707.563928580073,54.773779023395,15.1937551798673,99.3554146296215,6,33.6592338644689
18.7273786265649,620.583591428816,112.786874806765,16.0810369112135,100.691778672229,6,26.1706754800286
18.1764249531513,778.550870374267,82.1482051102081,17.4458724857523,99.8881507065606,10,27.2238011001544
0.674223562168383,273.717466973633,207.241869890844,13.9428275802626,99.4198064342727,2,2.76739114386304
6.60233918396171,468.643807427735,80.7672263459495,15.4150178485417,98.9114735871637,12,7.23703557612558
22.2616070700321,686.65145658165,159.911536551848,14.2344336558572,100.259353884944,6,33.3318339231258
1.93322140434275,784.511251098556,67.2563155469866,13.8538073539621,101.548745725853,4,2.33786793349697
24.8217568441832,318.873632092304,36.694437738652,13.4029934865449,98.7754890952871,10,26.1415782223741
7.42243552810116,646.228639251138,242.402151593224,18.5239288542341,101.51258022433,4,8.43573458714446
3.85885494647665,326.826554322406,212.896134076859,15.1158860288786,98.3381528127934,2,1.66743767247944
5.35430082498143,438.561382219001,218.462179554497,15.9458317991358,101.959082865694,4,6.63597367363053
22.9696274804727,650.641212603476,269.280396912676,14.2447621175725,99.8737243607196,9,32.5535140872501
10.4936703921178,662.091588769477,232.686362917381,15.7992923224008,99.6773803564738,2,11.2560929779316
28.7310571314686,234.412038618489,37.4552126502883,13.0286679956937,101.407615678848,6,31.3071983768295
2.0272434585261,353.270990786037,90.6820029287103,16.3187765178646,98.4701986363319,3,3.79954869425971
19.7720454859376,777.844214861403,123.340009327969,14.6233605216733,98.2640765957165,7,29.0018198057657
5.73499465993982,541.263132712629,257.219291080611,15.4518429561733,101.353826872657,2,4.70430854253485
25.5010032988986,547.001783958104,25.186848153363,13.710901761967,98.8687043556928,10,31.4580485537883
5.05017799030128,353.305178097827,204.65753794069,17.3347890185962,99.4585503953376,12,5.05187866913899
4.26765493148825,470.450258513833,36.4388928884512,13.2480644572862,101.339422655834,4,4.13401123227908
24.9033631960421,362.699471307007,63.1183095346976,13.3191864437652,100.528911809697,5,31.0371917319474
26.272921782196,282.527305367077,81.4504172207737,18.2363162839589,100.971638161658,8,29.2122925485707
28.2777440608869,370.916146471645,131.185109287026,16.9148186156799,101.952102372455,9,38.0506367094307
0.460736322368628,534.511608649279,246.076108660432,15.516964042809,98.8723552762032,1,2.30070059387041
17.5101281298439,514.1329425827,234.546903768894,17.0735108394801,99.8475997398906,9,26.6825898605139
17.6879939612176,514.695884560374,99.0876244822731,15.9695322302158,98.074514192721,10,24.3035324419419
22.9986496590944,406.395723949673,266.152505143654,14.822797882458,101.564213503692,10,27.6351125641615
21.4574987874579,461.625525283676,35.2968712981032,13.7714042426097,101.574758607862,6,24.8846612068739
17.6034243343876,724.224696546005,34.7406673747151,15.4101592931575,101.010589151253,10,27.09377569189
21.0655494687805,751.98765488706,140.253977035776,17.6804440205222,98.8463024710922,7,28.4920680210903
4.42857804585358,738.464864664899,105.074681078066,13.7024746381353,100.760296109461,3,8.53687651352469
2.34624546043463,341.039058206266,237.433941849054,13.3741682981725,100.040266645935,4,3.12026870687818
24.3743664884621,580.850954542684,26.3533943762034,18.1186476985846,99.8826493199364,8,29.4127443379056
18.9633810296149,660.647381922749,240.869967329788,16.6735192648756,99.7508367817296,7,25.2151828189778
30.2766355215228,396.568931369321,90.6391195471636,13.9280091432431,98.0622749562434,10,39.3394910129536
23.3559509263869,486.255722952333,217.545305957444,14.7328678827995,98.6468345387381,9,35.4407288054251
3.11160630957763,713.760060553346,24.082676085404,18.2039490922445,98.1896591865097,3,1.74378904834861
20.9675672386654,621.942475363212,248.715324356538,15.1329145084845,100.91783320109,5,25.5877474962017
26.047927430849,635.727731956685,226.720546417617,17.9886060484608,101.639824429831,10,35.9683448887262
22.5585759101428,247.874277311137,165.80706320876,16.5401995859392,98.578063560045,6,27.4388551400937
5.35142111018166,231.679755295723,228.05757667227,13.7518414655954,101.260808712533,3,6.74450875922339
1.64641352835851,613.667769347953,220.445970214766,14.572854883136,98.7788249515949,12,6.72610691547971
17.8856744279469,543.633419014529,233.738029724266,15.3862561674306,98.4727231603442,6,26.0416093619679
2.53150344187597,302.604308293276,190.903897584786,14.1299954860194,99.228044636761,4,1.70254484470484
23.8680236289253,202.637013886631,262.496682376647,18.41037178841,101.206412187196,7,28.9739737719937
1.45220540790654,341.218349533385,164.365894089543,18.0754720967414,98.327539997944,4,0.97763342055958
3.93359144813424,573.74569275573,194.41962647079,17.7704511208545,98.7075678822906,4,5.91352827173308
18.9138006293908,417.43956479956,138.875517703258,18.6503707112417,101.299443322407,8,25.4681581752112
19.5270594379946,590.259246649528,266.970243607086,15.1914430164582,98.3237756708655,10,29.3161498833307
28.6579186715964,291.887638905852,25.5905039983699,13.5039285779147,101.416415470315,5,34.984901427341
6.42955187443633,589.079063169421,204.356556659905,18.2877850154666,101.564308911772,2,7.30459600354959
25.7566310660198,267.01367720874,80.6029777949441,17.949910816057,100.423151836064,6,31.2353008668535
21.2000918415896,737.438549451175,188.311807835896,14.8099531787807,99.2556568116354,5,32.1492292775448
27.3325047668226,353.714055058327,64.0809425644584,14.4826696981946,100.46879505304,6,34.066210391907
0,202.730550146085,105.58931844115,18.1481827449965,100.862586140747,3,2.1436683127659
22.0052687656675,680.586123252971,191.699488040828,14.9590814559625,98.5692362253753,10,29.5354331161834
8.86496274556031,392.501332408246,122.214045894816,13.8606168919979,98.3216066549546,3,8.79044212276239
9.0324982479473,445.49653205466,186.101748117265,14.6157129256536,99.6180224075082,1,9.42095666136906
30.0143251853733,286.610644286237,181.510500855982,17.3281559860971,100.271964401917,9,34.0060062157984
25.2249486595754,321.995161902738,48.5630328271471,16.9855839148662,101.803887941568,9,28.9654369079253
6.05578838823099,439.3633199464,193.441489155276,14.1385013667814,101.38977207466,3,4.73806416698793
2.12393168261363,374.776274561467,89.6675832917625,13.9247421424347,100.707560347235,3,5.22432774372126
27.0097575380649,503.221799074877,126.189108835063,15.6055522198907,101.407928937665,7,32.0742895970361
2.80974511354197,360.28820321882,148.319237357646,15.5451559032666,99.4958107595323,12,3.97777423365296
4.91493455059459,462.270769592251,114.862304598671,13.2578687480972,101.604353125705,4,6.78532575011643
23.304811090367,217.46745415698,85.9722242207167,13.5608593050036,101.102919351613,7,25.5368471160164
1.02011356504038,502.005524302759,60.5646820810841,17.9651252380787,99.301866189948,4,0.523013313454839
23.8848609546073,560.566668358576,176.677282481362,15.7665217607002,100.45245505715,9,31.445098192203
18.0106853572818,739.047731856361,208.802778837593,13.0086821466041,99.5659382800237,6,27.6273631940949
28.946211759275,629.360809599068,67.7981712529072,17.6547532724171,99.372371469115,5,36.6818251742627
21.1388489032534,247.228116668159,170.860917674117,16.4738561365653,101.788144402641,8,27.6447905781781
25.9176748360187,418.835982787253,52.8328621174705,17.1451969231538,101.006427947914,7,30.3218383788653
4.74079689522089,655.542028613887,181.036739205591,17.5114055875753,100.247427417293,3,4.40684482708515
23.8567732647295,630.927198595549,94.6112904253826,13.8369242702032,101.641817201284,5,30.8489884415092
0,232.101366602171,109.618975262671,15.8139434201653,101.685024178648,12,0
30.8805951330821,216.929404551255,187.752634813443,14.4018580987485,98.4253122802488,10,32.0951329156434
21.1227476135533,497.502844368947,135.984149431245,15.8506135328002,98.4077989961006,7,27.4902767399341
24.2155831049427,468.516604432253,132.372987418817,14.0209478661468,101.846676472664,8,27.3431676996427
8.41705901326429,282.35558144682,95.8606232157963,18.3555776948358,98.7258844968214,2,8.3142188095852
23.8893811497445,358.895822917797,223.291054726854,17.9887991587424,99.3259004456695,5,27.0182706714434
4.56938657457053,409.729590047238,95.9290451294043,16.552345409072,100.173016037036,11,1.7964027119483
0,672.318532762986,182.112062367465,16.3548289147577,99.032821486506,3,0.381519185959142
8.24849463973285,355.61001536466,34.8688655007295,18.7287455291092,101.926363515789,12,9.41435619615968
6.6692832020643,683.403509220383,247.60873309556,17.0547228759251,99.9197668054282,11,8.36480889823389
28.7561355777118,704.108848584599,261.562596358792,15.5243618817585,100.483586293428,9,35.8943241240862
29.6291022216192,348.106498137865,65.810796391409,14.8903041054494,101.52490249228,5,32.2591262216261
0.467244344859024,711.684454142924,130.319576283073,16.8190330332039,99.6514028575575,2,0
10.4114465309949,248.455126002719,46.936303554054,17.0948613052157,101.184207833985,4,8.7108985509163
25.7806777910932,429.484103452348,123.46295191647,17.9341315211997,101.942242612766,9,29.4913812210379
31.9259010425481,259.690468295223,237.036679293417,18.7808326572328,101.087953312208,6,35.00403555831
22.8194716317863,393.901683291301,168.403930040355,17.0943027762134,100.305388805053,10,29.3595090570517
3.48338565764513,369.895858726294,54.3716630946396,18.2955122075319,101.06319502457,3,6.44551265334858
25.3390783775491,656.773494982115,262.376247866226,15.6431435370249,98.1363681182284,10,36.4519530291689
5.44231834619925,699.360562195344,159.351800691211,17.5591796414966,101.77030624116,11,7.42902032652779
24.9450603963832,400.356662935207,38.5878249828365,13.5526690607229,100.613222673869,9,30.5889182670294
3.07452676082902,403.510457758808,111.405145446095,17.893001477933,98.2503110376441,3,4.04773562041781
3.72809497634137,778.810697949074,56.4420594428762,13.666574527041,99.7790039243834,3,6.41964610953507
3.78146508838852,297.447414518331,240.78905793315,13.9073709479872,100.384953650869,1,4.35042175641261
1.90788490243034,483.873329364669,117.889380102578,16.4664487030212,98.9920178134359,1,3.9649197563887
22.5108265343166,555.159598602681,144.920854287886,15.9503369442968,98.5567479553762,9,29.8807956811124
22.1475345541858,594.731733353877,230.079558802188,16.8001866479673,100.706156650124,6,29.9653487104758
23.1707442460967,292.12060444028,161.9217938428,13.8266169353687,101.853575087109,10,28.9718537299376
0,390.263885414775,32.1286608203316,17.6461241982506,99.9082308324486,4,2.15402154845058
27.8823301246644,288.972540667704,38.6085205203011,15.4452326992602,100.853508852692,5,36.0545250461265
3.46236979900315,654.163776592803,63.3997737578332,17.6528724537141,98.9762410491278,11,6.70606186427634
3.04182713231309,636.536162909087,188.653198843796,18.726800086752,101.348987319851,12,4.75139459105403
5.50991025554182,693.104095225006,174.338775287482,13.8586883483704,101.961846641405,2,6.8262565983799
27.1936840795509,457.632698421001,109.424738867904,14.248848048419,100.628685894026,10,32.7507674149541
23.0820505159119,211.342032768774,98.2739504005891,18.2005917978836,99.7991357805489,7,25.4344033523682
0.043599357913797,739.741586569275,40.0426153915806,14.7384156428364,98.531908307612,1,0
18.4563484186815,263.34241760183,37.4156936307366,15.0252961696721,101.660184897009,8,21.6436223285866
8.70387032882,334.492181915211,178.767927166929,15.3201828654304,99.3911237926687,4,7.80063096881103
24.8789402887317,218.464581591741,218.783478708687,13.4590759374621,101.434538339898,5,27.4931596691117
1.89756298489318,437.256939706599,145.573755548313,14.783267330901,98.1248402221302,12,4.56107726365221
24.0354722680698,616.584756117689,192.191322839872,14.0761540237285,99.5905418538649,9,32.5226430576686
2.90867816970395,757.331555986499,131.877854238069,17.9233809843657,101.189953617194,1,4.61460138621058
25.5146209179435,528.923092329239,33.5912152904074,16.6892008771894,98.5904735479916,9,30.1208730566941
5.62961884721306,252.405441606705,20.5793270690053,13.4638395240282,98.2565145016735,1,4.61910122883751
7.4508898299694,730.504278645229,220.340746291071,18.217305282287,99.1936528370075,11,9.7775114305892
28.0262832849755,259.097393300298,236.781616952206,16.7993805304461,100.860240481438,8,35.0322822851216
23.8923977524199,322.362693844889,265.928087879061,14.7933172031051,99.6275976840927,8,25.8650446429305
2.88104051644425,332.071536812327,96.8722473671129,15.9806809784677,100.441335454552,1,6.37322618003299
4.46495554088878,731.633773057233,203.422610988959,18.5551668169672,100.78855976622,2,5.8824876108993
21.5028282371564,445.797701037458,205.044984512276,13.2243518835856,98.3246106972732,7,30.4933503976128
19.4519250663008,706.059890220526,186.394402727502,14.4401175357059,98.6538404393728,5,31.2907815117038
20.5926338793894,534.020849514097,225.170501691763,13.4617941452406,99.5470495483438,10,29.0708698321405
9.26848327837524,486.721355078267,258.877757596099,18.5890532260759,98.8448187908237,4,6.86350531152453
20.1941632706959,672.202483554996,70.4234356504281,14.8504068426288,100.791014195017,5,27.3169888768242
8.62993570888335,326.562961043462,202.06911906095,18.0921870871668,99.1886803289167,2,9.17979723189562
21.7195901445987,362.976908002379,123.337042871205,15.225547296415,100.524915836973,7,28.1210690338841
7.39528283408864,746.849726145919,226.819102390006,17.8087440140478,100.830863341899,12,8.27135427283921
1.31769568397656,562.299538029669,248.113509778977,15.4652504738777,101.0440408501,4,0.956528664133211
25.1960712427518,428.456174889609,255.342661238369,15.5832830824523,101.311637656037,10,28.7252026930791
1.26315189778621,577.521617250206,209.193355459009,15.7950365950995,100.646326076666,2,0
2.56956607296019,649.563451760369,249.886964463908,16.3168408809178,99.3924362914447,11,3.02153579329437
18.6713261701368,627.230866254469,49.5097539841299,15.8783452723007,98.1207037339558,7,30.090645937298
5.47709411190611,503.459717327535,43.4764177758325,14.5562454816655,99.2310371998648,2,6.8348860499404
21.663309200121,574.410915142968,124.211325070895,13.5094840380623,100.827730210676,10,29.5367121684411
3.68777224897751,342.03701067043,200.048980249455,13.3708485966545,101.898465696046,11,0.416897449366584
5.16079289103085,489.224589508598,221.740204804441,16.914168139341,98.1418554948765,2,6.57663876233207
3.13868168355617,729.674556456318,229.25389314341,18.3520268586471,98.7685139317199,2,3.33404462012719
5.97920870446759,748.556365067907,52.8899184535242,18.3104607865447,98.5072897150383,4,5.34571367489174
25.6467682730262,213.082963674622,191.007661465568,16.5717812489422,98.5168329496253,7,31.4648782177364
0.0872212916400443,352.640430549979,158.532981747681,18.9207913123145,98.7664716152992,12,1.90064169067417
5.38893123790714,356.952277084072,61.7816834770156,16.4042334158286,99.991435343167,11,5.73175193909312
3.91965594092169,396.417877665514,138.607568038757,16.716771005771,99.5256920077716,4,4.9068434705979
6.6412301015855,382.188299952067,213.783545006275,18.582802917442,101.874819863158,1,6.25839673237238
22.7524763963411,368.737536515836,61.3003826572549,16.7930487316673,98.0759743999501,8,29.8195896318469
26.3481722299919,483.960916936057,243.747860042212,14.1803375456841,101.366824965034,7,32.7291277187995
8.74730165828237,344.572946259242,61.070182931512,16.8274612624719,100.279018437016,3,11.4584988168035
21.5426257626591,638.12874367658,40.4350218356106,14.8684612808007,98.985320771159,8,32.7435318201069
5.65670292326042,217.279093962546,110.828439828335,17.6662697909826,101.225411759761,12,4.34415655677834
7.91993764365724,777.721503499991,214.5787254719,16.2509247521582,101.801840522112,2,9.03908934365972
5.59978298999772,313.080289653978,213.778038212101,18.6214044162132,98.0289236578731,4,5.75400865294297
7.35860844867087,736.635126049705,236.237814350549,17.3541670817721,101.86904669845,11,7.31081141699067
1.15170817976793,607.606402102128,64.8984781066154,16.836809279674,98.2375562479155,2,0
5.54159697404186,730.415178690542,74.4914099857604,13.8703224728203,98.5089758261561,2,5.14260894291177
4.95202366782293,460.950877173867,71.4766922366803,18.9177476221181,99.527487913443,3,5.07992278003487
23.3524131450634,394.33303365338,71.8127115311289,14.1063068694931,98.5144024478698,10,32.5690842582701
4.99982830683579,566.284085089178,125.641297155727,17.7805098827858,99.0852086248044,2,4.54429048054814
13.5600984148727,317.303520141922,268.755141764972,18.1548804703648,100.462535330951,2,13.8412043685172
19.4836855554875,452.579958319608,189.336448628054,14.3445734570384,101.423473055958,8,25.0153711469297
25.9521020418775,525.043066258487,105.005452781036,13.4663565836435,98.9406785441502,10,31.6072381636126
32.5660295772715,274.083443753682,260.000814795029,13.4379506167471,101.436387023455,10,37.2454124472539
22.5964003565835,680.831534405022,160.583840755046,14.1683593605428,101.737909637536,6,32.5494245054913
1.74990035182811,475.01797615218,29.6949102808117,14.0321883167219,99.2846841328069,11,0.96164562871678
6.86659765910383,519.190804506807,38.3527641278054,13.8938949872499,100.803104615587,2,9.36151660837588
21.872924421528,607.345190008795,158.504961006028,18.5760345945082,98.6096898435913,6,30.2084748615682
19.6276228587757,738.985103548455,68.5572869325614,13.3969646603858,99.0801138914333,5,30.5956403984047
26.8163257364248,282.460928614356,87.2809104465248,14.8589544715425,101.248143151938,7,30.830116140751
10.0403137534568,315.053287025633,113.173022278141,14.006558872991,98.2160378978727,3,8.98319956645159
3.50972542878955,274.245280375447,169.129204748351,17.7634307659269,101.07129054917,2,3.29653358371475
5.90722159213812,777.743571155121,252.795294991028,13.4440201617674,101.922668325817,12,8.72508861563716
1.82884885260731,458.765082059389,42.0414296049013,16.0878490893979,100.992771436071,4,3.44512477150944
23.0874262833604,630.890872682116,250.760413997022,16.4388114548808,101.220458286585,6,31.4930499083728
0,299.845486139815,127.553904677876,14.920529212437,98.1615776037724,11,4.13015473278607
7.54643525671722,756.799589604322,97.7099338601056,14.8164602328999,98.3433655565585,4,7.02878965364418
22.6237756828803,275.318081297892,92.1584122012334,17.9113451539075,99.9267445589238,5,29.0370703061996
20.2725831720469,605.182836652654,109.182261096039,16.8141673238249,100.25586098794,7,27.4359252301651
2.10340747283179,215.985982793775,125.074018189142,18.4433669199868,100.995974971968,1,0
2.23982182339375,718.567219559388,119.083204091898,13.000685511625,99.0801845831741,1,2.41335356580388
25.0562109883426,432.951936565439,231.65784355221,13.2865011910756,98.1090217361719,8,31.3427073665861
20.314865890426,576.785680610721,104.757266057464,13.3202453908582,99.6627231736155,5,27.3980995653043
10.0096761471382,559.606302941144,79.9274753482068,18.2257146967148,101.470703019494,1,11.7862207622074
7.52966254872546,321.531448394427,252.951988135709,17.0153273453185,99.7905676929238,4,8.15423031852568
21.977810872669,472.698384358513,214.648161878464,14.889372853302,98.3672058920484,9,26.5051265324781
27.3650909006267,201.469819068249,27.0708180745259,15.9413364631478,100.532148671156,10,30.1562762538569
22.8832836216088,669.982016676782,158.88896175115,14.9647785818735,100.451005189839,7,30.9306026743424
8.38388316217295,473.199350972265,176.669740079775,14.333156551713,99.9380965869507,3,9.58388956826272
10.2325432046224,366.550851899845,57.0278248398296,16.9428199515425,101.739380287052,11,9.35902513686063
3.28519503069685,436.201228400899,103.204281221306,15.4257664286838,101.723846749835,3,4.83096798747995
21.7482147654332,444.774013956349,65.212898478979,17.3701813469441,98.0983554995662,10,27.4910875804059
3.26817304703167,295.693153483672,41.3272002579928,15.5840965202124,101.375400658461,2,4.61345187116008
11.0756446361233,419.807809191739,148.080411592513,18.0235888164972,100.503789949884,12,12.6382140455475
19.084103919866,605.91277886739,38.3765262409167,18.7523983885971,100.840939312858,10,26.7837191349482
24.3199068437855,535.655501788632,135.242664751372,18.1830080660519,99.0184105372412,7,28.7672179051542
19.0312205057857,795.267579509873,139.551996147063,15.5559091720047,101.289313337237,6,30.7225370550348
25.8153231780787,649.239889613362,169.206653545546,18.6699680997001,101.938098243902,7,34.257622494996
22.7862237150661,697.039771095164,233.659742126389,16.1157741297258,100.517429900608,8,31.9550670244472
27.4928727216035,288.25683887174,26.6534817330777,16.7416633961885,98.4036325782691,7,33.9121862979474
20.588784003986,512.229524325236,64.559666948664,13.3395133142769,100.629880314885,9,27.7417103834657
0,346.633749390831,186.940068563944,18.4216731846229,101.606864780585,2,1.23501491098941
23.8327224377875,343.324572937149,126.963688049928,17.1952008298399,101.333245724974,6,27.5811807410324
18.6893903458295,397.528209425263,64.9344183241374,17.7236182769918,100.108976581875,10,26.1699623864931
25.9495661471409,541.578788476678,67.4328153739557,13.5112343506674,98.7711864654269,6,35.1421374755776
1.42867673467233,448.741182780331,66.856528602624,13.825219109245,98.5788115500471,12,1.70151988369467
24.6045533733939,438.919990922023,250.1888350218,13.4198300259956,100.348065123874,7,32.0585284142044
1.37443781778445,419.234149860361,115.212566423652,17.3662943586931,98.4110969717623,4,4.42062518422845
1.56416017657744,791.868890224014,163.936249476418,18.1411472526827,99.7876796687889,11,4.43708101949841
26.3962516377776,453.454853981987,162.873724523438,16.8318385755917,101.723447916747,6,31.9643983704122
18.6203216057908,751.103038820992,208.779308311585,17.175631064333,100.190943498199,7,29.6853400744442
24.4524268616166,795.773454452433,140.487895006699,17.9891358919498,99.2048387804525,8,29.8797266015382
6.6948870791086,572.687924501128,116.505022658597,18.5830099514496,98.7821260227714,11,3.96607467692058
3.87814752135758,786.126513437637,198.391608608449,15.4125654328675,100.935176778689,3,7.75525281621719
1.02036953312733,799.86766851839,101.259033095326,15.9152651974821,98.3100385177921,11,2.60146205140448
21.1248382099425,689.00074020188,44.5437375727542,13.6783496740579,98.5306714076363,7,29.4990395531329
19.0817806874088,628.994569748847,269.377482814137,15.7056481851868,100.398093667642,5,28.2347966001814
26.1479398055788,332.660840777105,253.236357313341,15.1296622330404,98.0633455675485,5,30.6618317864521
5.42027688393345,310.197070630367,134.199212310654,13.7529142123638,98.5142688288752,12,8.51866801847679
10.4396757979781,231.829952760561,200.690719880816,13.8037271340868,101.632933101604,12,6.29846884671413
31.254033315668,330.225659282305,224.278915283468,14.2172190434427,100.597220965669,7,36.8417574266827
14.3642262021137,516.90398534336,115.207660295362,15.7892889371883,98.391554998758,5,21.0332178198228
0,462.324027434301,65.2814775964162,17.085649219014,101.227193253342,12,0
1.98184682233084,652.875230452912,59.8663670926115,14.6568293060583,101.626955606273,1,2.28610981899653
6.84166643851713,380.604338150762,239.406113581783,17.9006506986712,98.5384004140828,1,8.53779851517732
24.3881387252705,572.331911464115,267.513305075968,16.8711688011694,100.125807173346,6,32.8380536028766
27.9209750475902,416.554230354096,132.201048387297,16.9255023848804,99.9107991173179,8,32.2401777211724
10.2729979315826,332.669101079649,264.820371533774,17.6739575949083,99.7329680064923,1,9.0547510385201
1.59463226891974,665.560512327933,138.410191657558,14.9734257237268,100.572044658783,3,4.03696104716165
0,375.601967093087,133.180069511981,18.8405829950483,100.672306956769,2,0
6.24151497370152,511.331933145035,87.1372077766288,13.395088238525,98.5619423335962,3,5.29596673996229
6.7449888273442,350.678234724693,161.866602850004,13.0237020007603,99.5802648999498,3,7.55442407966173
1.69018355569095,589.033530143657,117.641965017375,16.884721493977,100.473185303263,2,1.84784566716391
6.23642106840495,304.532146422942,236.775725139122,18.3280236755131,100.973825604633,2,6.38533949258842
24.8265608845005,237.642963222095,257.927220506741,15.1560371148097,100.508761623613,5,27.0223640629347
0,576.108235833617,198.352101178562,16.7223895858589,100.342637764619,2,3.87700380371713
21.3008036973853,496.627819974204,129.41785198472,18.2357025404622,100.383696033408,10,28.4233812242105
23.3282034448435,590.588562641607,111.503296210137,15.6637664179952,101.864785454278,5,32.4615582305294
2.35300556369941,246.840746018569,262.859319524438,16.2474683065492,100.336290625297,2,1.62886412796753
23.8863646373506,666.473434658932,189.967347872318,18.4756957742417,98.2931998886981,8,32.882319471487
25.5315817733543,228.98615754912,176.687748483161,18.2902341165075,100.893050022937,10,31.0313339636681
15.7858649536451,773.814488652993,20.1444093637523,15.1734231818328,99.1805245887319,5,23.6872313503179
0,763.557461427717,266.3942252424,13.8185218427436,101.561111619088,1,1.99056944303974
23.0666128859682,680.536098339466,104.465374916488,15.7060994681116,98.2670514307002,8,29.2221388879695
25.6708953526758,387.698135254316,145.610771604151,15.4067387591577,101.085410223372,10,32.7894600594655
5.79002628930758,587.394243646374,61.3276231413849,17.9569466942196,99.8520504046091,11,8.72872180780172
20.7347774209504,795.10242476589,261.301994779026,14.4507025770684,101.480935592262,9,29.2949545298269
27.8510373794387,630.230146083618,240.63556148504,16.1977145766159,98.8779282219486,8,34.9961027405546
23.0076314817599,596.314888019662,118.962798194015,17.6116289831904,101.082581774285,5,33.6048271491622
7.79039540706274,218.108508958271,219.321153471463,18.9871592207891,99.0466835382363,3,7.577551914676
0.969936712534162,221.803798817623,269.272266030871,16.1025054062546,100.966409021267,1,1.85626862829584
17.8230375460332,577.120733256766,237.775039248116,15.44639435548,99.3934580185224,10,26.7729578209217
20.5192227389754,479.134419727251,45.6873029349248,15.6690320399643,99.1962616334219,7,27.6414004056799
0.687066869107223,494.247612142393,39.8894364355192,16.2458955914741,100.242627324776,4,2.20274120117247
7.33847796115512,315.00925659202,106.313784960874,17.9709115336294,100.219821492258,2,10.7112634656102
4.94564785708453,383.043931302666,142.204600986687,14.3135885541476,98.7607131742753,4,3.31022331422236
27.7973117458151,733.912614845301,78.313774231183,18.8574871098655,100.773906736346,10,35.9173129380099
5.37439654399397,418.973278093581,59.5861526772275,18.1287642644426,99.9796329488735,3,4.82069955735083
2.46300484703997,782.520688266141,77.9336055764852,14.1254038498528,99.6273539288897,1,4.85287125426719
25.0118493159999,300.079671072014,259.440463565498,13.2893871330414,98.3936048081561,5,26.7059379475887
21.3159927741297,519.06859509459,222.419201847177,13.1606907345595,101.984860821775,5,27.5517436619339
21.698821972092,582.966743567044,58.8105749738232,18.3988953077812,101.14361012425,9,31.0621299600326
23.9424382828067,611.65608551327,127.393172069303,13.018677285605,98.5851714667699,7,31.3128528866594
16.8408461194953,683.265180260012,231.027008917074,14.3705101469891,101.652829834922,6,24.7347887380027
0.402357569547007,653.753408592384,88.2959081859658,17.0709410286572,101.9733513778,12,0.522545163279913
0.230052935336374,690.764754651615,150.358678857786,18.7620375981218,100.026123046898,11,3.65254567077221
8.97605441967189,235.459381101804,92.1403100706004,13.6016503153318,99.9533629949335,2,6.88015545480247
8.49708239240391,248.5179576374,252.214298253579,15.9711942067373,100.980961002078,3,7.44076828428093
30.0494882696813,279.86206222194,147.812471723647,17.1382627025758,100.429040063722,6,32.9165713782612
4.2071149922744,318.803633812109,96.9736995897581,17.2963118510961,99.5695259801136,1,6.78697390494972
19.19017102663,630.906318144365,204.324881549063,15.2214737843822,98.9094281840595,10,30.0416630057208
20.2704014886346,522.726668098455,78.9758631938317,16.1314598268589,100.317824091645,10,25.1498616597231
3.4046160619368,624.158772123031,84.0109403867121,18.2321160689551,101.953065709874,4,1.29329650914405
5.23744558687409,559.503144689285,251.46628818277,18.9990162725049,101.630452065698,11,6.8126586945433
22.8330631322347,535.814293696321,242.800882892948,15.9691056479951,99.2663020785095,7,28.567998016552
8.52394298933232,311.414929558491,63.8291215681048,17.4570285817428,98.3955860326232,3,9.01696828115808
20.0722685077159,716.132259461905,44.9153832064277,17.0418973061382,101.678877598823,8,28.4572014539513
19.2927089954027,663.700226136236,239.94511458195,16.2923434583111,100.281279325427,9,27.239270217306
21.4993441571368,653.604552841713,127.949170260468,15.897539180038,98.3089230004018,9,30.2443162274253
4.44477087937892,759.058263976676,212.57197206896,17.9234754516802,99.2390274101052,12,1.70370556792335
1.34572835853186,437.271548473795,107.239607365699,16.996902633711,101.334340620947,11,4.35998974027049
26.0501662527142,453.133835438082,35.4606031383376,17.759359864715,98.2972716246326,5,35.5480058681293
26.2085767422335,482.656186663165,50.8563086616854,16.7321143179005,99.7414472086066,6,33.0308243017593
0,409.828687783209,136.460399344751,13.3437551840774,98.4263886431289,1,3.02915779913439
19.6021106260988,506.72775462651,206.070530625094,15.4917428439156,101.597870117782,6,27.2633804867576
7.11562293583291,575.733884774733,247.969750325379,15.4278890021403,98.3626105079103,3,7.13934046672595
5.57231234463208,552.450964541475,97.656845366856,13.2159986394334,101.8650573667,2,7.26912543965148
27.92065280157,305.858693682887,125.358941870885,17.1603669850762,100.321422154381,10,29.644589356304
3.83020906732684,635.123368848659,198.218736743006,17.7476107155571,99.7913465250253,1,3.0844533463574
8.70733357769171,242.358791467823,192.74168339412,16.2626833793606,99.4895512717368,2,9.19876519787998
26.3523112411114,324.32944610515,215.309957694543,17.2890356039843,100.916183318324,8,31.4874007066498
26.0082110629919,438.009369925342,207.076556484657,14.9917203611303,100.261074039828,7,33.0962371068932
25.3943165580008,696.074296862673,152.021200427369,17.2884760581221,99.5575571095259,6,33.5080381004122
22.1358649280393,351.229605627574,209.20297193841,16.1239995115085,100.177809429537,10,28.3358477675151
5.94281197036338,696.479018951507,131.774876614924,13.2622709676785,100.215557793643,3,6.01141300524561
1.16381692215174,548.35444231645,215.018232966076,17.2891464036594,99.2704521343909,3,2.83188676496137
17.1598630638368,619.470261802475,135.04707890156,16.3098196726376,101.627936573794,7,29.4957227027548
5.87288407343026,377.805486849896,47.7076670907325,15.9656719308644,101.156135932647,2,7.26805993679753
21.537476940725,782.635934067608,222.399242347327,14.8828391698312,99.7173346057961,9,32.2521955697831
7.29024241130946,590.576240638298,59.5374136678107,18.5691022734718,100.53061758992,12,7.84242048161934
24.7805057159816,248.279754589125,155.963395663886,14.7153487447071,100.133156731548,10,31.1511577023178
2.34737910842282,683.808983827397,203.289974054108,16.2007336842669,101.397086220856,11,2.90280567672845
3.33221283178153,480.369931450776,177.549700084336,13.5654895495059,99.3706547632704,1,4.17275633036851
23.3396356542144,700.870573000307,160.211882620735,13.8543531423174,99.8230574997905,6,33.4582522237589
2.70951190801675,620.350706605444,264.196548399673,14.270479704999,100.655703675923,11,3.85017389256483
4.88539758433645,779.732842155276,85.9563650687824,18.2462212089556,99.4974145506776,11,4.82539233656632
19.3051383200134,745.50800033547,145.29005946904,14.666498034619,101.694343603115,8,29.4852972688871
16.5022779096195,599.886956953588,205.78392822545,18.3864769738718,100.199681297042,8,26.6713640051936
7.15536682681261,659.256474347009,265.16088266887,15.9367806490625,99.5400088071909,4,9.29826009546426
5.23771321791093,236.031733563234,79.1433229874935,15.9340669374087,101.772871206076,4,7.87016075781581
8.48487506908302,676.933143228364,28.4997663992812,14.3644553085247,100.586424747708,1,10.0222044149864
1.91135726498955,641.156828241889,221.940630980506,15.1692104813278,101.536733974613,11,4.01935380770064
3.58776540008235,765.978015599239,181.296856427441,14.591208287487,98.3162100075439,4,7.26066144878559
4.4650849165978,653.047898109279,131.670395730096,17.1897260046662,99.0407531439247,12,5.14452372850455
6.08625212615951,570.164701413547,248.283461296329,15.1164470645491,100.646213488646,1,5.59803530187786
22.2850275104626,667.050615981008,264.498704356293,18.6862555381293,98.395945188063,10,30.131604896752
22.7296534180079,561.431282594095,113.253245864179,13.2421425528251,101.454348602818,7,32.2021124065675
5.19773722518306,489.617475454943,125.734340054984,13.0341909307562,99.7622184209511,1,7.62114755186186
20.6913836537883,787.884021022151,160.108711745368,16.1070194309587,101.946944130525,8,31.0340046032606
19.8487051241697,496.541804629466,116.536072186966,17.6182018487076,100.737239496898,9,26.4375458561671
28.2731796691276,260.602684594832,131.05030762054,13.7477667110573,98.476819995931,9,31.4017194556365
27.3738068181127,227.37357990536,78.888678854639,16.4736999256599,99.4854946850588,9,28.5251581895408
23.5636092417818,421.338718297031,228.768660070242,18.2409705800421,100.288784691503,9,31.0816338785755
25.68946051508,473.778355587995,131.368935312434,17.2660638105582,99.2969597090551,10,33.1470580837589
22.7764574474944,533.774795873615,246.215829273615,18.597089609158,98.64853445806,5,29.3895672465016
0.707656260083025,241.783755015017,225.34570862925,15.6065233402913,101.563516535312,12,0
26.6090155756719,530.235851809626,144.131843595549,15.5420432648018,99.9946515963238,6,34.2465560412267
1.65090527065487,775.119401526576,70.2577624726257,13.7809279496439,100.447425539045,4,2.98761548542246
5.14120357006879,651.018281767727,23.630770861125,14.3260716093096,100.195744385434,12,6.49057636003011
2.5690529487138,622.039656784633,89.9026400381352,18.2523787834177,99.5374901761652,4,3.81441897351298
23.2127619004422,509.133004263353,222.772333373115,16.8556741393407,101.161311166293,6,32.0362776876124
16.8427227571101,730.612041400923,158.53179395734,17.627670595466,98.8986337644205,9,27.308875616925
32.2804598173229,254.540754028428,212.533964526705,14.1628805858194,101.520999718294,10,36.9318246916518
3.77651257773478,666.474700998607,44.7853203302335,14.7859863028362,100.782112253913,4,2.81866308476283
6.24744039358505,627.962015594565,208.533875810596,13.3671501861604,98.2292463861765,1,8.68338878765768
24.3171497838257,426.985047388879,266.604721044365,15.9868775509091,100.836702895177,7,31.7702579293831
17.4628586015918,494.320884853545,26.5462772386881,14.0110725572881,99.6178891333271,8,26.6080918611881
23.6853670456782,291.195434366041,53.3700106258698,15.3028378787291,101.437105398458,9,24.7102654452073
0,203.743571570472,233.571930900804,16.5676422474998,99.4060462448124,4,0.484531063288896
27.3035241292494,401.454864971819,115.376972439083,18.4886915524516,101.176712385243,10,34.3505341641234
25.9000588733573,402.852943109897,100.391789223416,18.3122034908961,98.2926845525885,10,30.5982397013462
4.42515777874565,512.311027583614,232.399456401594,16.8599347368666,100.353157911503,11,6.88485762272536
23.9191762545235,407.521364825954,240.157707633725,13.1764499468575,98.4726055141318,10,30.2770320107776
25.1200304551764,733.603466796453,268.160068267587,17.6287523541759,101.541766258825,9,37.1155661970298
24.3268117991218,286.58915283585,82.6447068330449,16.0153763276418,99.149386917148,7,30.6929160023936
1.90525685534629,694.348953518257,164.735379084207,15.1985614634273,101.182945951509,11,3.49224157323794
1.47173104805084,526.588376233939,44.7281025766985,18.4821879087246,101.043008128903,3,0
18.3761141684805,332.740615589346,146.053016862267,15.1434366845679,99.105451444285,8,22.3635070613988
22.3999843176187,725.625529873722,229.571786262281,17.881109199009,99.5363898972862,10,33.9844656622681
23.1014955104579,531.842710348794,103.205203817078,17.8183489232672,101.885781740421,10,28.8922995736927
0,257.973197844438,148.103433094037,15.3316850605729,99.9228950214203,2,0
2.34471888356511,719.985746232339,186.559343179028,16.4681230110355,98.4210640239884,4,4.02685124534723
6.21635098408897,363.476670444071,37.8694550876627,17.1753908227225,101.48589656774,12,7.47712151157413
25.3173340635137,542.951121064641,92.0570590485994,14.9812351571551,100.891216308024,10,33.6110782644242
9.71872961353833,607.341910096831,111.811879613343,15.2707900949361,100.960557657616,2,10.0190413594525
26.0003208750159,646.396989590487,248.982744791988,17.3102842621462,98.632933971108,6,33.6501557574817
24.7620037306166,629.947739991861,193.914820501745,17.1022819598197,100.026031039158,10,30.8636039720101
6.39824030193712,698.948430269012,175.633138775735,17.4132465161998,99.1561931555724,11,9.72510875336716
24.3782973970315,662.307285127471,80.0606435517722,15.3079120610558,100.890100859891,7,32.6715152716126
3.18145453760795,313.20808395772,233.444352443567,14.4248872387221,98.8529676886724,2,3.27574147990107
3.270324329833,534.263292593327,76.5099250913759,15.4757404244004,101.794472193336,3,1.00774753381349
3.4562863485017,496.235107101134,212.488450106047,18.8617411031497,98.9171275811614,1,6.63658095048808
1.13529652605167,279.945849814093,88.2512232010261,16.3842619048596,100.536256084913,2,0
9.16604001365075,459.985988581426,256.92156151835,17.1348115109732,99.8984591504641,1,8.32815952392888
19.4881293618357,666.020433995176,33.3935410927304,14.7217517663663,101.757653310672,9,29.1000790551327
20.0924807566455,466.727574792285,48.0039375275488,17.7839581422591,100.827094258243,9,30.301499002715
19.1136891966032,435.26785746187,243.278598465868,18.4560860977747,99.8082710653398,6,24.9569366482257
3.36885991026771,485.788275484101,61.3484602914884,18.2362452839381,99.6869059008116,11,0.788932903334249
2.50147986489825,538.966565969641,166.584163426019,15.1658901798021,99.2073554705172,2,2.99485950229353
2.18195060921708,658.945926670097,109.77002718735,14.3105246435437,101.155601745124,3,4.03632544612134
17.6282878891142,711.960872773632,164.432803299991,16.6051990614311,99.2729019867364,8,24.318289111782
30.3286844643223,373.425135486462,173.418309567709,16.4615855907447,101.103246183471,7,34.2978087095407
7.32835382113267,358.196582804614,138.541669866369,14.0340417857503,98.7330247513175,2,10.2239198035912
2.08998983996462,389.609267864618,144.248169791375,13.09077303596,100.922066381425,11,2.09544171997956
23.4364201809349,719.064632932025,204.351858020192,18.4295728587084,101.45969792674,8,32.6894928855372
23.3059098104215,740.33688968876,65.680760444955,17.9173824879868,100.930978416233,8,33.9304919247609
19.9325545377729,405.097867906988,195.112772199241,15.5869890339928,99.0587398365837,5,27.4151945818685
24.0457794498522,700.062772102578,27.8132474281204,13.49477764589,101.101069326956,8,32.1707332551201
0,526.59948039025,217.129962545848,16.1934055585696,100.468246227196,1,2.57718222068152
8.23356429352984,774.743040484207,121.480770798216,15.6289285871342,98.8575943963505,4,7.31526138894014
17.4268790374557,542.012930726312,190.697857124642,16.9611625721063,101.702829607086,8,22.9316449705244
21.5214291418769,742.488018209431,57.2568872503152,14.6598325998263,100.540698041279,8,30.5179498926529
20.9242039902866,532.694156033405,260.525843504249,15.0909582423598,100.629242101935,7,28.1682376140461
2.79744975760881,409.483064471293,250.563697058605,16.8847747851147,98.9430027245717,1,3.91137215822314
5.95930649453774,709.513339863212,238.910538708569,17.3941830737824,98.5269595329833,4,9.78262822282864
4.83720574369606,402.408035744823,223.981178981617,14.3279734756197,99.7482607328356,12,7.74632584645383
5.66096226815156,673.156517914797,207.651784695279,15.3797474020042,101.38461520393,12,8.31856244671484
20.1412387933818,518.401998284744,25.1310767011106,17.6325946790101,99.2812689779215,10,26.861991268773
4.87351318781092,394.154129097529,137.257064945251,16.703403024427,101.148069379432,1,7.63889225033572
7.13926069952029,485.731614403548,72.2096912087029,13.899813279897,98.1196595279695,1,5.87732980863147
3.73839309821877,743.658640506703,38.4180918961126,15.0340748303238,101.306889764606,3,6.00171541737265
26.3492338080825,378.429105460575,194.251457018072,17.1121627602642,101.487610204597,10,33.8499204729632
1.46186470188162,251.794419711946,268.16718494127,13.269261772638,98.1089868426005,3,3.03059080770088
4.14701927183927,742.321640898498,263.131960039368,18.5846964416445,100.343930763405,3,6.33609042371122
0.392542935967671,270.802418281045,118.016341009278,17.5139806345953,100.018642292268,4,0.623264742505972
27.4222487419591,338.557994553796,77.3108403241669,14.9784455958718,101.404080203486,9,32.2555569148796
24.5226270928934,487.815096778613,170.788382317604,13.5189919447416,99.4857032228283,7,31.7825643792222
3.86718814708031,667.914616352609,53.9200958082165,17.9695010297441,99.4839101340388,11,4.17589651667619
6.14320425475666,786.524437640748,224.477313721851,13.5676311372827,98.9805919150315,1,7.49967914951692
7.26446581531498,312.097865265725,243.910144444345,16.5993697731773,98.5298563237003,1,4.79014497548167
0,339.485434978131,173.119649387517,17.7852990062593,99.6696895270038,11,0
0,797.684986692383,240.873118738162,13.3304474177559,100.091551806168,2,2.18742029572124
20.2703292373271,537.672595593477,70.5432529012427,18.0700646567617,101.052953491804,9,28.479516548566
24.0247914266716,717.030274752429,239.48374485047,13.0737109616326,100.681308738409,8,30.2319756295337
5.65069566494253,419.313321813566,99.9704451706077,18.8310697932062,101.21258883514,3,6.48728085138251
0,373.99878085286,147.886571263348,16.0236295981646,99.5319445416476,4,0.674130920061722
19.388319996382,725.009853643931,250.531856841306,16.6232197557705,101.351662518465,9,26.6310405031624
9.23547414981626,324.00625762464,146.129731536747,18.1635537649731,98.39761164178,1,11.5783024691084
6.60386487377458,359.229559491984,220.234017442549,18.9200389379896,101.51770983569,12,8.54528077018639
4.80827997310183,421.058142030519,73.6123388637129,13.9996974559953,98.6369977852987,1,6.29642174609542
2.96430365071553,401.029426981035,31.9160864340818,13.4187301444197,99.5190788484047,2,3.51129641154176
28.5317122982285,299.896880154545,255.885973583702,18.2877338228606,98.0267673097811,8,30.3226569039495
5.07093185168239,373.837743765595,249.784985771132,14.5239196087308,99.5746961255431,2,4.95561540911752
1.84227780372523,303.990618546864,216.101398582986,15.9884642345228,98.277771383285,12,0.741410637054472
26.5332271670881,519.589064316463,144.042639018779,17.7975546483308,100.969483604575,6,32.2683314931628
2.05630299723248,616.740474766805,77.7975713362949,17.8940173038385,99.6966875889888,1,3.79288959711964
0.773520363169956,509.430325451286,30.1764430725551,16.2675339456008,100.748691402868,2,2.43873763814027
24.0639062432249,242.39968874632,234.370645241786,18.9563514228509,100.786029191667,7,27.2958770663016
3.7284143877443,554.197697171078,244.037808232203,18.6612216309327,100.124828818885,11,6.9017212285043
8.00804428988991,627.744142463612,80.4603242331396,14.3317178103622,98.5489228295058,4,8.31994455208926
30.4983955977382,306.091865530069,183.965677316185,18.3592430233624,99.0782343821891,5,32.071160556415
27.1901838536195,490.669062313993,146.352415232569,16.3008444606155,101.8139147973,7,35.4593725160679
22.1787620895693,782.453169717553,142.923380818844,14.0832534965221,100.197131861746,8,31.6883265732637
19.3443822727094,696.249949597989,140.563898316917,15.4086481675233,98.5617572938441,9,24.7657236758204
5.02418675316372,473.539176879186,148.138077267247,15.0801679004155,101.082284915072,4,5.19357109821154
26.9294248605515,355.444988854233,36.4268626859228,18.1746384679217,100.442131325606,5,31.4054096605722
4.31002873155925,296.157734547104,76.2913293296965,18.3362745941485,101.68166993838,11,0.478851496536883
4.92574579277645,227.50065057875,79.0204128933844,14.4434275889575,98.9859591097382,11,4.47842492141367
23.9255699811577,340.633630655248,120.348523052886,15.1900648117024,98.503712950615,6,29.1102340569605
6.79630569935359,493.017269770333,116.633852674905,13.1666276032506,99.8074077139586,12,8.76938677377273
0,499.111005818248,265.284044266702,13.1831362198414,98.9455731166392,3,2.42157043465797
21.4244313042324,303.58118802908,251.381073366293,14.8343404987497,101.862899768243,10,24.0284801759855
6.0222195639782,472.635415208967,194.415958425597,13.718354298505,100.506260656407,11,4.99010011886985
23.0178234791297,464.642320190571,112.558286167127,18.2108747531531,101.935550315792,7,34.3017924911836
13.8461101628542,685.69755940242,160.913678987064,18.9395616362438,100.223232776221,9,22.1489200266548
0.321224915371749,752.782012009546,139.731671260988,14.9060603345346,100.954566572859,1,1.69176359864848
7.41783826559989,774.371908310498,112.388397323929,13.3461679910686,101.752515797629,11,6.99910992956318
23.5545650052189,492.225493980081,233.66656617881,14.3395587768366,101.602453674855,9,27.9252677440092
22.1398475782491,710.593880298258,213.366825035931,17.0822911257001,101.906878210721,7,28.9337031498376
25.8648576029869,572.121891490679,198.480168902582,15.0659634974909,98.5480668768971,7,34.7059942297699
2.4608412254014,261.026096892191,112.871994034088,16.8639005363606,98.1709882414797,2,2.84252446511079
4.82164469520984,243.718177711312,120.893291806379,15.1155510632753,98.5158531311197,11,4.54986024449876
19.4811548931978,563.052940988632,110.138214853543,15.136454029562,100.505558904461,7,26.4821104892935
22.3055131679328,608.996253284808,192.02366987506,14.4699375522177,100.866151037475,8,29.1744119128031
2.7164739148496,590.982136213742,204.073581527258,18.125548937029,99.4612052479213,3,4.70642275735944
25.6274720398679,490.35114148478,222.149334747208,14.9537873433963,98.8934326153142,8,32.2214258256849
8.99870364236581,555.605231238792,161.704964369546,13.3990135753469,101.154699107637,3,8.98241402629507
20.2196985989007,597.852758011245,94.2915259771031,17.0699053023367,100.927941637421,10,22.6445650771697
11.7492710569476,622.115229102149,220.276370675323,16.9784005725364,100.025443916822,1,11.2428023928372
0,286.372865094183,175.550793699477,14.7600890052892,101.776538258973,2,0.431263485658324
6.51171974288294,485.621795482594,260.810811265073,18.2850877033161,99.0184028150607,3,9.0026187717119
26.9974579450978,398.669105590978,113.237078648623,13.2564227451224,100.87099459717,5,34.6063511663459
6.43653328830085,490.120959588264,60.8768863950117,18.8698923009966,98.6074718016277,11,7.78674855320721
9.30292741358452,436.04568321911,229.455820736775,16.1758463320471,99.7082283138164,1,6.83911708944865
25.4284150307567,243.72875899302,20.4469705158104,13.4028138664576,98.2586402907063,7,30.0919763934488
1.34298660425696,673.971489020878,59.9342588481422,15.0042630300275,98.6572700026268,1,2.92004586391234
21.1590602499089,513.179707809772,172.253202968179,17.058609544795,100.537547334514,5,26.3853837657816
3.61127135888906,724.799830074081,192.640178418325,18.4168859503904,101.410871703239,4,6.44332770334517
5.11641742641831,225.907573139149,83.1657923255906,16.3534819020091,99.4037148321885,2,6.14582572041767
27.615502589507,257.84765932651,28.2821740176106,18.1252464260246,101.631122517993,6,29.5088442172265
20.7328519244848,275.658490499984,158.563768435531,16.737997287483,99.8962179573278,5,26.9105820268021
4.63413135191243,722.100464225446,214.826708488859,14.620297788196,99.6664757885805,4,5.91799978619613
22.410136755616,504.082710985367,267.852408694245,13.0956133696141,100.670307318301,8,28.1847628331413
4.05484764107392,650.348425855134,97.6043822786046,16.5503171117587,101.870037025098,3,5.72314153434992
7.46704661926693,246.318899382141,96.5628245494597,15.9408549804856,100.917710081832,12,6.57760835003491
6.30825174700767,647.695425089498,196.76094207995,15.7886096184343,100.752919362651,3,7.11403002013392
7.87160004764468,246.513111630162,216.386859213547,13.3874747153605,101.293804670935,12,7.80529361980619
9.17537145623512,746.208481002716,91.8412031043775,16.6588526071189,99.0814179926473,2,8.76096456662753
5.51922788359048,507.29215566734,47.5844078749914,18.4960606819228,100.30738853009,12,6.24949246157664
2.61325822672538,775.631831075292,82.6873175502794,17.0448748137433,99.2053604544714,1,2.64130610625808
5.86063395175031,581.04942105528,82.5294797905027,13.6016115267662,100.144031068998,1,7.73017787742786
4.63651504989795,560.978116572579,148.282163617316,15.9430581934671,99.3966558471444,2,5.13308722504958
27.8300710892712,300.036612325663,68.3393284337359,17.7877454803138,100.109471636656,9,29.8475877016108
5.591925192323,579.250289379525,38.6072281779397,18.1248771044202,99.4948683737005,3,4.45486270943613
0,652.356099524781,261.341073286339,14.817996723705,99.8894210091891,4,0
19.9457128652888,566.226710419708,171.601062775062,15.8426372733577,101.048468458219,9,25.2280383591436
5.65236088684837,613.565595701388,24.3131416090269,16.9317997134855,101.096367056283,1,8.19812414683892
18.5208205653296,730.496042973616,198.752508284671,14.5322331372033,100.693066076907,7,26.3117421646208
22.2104993726338,618.026882077502,65.3769015996265,13.3270530155007,99.9251510656181,5,30.1420663634006
9.45082964965861,585.588820754725,118.831316872228,18.0304474416007,99.8956519668906,2,8.46078499428864
2.21795612595547,516.520287465,157.229351777508,14.7129286284826,98.5189873176789,11,4.4938622606766
28.8974418602912,473.227860385115,203.152651562031,15.8083165601038,100.023995544813,5,34.1485376328629
6.664877393267,627.660019095578,260.786061200585,16.5044562966771,100.292564302128,4,8.59343491792957
19.3605441527445,696.831656556079,82.7940104943083,13.0720532187516,99.956322869657,9,27.6907184903747
1.2863602451788,637.078210616142,29.9674937460857,18.8757991715974,100.24764675752,11,1.15842743611917
4.67241074723927,260.088443698891,70.0305247394733,14.1890901051117,100.706329128085,3,1.72869940098328
1.7298923834797,353.781505686586,102.370407511267,17.4497487815983,101.062996115035,2,1.21012765249227
1.85283774701991,568.282703670061,74.2905526722035,18.1593471941921,98.7339182295306,12,3.39347787452276
29.031751015428,540.400406839512,125.614834813375,13.7436049056447,99.2929882579446,6,34.8725024119061
23.1777230232807,750.546618314392,126.941409994637,17.0450425721244,101.787621660746,7,34.8564445104404
18.3272999297893,790.006604345739,257.070983921229,15.5357469737289,98.0436201122528,6,28.7203016433019
22.7279232990933,737.492799500066,257.487853187409,14.7608350227365,101.03906936812,10,31.9226382101105
24.0765270008222,563.492936593217,129.387497003192,15.2110984952878,99.7035056259362,6,30.6262123249767
20.6607339612194,631.655477221562,110.8587502438,16.6963510815192,100.261836255696,10,27.3997462221439
20.0736284982421,709.218368750897,241.035984022908,17.4887738653874,99.7573409719302,7,31.1155020339978
2.64751872845501,287.777402397772,195.245991557378,18.6266648103668,100.969055829225,1,4.55196015464638
20.0850328586742,387.674197687311,241.850249242661,14.798622790705,99.8946319747751,7,27.7292903057396
0.931576650352909,215.013967761633,125.794875323178,16.6907368858321,101.264410628319,11,1.6797086424937
22.5335805777301,574.397957141694,25.4420395915031,16.1174441992354,98.7328501991504,7,30.0773975139202
20.3256699162747,751.595355519812,94.6591315237554,14.0746711834368,98.921274284915,5,28.4692405140228
4.01929123410578,202.860062302071,70.2963392046529,15.247817907907,101.512488974655,1,4.74811373334039
19.4001185571981,275.764894091582,175.253527407707,13.6513750960324,101.131708338607,9,24.9694560227155
22.7097262828009,320.061048875817,167.564700127982,16.1842386507644,100.044016104343,5,27.2426961936722
7.7183130383648,667.553755972118,47.5775218470615,13.898859337056,100.082914262664,4,10.4249821411896
22.429513561066,421.963118934804,220.337863986111,14.7338879217594,98.6095240781346,5,31.4595423320351
22.2893935242964,318.826396732747,190.269996132797,16.6998922318374,99.9843572135599,6,28.3957880731805
22.7145875105599,423.426695137293,123.519966748276,13.4841295591143,101.774924900376,5,27.4268029222595
11.3804558016565,353.779668032375,129.581155048269,13.2890490503002,100.367944023488,4,12.3330957311633
29.911974128464,350.278904081795,136.825357557843,17.5162212309741,100.022458917886,6,35.0230149274522
3.11863621678157,539.504340091466,190.814947835807,18.2636046033622,99.0234848708988,1,4.40544410292184
3.35338248178733,602.239615148684,141.733204895059,15.3508992119934,99.6235946191285,3,5.62875600519527
24.6881297947019,349.617324646886,245.337297663535,16.2121254445458,101.154341253974,6,30.6007587964184
5.76391216719263,529.942557362955,176.869746981205,14.5885573056112,100.404466309499,11,5.33518048589432
26.7581473452229,217.870859764812,110.559255455573,17.0256531799415,99.1963027318067,6,29.6611803095511
17.4570819198981,783.44514819853,214.281363992414,13.6172689280109,99.8975219896779,7,24.9367145613897
0.123510801916945,261.501218793619,164.927641697126,14.579882366135,100.980490067082,11,0.335636100889483
21.1530312637619,535.347824530856,67.1301271792449,14.797152662535,98.2587429678792,10,27.5010500314238
20.4870982642501,798.223100949043,185.977875401659,14.5932495602995,98.2084012561881,9,29.0094427011163
25.3748957168761,393.106601989197,244.080355229366,18.4315556741525,101.337815060541,8,29.5685392426275
21.0376667696628,372.275260488018,135.336448707765,18.480243817267,100.224733852275,8,26.4884064783455
4.28403427067257,643.007560192438,164.767915005877,16.434393426505,98.7761965224743,3,5.43434212118914
0.799681245539133,479.433769728993,38.5671058341191,13.4594628248469,101.097072416563,2,1.28936365815362
1.89510227830807,359.942171723651,34.023561594888,14.8576909535847,99.7550827005488,1,3.06079787808253
3.27578996569843,543.717780641304,84.0286463638657,18.3241652628306,98.0618670070855,2,5.83862093316688
25.3925429055872,696.249168684479,257.600190056938,16.3761095076864,101.360002370168,8,32.3958365956813
26.8382026308395,601.496671749415,46.3297554290805,18.5777260379518,100.053050483203,8,32.8178486592942
5.57670269267757,344.054259664863,99.4591752018075,14.923443399454,100.610512479973,1,3.66755894102984
6.09928878634503,600.686582086533,184.498689098782,16.8698190689094,98.6489527432152,11,8.72220688041426
14.1426268364962,757.928856111201,243.226763754916,14.0625922661166,99.3158244770411,6,23.5535755048004
23.4435464458836,318.282217239397,259.736886454785,18.2728735260726,99.9643508569025,7,26.5751881405206
2.1076979966879,591.064266338582,180.183974020536,18.8021689474009,100.397473613454,1,3.72392286794852
1.60171971285008,499.747883981866,31.2393347888649,16.8362679406311,101.643681639627,11,2.77370039042429
1.6593564657193,598.008975184523,129.910534103023,16.3361640720073,99.5019198502802,1,0.735946282356458
0.741070691216731,282.633411239924,244.635322431403,18.566228797855,99.6422765772844,3,0
22.6651106096833,339.708505664745,96.7259706961704,14.4211706849682,100.617698349878,6,25.6792889519895
24.4888261606307,408.57231044741,21.4261943557852,18.2639548474203,100.353338391903,6,31.1826894991385
18.4762095645169,703.761631605314,250.949422462079,13.4481686771015,98.437581909623,7,27.8270625093446
5.83088274730722,430.59832871204,242.647433247322,15.271006895057,101.206435075808,12,3.51197289940783
3.18720063493116,402.455823095271,202.063001002084,17.1726871743546,101.448029234399,1,3.51338659100299
27.6900528229559,644.971039679141,61.675269066539,17.6350165069653,98.5942861861465,9,39.103142138174
26.7145357650273,283.235814738137,199.475420029607,15.2636405301988,99.0356306655485,6,31.725452397307
25.6607203449894,391.993224075928,51.3560386714539,17.774450208146,101.216914684588,10,30.2547570556953
25.5568866297146,530.490369304695,82.2081650499446,16.6835702040953,101.312936931206,9,31.9123441213339
20.7194993540991,407.821177965456,26.0247419945313,15.9369539554061,99.3739763135572,10,27.9612085028722
6.23951578609673,558.757320070666,73.798733277275,14.9122332389576,100.740665290855,11,4.05584528075047
22.8527811443781,560.905717194214,241.787356824109,16.7487833096511,99.3188109514196,10,28.5768199077031
5.98857729076835,284.77907893767,206.681424221607,18.9485931773032,101.164699250521,2,7.02499509211482
25.4196139718919,280.054701529963,189.242003590125,17.4943978509968,100.295778652057,7,32.4833477042865
27.8662417363743,670.565067361947,170.441605522025,13.4840777244349,100.316028749599,10,33.9527165491128
25.8873981112796,450.419032773302,74.6193005359474,13.9306062476391,99.5740490758039,10,32.9286142786216
5.7080077143179,289.486587760069,41.6780335300778,18.7537048443349,101.766282686986,12,5.60034310891562
23.7174512699915,245.844377252667,83.3503995098747,14.6851273991652,99.8700168800942,5,27.9501299150194
1.78237725304671,451.34686769308,234.676104467511,18.809916590267,98.3984426023167,1,3.8254396078412
19.0303108002292,705.282620465298,149.118705906168,14.2963340335964,98.2966818369282,9,28.9944212876705
0.66351096668994,323.068726607196,37.58387454784,14.3030985522543,98.9520556156236,4,0
20.4371040399043,797.015075526849,90.9910654845236,18.8324838737065,99.1768747988917,8,28.5546961065213
6.62168568771978,212.521975946525,132.791589571639,17.039033586659,100.513924891769,1,7.6128531540232
22.0034303192602,556.125327216351,64.0105399851088,18.3906367709402,101.169671090582,5,27.7233557065111
23.2134823395008,619.474933415829,46.7684077832007,18.6852123605261,101.224588424623,8,31.1638551461233
4.10118440396017,519.363528043065,142.394997137175,13.4068810285357,101.003122240197,2,4.32415648192864
0.926336316027013,355.49950470932,238.933010331819,14.1903640402734,98.122642597028,4,2.99274538188187
7.6250954306255,389.868270464478,77.8575689042333,13.8428292821657,98.0681574192012,2,7.05419469613567
3.64006309655442,532.322181673327,128.645882984361,14.7802002022831,99.112618092076,11,5.4043469639911
23.7514891157119,737.207917419542,219.47737807031,14.0926820656076,100.381415699544,10,32.0150955952095
22.1504183445547,451.840524652064,161.309604854363,14.5403184779093,98.5589771917418,8,26.6988602415366
26.6662204380658,406.899499938049,177.756862984346,15.0161557880816,98.7288726004455,7,30.6628354967664
0,440.225512736014,198.73148471759,13.9049834676594,100.220446028074,12,2.17880143342347
3.59715037272803,799.597667042052,223.585160638822,15.0288768565426,100.32689268121,4,5.87468446482823
27.8821697527827,359.890808897036,33.3563701841862,17.7463472229428,99.1619204874082,9,30.0626694897186
0,302.827489370087,162.714341906778,17.1804416876796,99.5148082209972,2,4.18001053235095
20.3883267664345,735.72000499652,41.7182785080378,13.4640060364382,100.975483158218,8,28.5401750045844
3.81410109600882,275.280852007726,59.9706173411287,14.6748871963434,101.194379075543,3,5.70950205749771
0,703.662052525994,32.8720867579685,15.2534900340075,99.48324398766,1,4.03452051199461
1.86730732354301,575.152942419366,63.7658976675993,18.6289769945145,100.673634344939,11,2.72329241033091
2.477767809653,774.777545156292,238.387997941845,15.8471338752331,100.131466755626,4,4.45419650525049
8.5748726676916,390.665151386249,62.3115819068589,16.1118339761128,100.88865907704,12,7.028368084956
18.455091496337,713.395768651174,25.3925014473915,14.3052208280472,100.295889945435,9,26.7763038316437
27.3078598820181,252.49499089127,83.538004728515,13.2597204688754,101.164743656216,9,33.282906550164
19.6299944044638,669.404305803326,212.324211892871,15.7729746153386,98.4886921173321,9,27.0922049693806
5.67034135998745,396.30318525894,152.462877171902,15.5285201569762,99.2662561473054,12,8.67198769743075
4.64792206325293,476.346959124759,156.105688351887,18.1634720029133,101.541790489906,3,8.06929096715947
5.86757725017695,678.235058351335,185.11974074484,17.2677270304479,98.1354379707826,12,4.44114289536386
2.56643925369514,580.941784001609,98.307484688194,15.8477488709793,99.922304553055,4,1.43874993058516
7.98795812114833,474.947255899911,217.366182703428,13.1991129510036,100.035149316336,2,4.49222377841401
5.03885581776026,375.560336552587,143.297248509519,18.2219512517313,100.665766546908,12,4.28748181015489
7.543981170983,653.254314948136,97.1330445285315,14.3351129052311,101.017937760467,2,9.3638037113736
26.1935955756107,479.49565406584,85.5386301399795,15.7737430706554,101.957560892372,6,32.4698032022696
3.08421346086174,346.788791841921,265.705311749869,16.1937485167094,99.3247044497172,11,2.13239048378797
6.33516730601242,435.260793598459,216.738526013005,16.2985819102378,101.193413334207,4,4.52286068709614
18.5011828199851,677.574748330082,158.991433761896,16.640212649569,99.0915790420329,9,28.6238343693424
26.1677674493219,235.174318408495,148.323988057623,18.2013196806891,98.6711702237629,8,27.4089402951441
23.2120481594018,393.34281070514,171.801368543351,14.3308562151653,99.9275204775827,9,28.9902222497862
7.27034490296857,636.434479525634,26.0618912790651,18.8280470301011,98.0787317823697,2,7.47417189546044
22.856963655033,567.599819895637,40.8506005194947,15.6170010935384,100.795924080905,9,29.3663522130696
3.94963440815837,463.681552734977,182.068397398423,18.1390562322477,101.663917476749,11,4.01930386329196
8.89887718602989,293.429851085072,188.208232126378,17.2690843108652,99.3968163675856,2,9.65756910594054
0,228.556840312625,242.32818209623,17.030228491223,98.2718772992879,12,0.184246419778009
0.156941694371498,440.642713590817,173.964696324176,14.1582394707659,100.233827274807,12,3.0398346680039
0,612.978867805028,205.640410300245,18.205364383536,101.079472490228,4,1.77499135352327
8.19853373849949,360.718444810877,161.338930190842,13.5745487637226,101.004149646622,12,7.26037206569462
2.51966289610352,741.235202104585,120.429677390832,14.8848816055467,100.262190532571,12,4.78219430024814
0.982875183287075,571.703197267159,134.099548991221,13.6583649895049,101.259281145012,2,2.44467884734006
22.8636363894195,473.143802662234,258.437905866656,14.7129505945913,99.6213619534244,9,29.7908603588183
3.64839097586245,652.82442830382,253.138248989762,18.0874922922788,100.865575793127,12,3.64600232304638
25.920682634531,379.805710727634,240.773682189252,18.1161286733241,98.897058399801,10,32.6206905573998
7.13347669578593,736.377448787734,163.239422089496,17.9540428527481,99.6834800523635,2,7.9128822721429
26.3896556591122,420.492855707454,73.4977956712083,13.9712787571201,101.824170405568,5,30.8219646412311
23.4298488372044,203.161217858294,39.6207661547761,16.1230128091371,99.1914231079602,7,27.0262958940098
18.9021180736194,787.128881563264,247.473065592638,16.9194910799894,98.6849426689197,5,25.0798438783678
23.9550882492891,497.649448643821,45.7311087029389,18.6719858107821,99.9968604682498,5,31.5085858617253
5.27333304443449,742.155601417886,108.916627361005,15.7101500660801,99.3921076748171,2,7.29361914127651
4.90465191115808,265.419363645539,223.279172219931,16.6023307721158,100.375403265195,1,3.52723079605896
7.62129815300373,319.943305517036,71.5840462030367,15.1440382209802,99.8480980282465,4,8.19830951618024
23.2061242611916,490.231165529713,219.336841375068,18.0107416449948,99.9523239798703,6,28.5110810703054
22.4611682155824,737.249630651353,79.2957541247375,18.2899597066606,100.763462993992,7,30.1479223233021
2.65964952408256,255.217475200746,216.155090634203,18.6679391926441,100.99682776113,12,3.25838070926112
0,523.093244387371,197.887692652791,18.605836156715,101.680873552026,2,1.9145164506353
21.7327161190364,654.866127966712,91.54060274789,13.4876532961948,99.0655728024686,5,29.3080089213856
3.43308671025957,434.246301189121,104.321332529633,17.4008145030158,99.356583677194,11,4.45711619418802
28.1619560453014,467.193346210468,110.654512528532,15.7354495806939,99.2625310507784,10,32.6192064214409
5.74233913723648,760.246733983488,164.402233095517,18.5105097054715,100.473688421614,2,2.45995956275456
24.3857439128917,522.220403643796,246.649391112273,15.5221602000067,98.5623652226282,9,31.7826608868843
